:020000041000EA
:10000000002008205D0100101B0100101D010010E0
:100010001101001011010010110100101101001058
:100020001901001019010010190100101F01001022
:10003000110100101901001021010010230100100E
:100040001101001011010010110100101101001028
:100050001101001011010010110100101101001018
:100060001101001011010010110100101101001008
:1000700011010010110100101101001011010010F8
:1000800011010010110100101101001011010010E8
:1000900011010010110100101101001011010010D8
:1000A00011010010110100101101001011010010C8
:1000B00011010010110100101101001011010010B8
:1000C00011010010110100101101001011010010A8
:1000D0001101001011010010110100101101001098
:1000E0001101001011010010110100101101001088
:1000F0001101001011010010110100101101001078
:100100001101001011010010110100101101001067
:10011000EFF30580103800BE00BE00BE00BE00BE7A
:1001200000BE00BEF2EB88712887001048870010DF
:10013000A001001090A31AE7D3DEFFFF42012110B7
:10014000FF01000000260200793512AB4FF00000DD
:100150001E49086006C881F3088810474FF05040D8
:10016000006810B14FF00000F2E70DA40ECC00299A
:1001700002D000F012F8F9E71549164A002000E015
:1001800001C19142FCD11449884714498847144958
:10019000884700BEFDE701C901C29A42FBD3704700
:1001A000488700101001002000A10120382702100C
:1001B0000000082000000820382702100010082046
:1001C00000100820000000007047000008ED00E06B
:1001D00000A10120C0BA01203544001045020010E2
:1001E000F5430010F8B500BF064B0749C91A89103E
:1001F00048BF0131491003D0044B0BB101481847E7
:10020000704700BF00A1012000A1012000000000F4
:1002100008B5054B1BB105490548AFF30080BDE8A3
:100220000840FFF7E1BF00BF000000005CBA0120FA
:100230004476001008B5024800F076F908BD00BF0A
:10024000B4B1012000B583B004F0F0F907F09EF8D6
:1002500019491A4800F06CF90021084606F008FE1A
:1002600000F03DFC164C3023009394E80F0000F0A2
:1002700009FC94E80F0000F04FFC1249124800F00E
:10028000ABFC00F0ADFC1E2002F03AF81E244FF04B
:10029000010545EC44404FF0000343EC4040322060
:1002A00001F038FC45EC404000F020FB00214FF00D
:1002B000FF3005F009FEF7E700002050B4B101203F
:1002C000388200109A960100D009002008B5FFF787
:1002D000B1FF08BDC36823F47823CA0302F478226F
:1002E0001343C360036923F47823090943EAC13344
:1002F0000361704708B53F2906D8036823F4FC035F
:1003000043EA4141016008BD034B044A40F21B111E
:10031000034804F073F800BF487600105C760010C4
:100320009876001008B5102906D8036823F4F03336
:1003300043EA4131016008BD034B044A40F22911F0
:10034000034804F05BF800BFF0760010107700104F
:100350009876001000B583B0014600230193102366
:10036000019303F5FC03019301A8FFF7DBFF019B59
:1003700023F00C0242F00802019223F4F85222F01A
:100380000C0242F0080201920C4A1A4042F00802A4
:1003900001920B4A1A4042F00801019142F0090211
:1003A0000192084A1A4042F0090201920648184098
:1003B00040F00900019003B000BD00BFF3E0FFFE74
:1003C000F3E07FFEF3E07FFCF1E07FFC2DE9F04FEE
:1003D00087B006468B4690461D469DF840709DF8B6
:1003E000449000F12F4404F56004C4F3075406342C
:1003F000E4B22146184601F04FFF2146384601F08D
:100400004BFF2146484601F047FF0022114628468F
:1004100001F05EFF00221146384601F059FF00222C
:100420001146484601F054FF0DF1040A00240194DE
:1004300002940394049405944FF0FF3305934FF412
:10044000803301934FF4F83302934FF480230393E6
:100450004FF44023039308F1040208F10F031B0338
:1004600043EAC213029329465046FFF733FF039A2B
:1004700022F0FA7323F4803303930E4B134043F0BE
:1004800000430393534642465946304602F09FF9D3
:10049000012303FA05F503FA07F73D4303FA09F3CD
:1004A0002B4322465946304602F034F907B0BDE8E6
:1004B000F08F00BFFF3F0A3E38B502E04FF05043D7
:1004C0009B6D4FF050431B6D13F0010FF6D1134D90
:1004D000D5F80C33012404FA03F3114AC2F80434AA
:1004E000D5F8103304FA03F3C2F804340D490A2096
:1004F00001F0AEFC21460A2001F098FCD5F80C333F
:1005000004FA03F34FF0A042C2F850346A68A968B5
:1005100013688C402343136038BD00BFB4B1012081
:1005200000200050790600100022027042707047CF
:1005300030B58BB004460591012002F007FCC4F8E9
:100540000C03012002F002FCC4F81003D4F80C03E1
:10055000FFF700FF0990D4F81003FFF7FBFE0890A7
:10056000099B23F00C0242F00802099220F00C02D1
:1005700042F00802089223F03C0242F0080209927D
:1005800020F03C0242F00802089223F0FC0343F002
:100590004803099320F0FC0343F048030893012328
:1005A0000293032301931723009306AB07AA05A91F
:1005B0002C4802F04AF908B90BB030BD182301935A
:1005C0001723009319239DF818209DF81C100598F7
:1005D000FFF7FCFE059B6360079AA26003F12F43BF
:1005E00003F560031B0DDB000433D3181D461946C9
:1005F00009A8FFF77FFE294608A8FFF77BFED4F87D
:10060000101309A8FFF78EFED4F80C1308A8FFF703
:1006100089FED4F80C3304F10C00079A02F10801AA
:10062000059A02EB81029B0103F1A0431A60586016
:1006300060209860099A1A61D4F8103304F5C674E2
:10064000079A02F10801059A02EB81029B0103F16E
:10065000A0431A605C609860089A1A61024804F02E
:10066000A7F8A9E7FC800010B90400100C3070470F
:1006700000F5C670704700004FF0A043D3F80C148B
:10068000174BD3F80C3301229A400A4210D00120B4
:1006900094464FF0A042C2F80CC4124A9B0103F1E9
:1006A000A0435A604FF0000C02F80BCC02F80C0C7F
:1006B0000B4BD3F8103301229A400A420FD001218C
:1006C00010464FF0A042C2F80C04074A9B0103F108
:1006D000A0435A60A2F5C67300221A705970704781
:1006E000B4B10120C0B1012040B3012008B5002001
:1006F00005F018FF024B00221A705A70012008BD45
:10070000B4B10120012070478B88DBB2812B17D157
:100710004B78812B16D14B881B0A012B01D000206E
:10072000704700B583B0084B1B68ADF804301B0C54
:100730008DF80630032301AA06F018FB03B000BDB4
:100740000020704700207047507700108B881B0AEC
:100750004A88022B01D0002070474FEA122CBCF1CE
:10076000010F01D0002070474B78812B01D0002071
:100770007047D3B2022B01D90020704700B583B077
:100780001A46054B9B5C8DF8073001230DF10702DB
:1007900006F0ECFA03B000BD80A201208B881B0A92
:1007A00048884FEA102C022B01D000207047BCF182
:1007B000010F01D0002070474B78012B01D00020A1
:1007C0007047C3B2022B05D818461278024B1A5450
:1007D000012070470020704780A2012070B50446B8
:1007E0000D464FF0000E47E0384901EB820191EDD4
:1007F000007A374901EB830CDCED006A27EE267A9C
:1008000077EE877A013A0133002AEDDA1E220FE0F3
:100810002E4901EB820C9CED007A2D4901EB830CF3
:10082000DCED006A27EE267A77EE877A013A01330B
:100830009642EDDB0136274B1E601E2E01DD0022A5
:100840001A609FED257AF4EEC77AF1EE10FA09DC12
:100850009FED227AF4EEC77AF1EE10FA04D5DFEDBF
:100860001F7A01E0DFED1C7AFDEEE77A17EE903A91
:1008700024F810300EF1020EAE4525DA704634F938
:100880001E60174A1368174931F913C024F81EC0B7
:1008900021F81360013313600E2B02DD1346002292
:1008A0001A60013034F9103007EE903A094B1E6897
:1008B000F8EEE77A054B03EB8603C3ED007A324688
:1008C0000023DFED097A9FE770BD00BF84A20120FD
:1008D0002481001020A3012000FEFF46000000C775
:1008E00024A3012000A301200000000000B5B1B046
:1008F000394B1B782BB9384B5B78002B36D131B094
:1009000000BD002005F024FE03899BB2428992B20B
:100910008188981A00280BDB83B29942EBD9C91A57
:1009200089B2BF29E7D92C48FFF7A0FE00230EE0CB
:10093000480080B29B1A10FA83F39BB2EDE750F89F
:10094000231030AA02EB430222F8C01C01335F2BB4
:10095000F5DD60216846FFF741FFC02269460020AF
:1009600005F0CAFD1C4B00221A70C4E7002005F0F8
:10097000EFFD03899BB2428992B28188981A0028C0
:100980000BDB83B29942BAD9C91A89B2BF29B6D949
:100990001148FFF76DFE00230EE0480080B29B1A5D
:1009A00010FA83F39BB2EDE750F8231030AA02EB64
:1009B000430222F8C01C01335F2BF5DD602168463D
:1009C000FFF70CFFC0226946002005F095FD024BA1
:1009D00000225A7093E700BFB4B10120004870476D
:1009E0002482001000487047B881001010B560B92B
:1009F000124B40F209425A800120431C5B009BB21B
:100A000043F440730D48038010BD042814D80C4AE9
:100A100052F82040204606F0A7FDC0B21F2800D99A
:100A20001F20002305E05A1CE15C044B23F8121040
:100A3000D3B29842F7D8E0E70020E5E7ACA3012065
:100A4000A081001008B507EE902ABCEEE77ADFED32
:100A50000B6A77EEA67AF8EE476A77EEE67ADFED74
:100A6000086A67EEA67AFCEEE77A17EE903A9BB238
:100A700017EE102A02F0A6F808BD00BF00000037EC
:100A80000000804700B585B00DF1100C0CE90F0097
:100A90009DF81830302292FBF3F207EE902AF8EE20
:100AA000E77A17EE902A09219DF80D00FFF7CAFF9B
:100AB0009DF80E0000F08CFA002005B000BD10B5C6
:100AC00084B004AC04E90F009DF80E40204600F00D
:100AD0007FFA204600F0AFFB002004B010BD08B53F
:100AE000012000F075FA002000F072FA092000F0F1
:100AF0006FFA012000F09FFB002000F09CFB092012
:100B000000F099FB012000F074FA002000F071FA67
:100B1000092000F06EFA08BD10B586B08DE80F0010
:100B200000238DF81730294B1C78002C4AD1DFF8B0
:100B3000A0C0EE469DE80F008CE80F009CF80E3038
:100B40001F2B3BD84FF05042116B03F01F030122C3
:100B500002FA03F30B4236D09DE80F00FFF7AFFF18
:100B6000002830DB1A481B4B82794FF0FF310079A7
:100B700000F04CFA002826DB154C207A00F028FA09
:100B8000207A00F058FB0220002101F0B9F8A07B88
:100B900000F049FB40F21450002101F0B1F8207A36
:100BA00000F041FB01210DF1170000F0CDFA207A91
:100BB00000F041FB0124054B1C7004E04FF0504253
:100BC000516BC2E70024204606B010BDB9BA01201F
:100BD000A4B1012040420F0008B500F0B5FA08BDED
:100BE00010B582B000230093CDF80330184B18786D
:100BF00008B902B010BD174C207A00F014FB012098
:100C0000002100F075FF207A00F006FB207A00F04A
:100C1000F0F900240C2C0ADC0121684600F094FA5B
:100C20000C4B187B00F011FB08B90134F2E70721E7
:100C3000684600F089FA00F0ADF9054B00221A7001
:100C4000044B987B00F001FB003818BF0120D0E76F
:100C5000B9BA0120A4B101201F2809D84FF0504390
:100C60005A68012383401A4214BF012000207047B4
:100C70004FF050439A682038012383401A4214BF32
:100C800001200020704710B4C36823F01F0301F057
:100C90001F0C43EA0C03C360046924F01F0C4CEAE8
:100CA0001111016123F07C7343EA0253C36010BC4D
:100CB0007047C36823F4F8438A0202F4F8421343EE
:100CC000C360036923F4F843090943EA81230361FC
:100CD00070470022026042608260C26002614FF091
:100CE000FF3202614FF4803202604FF4F83242600A
:100CF0004FF4802282604FF440228260704738B502
:100D000004460D46FFF7E5FFAA1C63686FF3D01396
:100D100043EAC51141EA02316160E36823F06043B0
:100D200043F08043E36021F0C04141F080416160C5
:100D3000204638BD84460020012816DC002100EB47
:100D400040020B4B03EBC203DB688B420BDD00EB75
:100D50004002074B03EBC2039B6853F82130634505
:100D600005D00131EBE70130E6E76FF01500704781
:100D7000488200104FF0000C01E00CF1010C01EB77
:100D800041020A4B03EBC2035B6863450ADD01EBDA
:100D90004103064A52F8333053F82C308342ECD1E9
:100DA000084670476FF01500704700BF488200107A
:100DB0004FF0000C01E00CF1010C01EB41020A4B79
:100DC00003EBC2035B6963450BDD01EB4102064B9C
:100DD00003EBC2031B6953F82C308342EBD1084666
:100DE00070476FF0150070474882001038B5044610
:100DF0000D4901F0F7FB054608B9284638BD00212A
:100E0000204601F0D3FB094B1860002808DB084B93
:100E10001C600549204601F0FFFB064B1860ECE71B
:100E200000231D46E9E700BF08830010B0BA012087
:100E300078BA012074BA01202DE9F04389B0344812
:100E4000FFF7D4FF20B93348FFF7D0FF00285CD06C
:100E500003AFDFF8D080D8F800103846FFF74FFF17
:100E60002D4D012229683846FFF70DFF2B4C2168D4
:100E70003846FFF71EFF4FF480330393059B23F0A2
:100E8000785323F4202343F0805343F40033059335
:100E9000DFF89490224E3B46D8F80020D9F8001095
:100EA000306801F094FC3068D9F80010036801271D
:100EB00007FA01F21343036000973B462A6801F0EA
:100EC00035FC00973B462268D9F80010306801F0E5
:100ED0002DFC316801F12F4101F56001C1F307518B
:100EE0000631C9B2286801F0D7F9316801F12F4104
:100EF00001F56001C1F307510631C9B2206801F064
:100F0000CBF9002009B0BDE8F0836FF00400F9E7E9
:100F10000000305000002050D0B40120C8B401209F
:100F200078BA012074BA0120B0BA0120F0B583B0BC
:100F3000124C2068124D29680368012606FA01F256
:100F400023EA020303600027009733460D4A126824
:100F500001F0ECFB009733460B4A126829682068C1
:100F600001F0E4FB094B1A680949206801F06CFBA9
:100F70002968206801F00CFB03B0F0BD78BA0120AD
:100F8000B0BA0120D0B40120C8B4012074BA012045
:100F90000883001008B50B4B1B787BB10A4B1B78FC
:100FA0003BB1FFF7C3FF0020064B1870064B1870CB
:100FB00008BD064B186801F0EFFCF4E76FF0150070
:100FC000F6E700BFBABA0120BCBA012098A50120FB
:100FD00010B5044601F094F900221146204601F0B4
:100FE00077F94FF0000343EC404043EC44400020CD
:100FF00010BD10B500244FF0000343EC440022461E
:10100000214601F065F9204610BD00002DE9F041B0
:101010009846454B1B78002B6BD105460E4617466C
:10102000FFF788FE041E43DB21463846FFF7C0FE6B
:10103000002861DB3D4B1E603D4B1D603D4B1F603A
:101040003D4B1B78002B44D19E4205DB21463046A8
:10105000FFF790FE002854DB2846FFF7B9FF002871
:1010600052DB002E04DB3046FFF7B2FF00284DDBD9
:101070003846FFF7ADFF00284ADB2846FFF7B9FFE7
:10108000002847DB002E04DB3046FFF7B2FF0028C4
:1010900042DB3846FFF7ADFF00283FDB1CBB274B88
:1010A000274A1A604146254B186801F0CDFC14E030
:1010B00000212846FFF75EFE041E03DB1E4B0122C3
:1010C0001A70B1E701212846FFF754FE041EF5DA35
:1010D00006E0FFF7B1FE002811DB134B01221A7066
:1010E0002046BDE8F081012C1AD1144B154A1A6034
:1010F000D8E74FF0FF34F3E76FF01504F0E704464C
:10110000EEE76FF01504EBE70446E9E70446E7E78E
:101110000446E5E70446E3E70446E1E70446DFE783
:101120006FF01504DCE700BFBABA0120CCB401208F
:10113000D0B40120C8B40120BCBA012098A5012078
:101140000000084000800840F8B52B4B1B78002BAE
:101150004FD005460C46294B1B784BB34FF0000E81
:1011600013E0274B1868274B196815F80E603606F0
:10117000426801F1100C012303FA0CF31A42F7D173
:10118000043140F821600EF1010EA645E9D31C4B55
:1011900019681C4B1A68486818320123934018429A
:1011A000F5D08B608A681A42FCD000242046F8BD36
:1011B000154E0121306801F06FF80121134F386896
:1011C00001F06AF80121124B186801F065F8224617
:1011D0002946104B186806F00BFA04460C4B1868A9
:1011E000FFF707FF3868FFF704FF3068FFF701FFDC
:1011F000DCE76FF01504D9E7BABA0120BCBA0120C8
:1012000078BA0120B0BA0120CCB40120C8B40120C2
:10121000D0B4012098A5012008B50022012101F0D9
:1012200057F8002008BD4FF0010343EC400043ECA9
:101230004400002070474FF0000343EC40004FF0A3
:10124000010343EC44000020704708B5FFF704FD9C
:1012500008BD00000FB400B583B0084803F0E8F9FA
:10126000049B3BB105A90191184603F0F1F904482C
:1012700003F0DEF9012003F0BBF800BF7C7700101B
:101280008C770010EFF3108072B6064BD3E8CF1FB7
:1012900001220029FAD1C3E8412F0029F6D1BFF37A
:1012A0005F8F7047F7A301200023034AC2E88F3FF6
:1012B00080F31088704700BFF7A3012070B5054682
:1012C0000C461646FFF7DEFFE208A95C04F0070CA7
:1012D000012303FA0CF3194205D1DBB20B43AB54E3
:1012E000FFF7E2FF70BD21463046FFF7B3FFF8B5C8
:1012F00005460F4614461E46FFF7C4FF00E00134C2
:10130000B4420ED84FEAD40C15F80C1004F00703C1
:1013100001229A401142F2D1D2B20A4305F80C20C0
:1013200001E04FF0FF34FFF7BFFF002C01DB204648
:10133000F8BD002FFBD00698FFF78CFF38B50546A7
:101340000C46FFF79FFFE1086A5C04F007040123E5
:10135000A3401A4205D022EA03026A54FFF7A4FF11
:1013600038BD034B034A3321034803F047F800BF5D
:101370009077001018830010B0770010054A10789D
:10138000431CDBB21370172B02D9134610221A70BC
:10139000704700BF6AA0012000B583B00146044B2E
:1013A00000931F2318220348FFF7A1FF03B000BDDD
:1013B000F877001060A501204FF0E022936843F019
:1013C0000053936070470000002305E0044A1A446C
:1013D0000021C2E88F1F01331F2BF7D9704700BFD0
:1013E000ECA3012008B50023DB8A002242E800F2CA
:1013F00012F4800F02D11021984708BD04219847AC
:10140000FBE70000034BD3F82838002BFAD0BFF3DA
:101410005F8F704700000E40002207E0054B134429
:101420009B00BFF35F8F002119600132072AF5D9B5
:10143000704700BF0382031008B5FFF7EDFF08BD3A
:101440000246EFF30583DBB2103B990804D0034852
:1014500003F00303136070470148F9E700800B4075
:1014600000000B4000B5D0F828C0A2EB0C0E0B1DFD
:1014700050F82330A3EB0C039E4506D3D0F820C0D0
:1014800001238B401CEA030F02D1043140F82120D4
:1014900000BD41EA004070470D4B1A68EFF3108120
:1014A00072B6D2E8CFCF0120BCF1000FF9D1C2E86B
:1014B0004C0FBCF1000FF4D1BFF35F8F1A6800230B
:1014C000C2E88F3F81F3108840BF002000217047A1
:1014D000ACBA01202DE9F04F85B003A8FFF7B0FFAB
:1014E000954B984214BF00230123039901EB83031A
:1014F000924A52F823402378994206D105460122A8
:101500008A4000F541535A602CE18D4B8D4A92215F
:101510008D4802F073FFD4F8149006EB46074FEAAB
:10152000C70A09EBC707D7F808B0D7F80C802846D8
:1015300000F0B4FBB0EB0B0061EB0803002BC0F232
:101540001A81B8F1000F64DB3B691A4600937F4BA8
:101550009A4230D0798889B2B4F90800FFF799FF30
:101560007969009B9847009001910099019A51EA8E
:1015700002034ED01346002A29DABBEB010268EBC6
:101580000308BA60C7F80C8039F90A70002FC0F25E
:10159000F280D4F814E007EB47030EEBC30399681D
:1015A000DB68511A68EB0303002BC0F2E480A44609
:1015B0002CF8087F17E07A69136900921046984763
:1015C00038B3009A1368009353680193CDE7284617
:1015D00000F064FB009B1A18019B43EB0108D0E765
:1015E0009C463EF90B70002F0EDBBCF9003003EB7C
:1015F00043034FEAC30B0EEBC3039868D968101A74
:1016000068EB01010029EBDA29F80A70ACF80060F8
:10161000B1E039F90A3023812369EFF3108272B601
:10162000D3E8CF0F01210028FAD1C3E8401F0028DA
:10163000F6D1BFF35F8FB4F9023029F80A30668023
:1016400021690023C1E88F3F82F3108893E023696A
:10165000EFF3108272B6D3E8CF0F01210028FAD140
:10166000C3E8401F0028F6D1BFF35F8FB4F80480B1
:101670000FFA88F84FF6FF73A38021690023C1E8B1
:101680008F3F82F310881AE01F4630F90A60002E5F
:101690000FDBB7F9003003EB43034FEAC30A00EB5B
:1016A000C3039968DA68BCEB01016EEB0202002A01
:1016B000EADAA7F8008030F9098020F80960B8F16B
:1016C000000F5DDB606908EB48034FEAC30900EBDC
:1016D000C303D3F808C0D3F80CE004F10807B4F949
:1016E0000860D4E70023A37104F1080CB4F90830B2
:1016F00010E04FF0FF384FF0FF39C0E90289B4F92C
:101700000800984205D0ACF80020B4F90800C8538E
:1017100023811346B3F1FF3F35D0616903EB4302E8
:10172000D70001EBC20031F93220468816F4004F91
:10173000DFD18446EDE700BF00800B407CBA01207A
:10174000147800104083001040780010D514001069
:10175000284600F0A3FA3F1A66EB0106012F76F146
:10176000000628DA039A01239340EB63B4F908607A
:10177000002EBFF6D0AEA38813F4004F3FF467AF3E
:10178000A379002BAED1B4F90830002B13DB6269CA
:1017900003EB430302EBC3039F68DE68B6F1FF3F30
:1017A00008BFB7F1FF3FD3D03A46334603992846E6
:1017B000FFF758FECCE740BF05B0BDE8F08F00BF93
:1017C000F8B504460D4611460A4B984210D0002643
:1017D0002E44012707FA05F52562304600F038FB54
:1017E0003946304600F022FB04F501542560F8BD6F
:1017F0000426EDE700800B40F8B504460E46174678
:101800001D46C160FFF7BAFD164B034423612770E4
:10181000ABB263814FF05042127862704FF6FF72A4
:101820002281A280013B63804FF0000C08E00CF1A4
:10183000FF300CEB4C0E636923F83E000CF1010CF9
:10184000AC45F4D3084B9E4214BF0023012307EBA1
:101850008303064A42F82340054A39463046FFF7DB
:10186000AFFFF8BDECA3012000800B407CBA012043
:10187000D514001008B5054B1B690BB1034808BD12
:10188000034B044A6521044802F0B8FD6CA0012016
:10189000807800102883001040780010F8B50446C6
:1018A0009E460069EFF3108172B6D0E8CF6F012534
:1018B000002EFAD1C0E8465F002EF6D1BFF35F8F4D
:1018C000B4F90250666905EB4500C70006EBC0009D
:1018D000002D03DB36F907C0A4F802C04FF0000C5E
:1018E0002369C3E88FCF81F31088654533DB069900
:1018F0000161079941618260C0F80CE0418889B2BA
:101900000131C1F30E0101B9012141802846FFF7E1
:10191000C0FD2369EFF3108272B6D3E8CFCF012167
:10192000BCF1000FF9D1C3E84C1FBCF1000FF4D19A
:10193000BFF35F8FA388F353A58021690023C1E81B
:101940008F3F82F31088E368217801228A4003F5F3
:1019500001535A60F8BD4FF0FF30FBE770B582B01D
:10196000064615461C469DF8203033B900F0C0F9F4
:10197000854264EB010100290ADB079B0193069B6A
:1019800000932A4623463046FFF788FF02B070BD19
:101990000020FBE7F0B585B007460E4615461C460D
:1019A000FFF768FF9DF828300293019400953A46AE
:1019B0003346FFF7D3FF05B0F0BD03464089B0EBD7
:1019C000214F31DD10B50A14586902EB420200EBD9
:1019D000C2001A69EFF3108C72B6D2E8CF4F5FF0F5
:1019E000010E002CF9D1C2E844EF002CF5D1BFF371
:1019F0005F8F428892B289B28A420FD00020196963
:101A00000022C1E88F2F8CF3108830B1DA681B7880
:101A10000121994002F50153596010BD42F4004282
:101A2000428001209871EAE70020704710B5044613
:101A3000FFF720FF2146FFF7C0FF10BDF0B583B0D0
:101A4000EFF30583DBB2CBB904460D46861F41F1A7
:101A5000FF37B04271EB070301D20026374600F092
:101A600047F9301A67EB0103012873F1000308DA24
:101A70002046294600F04EF903B0F0BD1848FFF7A4
:101A8000E9FB00230093174A30463946FFF782FFEF
:101A9000002819DAECE7144B1A68EFF3108172B6DC
:101AA000D2E8CFCF0120BCF1000FF9D1C2E84C0F32
:101AB000BCF1000FF4D1BFF35F8F1A680023C2E8B6
:101AC0008F3F81F3108820BF084B5B6A9F42E2D8AA
:101AD000064A926AB242CBD29F42C9D1DBE700BF2D
:101AE000A478001099140010ACBA012000000B403B
:101AF00038B505460C4600F0FBF8281844EB010108
:101B0000002902DBFFF79AFF38BD4FF0FF306FF07E
:101B10000041F7E708B5C30E4101091A63F100035C
:101B20009B0043EA91738900091843F10003DB002D
:101B3000C80043EA5171FFF7DBFF08BDF0B583B081
:101B40000C46EFF30583DBB293B13A4B5B6A8B42F1
:101B500009D3384A926A824208D2A34201D00120B6
:101B600002E0002000E0002003B0F0BD0120FBE710
:101B70000546FFF77FFEC3681F460678184600F04B
:101B80008DF82A1A64EB0101331D57F823301B1A14
:101B90009A4271F1000112DB20BF264B5B6A9C4226
:101BA00009D8244A926AAA4207D29C4201D0012055
:101BB000DAE70020D8E70020D6E70120D4E70023A9
:101BC00000931D4A28462146FFF7E4FE002818DD51
:101BD000184B5B6A9C4205D8164A926AAA4202D206
:101BE0009C4200D120BFFFF721FF124B5B6A9C4251
:101BF0001BD8104A926AAA4219D29C4213D00120E3
:101C0000B2E70C4B5B6A9C4209D80A4A926AAA4224
:101C100007D29C4201D00120A6E70020A4E70020C3
:101C2000A2E70120A0E700209EE700209CE701201A
:101C30009AE700BF00000B4099140010004870475D
:101C400000000B4010B50A4B1B6923B10A2109485B
:101C500000F0C8FA10BDFFF7F1FF0446032100F0C1
:101C60000BF81023032221460148FFF7C5FDEDE7DD
:101C70006CA00120ACBA012008B5054ADFF818C0F5
:101C8000044B604514BF1846581CFFF717FB08BDEE
:101C9000F478001064A5012000800B400246436ADE
:101CA000906A1946536A9942FAD17047416A00E036
:101CB000416A9942FCD300E0416A994202D1816AAB
:101CC0009142F9D3704770B5064615461C46FFF79A
:101CD000E5FF421941EB0403824273EB010102D29A
:101CE0004FF0FF3213463046FFF7E0FF70BD0000B3
:101CF00008B50248FFF7D2FF08BD00BF00000B4047
:101D000008B502460B460248FFF7DDFF08BD00BFDD
:101D100000000B4008B502460B460248FFF7C6FF1D
:101D200008BD00BF00000B40064B9B68103043F815
:101D30002010BFF35F8F00230349C1E88F3F82F378
:101D40001088704700ED00E0F5A3012000487047BF
:101D500000E400E008B5FFF7F9FF002304E04FF0CE
:101D6000803240F8042B01330C2BF8D962B608BD41
:101D700008B50388DA0A1C2A06D15B050BD45B156B
:101D8000023300EB430008BD064B074A4FF48E7147
:101D9000064802F033FB03F5FF1303F5FF531F332F
:101DA000EDE700BF18790010808300103079001033
:101DB00008B5091A01F2FC7240F6FE739A4208D87F
:101DC000081F11F0010F04D1C0F34A0040F4604035
:101DD00008BD034B034A4FF48771034802F00EFB22
:101DE0007879001074830010307900104209064B96
:101DF00053F8222000F01F00012383401A4214BF31
:101E000001200020704700BF00E100E03AB1064B1E
:101E100000F1600243F8221043F820107047203090
:101E2000014B43F82010704700E100E008B50A4676
:101E300000F01F03012199404009FFF7E7FF08BDAB
:101E4000024B9B68103053F82000704700ED00E013
:101E500070B505460C46EFF3108372B61E460F4B65
:101E6000D3E8CF1F01220029FAD1C3E8412F00296E
:101E7000F6D1BFF35F8FFFF7E3FF094B984201D024
:101E8000A04205D1324621462846FFF74DFF70BDDE
:101E9000044B054AED21054802F0B0FAF5A30120F4
:101EA00011010010A8790010A883001030790010EB
:101EB0002DE9F04F87B000911546EFF3108372B60D
:101EC0009B467C4BD3E8CF1F01220029FAD1C3E8FF
:101ED000412F0029F6D1BFF35F8F774B93F9004074
:101EE000002C44DB804604EB4407744B03EB87076C
:101EF00097F90610704A1170714A926800F110014A
:101F000052F82190A9EB03022F2A3ED96D4B994537
:101F100034D14FF42143ADF80C304FEA440904EBBF
:101F20004400664E06EB800067490230FFF740FF31
:101F3000ADF80E004BF60153ADF81030FF238DF8CD
:101F400012308DF81350009B0593A14406EB8903D2
:101F500006AA12E9070083E8070047F001095A467C
:101F600049464046FFF7E0FE07B0BDE8F08F574B0B
:101F7000574A4FF4BE71574802F040FA564B544A44
:101F800040F28311534802F039FA29F001029246D7
:101F9000D31A524AA2FB0312D20802EB4202B3EB5D
:101FA000820F0FD153460026DA79AA4212D993F94B
:101FB0000620002A0DDB02EB42021E463F4B03EBDC
:101FC0008203F1E7464B424A4FF4CA71414802F09E
:101FD00015FA1E46A6B344F60103ADF80C304FF4D3
:101FE0008F43ADF80E3096F906309A46002B1ADA78
:101FF0004BF60150ADF810008DF812A08DF813507B
:10200000009B05933946301DFFF7D2FEB080B471B6
:1020100004EB4404294B03EB840306AA12E90700EE
:1020200083E807009BE7301DFFF7A2FE014604EBA3
:102030004402224B03EB8203181DFFF7B9FED9E7D8
:102040004FF42143ADF80C306300019304EB4406D8
:10205000DFF8689009EB86061B49B01CFFF7A8FE65
:10206000ADF80E005146301DFFF7A2FEADF810008E
:102070004AF6AA2352464946521A524153431B0D6F
:102080008DF812308DF8135000990591019B23446F
:1020900009EB830906AB13E9070089E8070044F65A
:1020A0000103AAF800304FF48F43AAF8023047F03A
:1020B000010954E7F5A30120BBBA012084A0012047
:1020C00000ED00E011010010B4A00120E079001043
:1020D0009083001030790010087A0010ABAAAAAAE9
:1020E000307A001038B540F00104344BE31A2F2B3E
:1020F00035D8EFF30581C9B2002937D0EFF3108E40
:1021000072B62F4BD3E8CFCF0122BCF1000FF9D12B
:10211000C3E84C2FBCF1000FF4D1BFF35F8F4AF638
:10212000AA230246DFF894C06546521B524153432E
:102130001B0D4FFA83FC234B9B6853F82130A342BD
:102140001BD00023032B32D803EB43011B4A02EBC5
:10215000810292F90620624520D00133F2E71A4B42
:102160001A4A40F27F211A4802F048F9194B174ADF
:1021700040F28221164802F041F9124B9B68164A40
:1021800043F82120154B1A78827183F800C0002390
:102190000B4AC2E88F3F8EF3108838BD074A02EB26
:1021A0008101FF248C714BF601538B80EAE70C4BC5
:1021B000064A40F29321064802F020F984A001204B
:1021C000F5A3012000ED00E0B47A00105883001060
:1021D00030790010DC7A001011010010BBBA012028
:1021E000E87A0010014B0B4403607047ECA3012018
:1021F00010B50446FFF7C2F801462046FFF7F2FF8C
:10220000FF232371BFF35F8F10BD10B50446FFF7A6
:10221000B5F801462046FFF7E5FFFF2323710023B1
:102220006371BFF35F8F10BD10B50D4C09E00D4B0E
:102230000D4A1A210D4802F0E1F82046FFF7D8FFB9
:1022400008340B4B9C4209D22368002BF5D0012B9C
:10225000EDD12046FFF7D9FF0834F2E710BD00BFEB
:10226000F0A00120F07A0010E8830010107B00102D
:1022700000A10120024B0B440360BFF35F8F704746
:10228000ECA3012010B504460120FFF785F80146B4
:102290002046FFF7EFFF10BD0C4B03EB800253F815
:1022A000203083F0400303F0C00302F5805CCCF8DB
:1022B0000030C00000F1804000F52030416002F5A0
:1022C00040524FF480731360704700BF0480034096
:1022D00000B5DFF828E00EEB800C69B1082302B1ED
:1022E000042213435EF82020534003F00C030CF546
:1022F000805CCCF8003000BD0B46F0E70480034062
:1023000008B54FF0000242EC440042EC40000521C9
:10231000FFF7C2FF08BD0022026042608260C26017
:1023200002614FF0FF3202614FF4803202604FF4DD
:10233000F83242604FF4802282604FF44022826083
:102340007047000010B5146801EB410300EBC303B4
:10235000C3F8C8409468C3F8D04014696FEA040C0D
:102360001E4B03EA1C130CEA5C0C03EA5404D0F87D
:1023700068E11CEA030F02D0BEF1000F27D104B3BD
:10238000BEF1000F26D054684FEA135C4FEA0C7C74
:1023900084EA0C0C01EB410400EBC404C4F8CCC08B
:1023A000D268BEF1000F02D01B034FEA132E82EA5F
:1023B0000E0201EB410100EBC100C0F8DC2000205F
:1023C00010BD5468BEF1000FDED1F446E0E76FF0B7
:1023D0000A00F5E76FF00A00F2E700BF2184100061
:1023E0000A4609B110290CD100F12F4303F560030F
:1023F0001B0D074951F8233033B9C0F8682118463E
:1024000070476FF00A0070476FF00B00704700BF15
:1024100054A50120D0F8683123B111F0010F06D086
:102420000020704711F0040F03D0184670470120B8
:1024300070470120704708B5C979FFF7EBFF08BD69
:1024400070B506460C461546FFF7F5FFD0B194F976
:102450000530002B01DBAB4217D106F12F4000F510
:102460006000000D0A4B53F820102279012393409D
:10247000013B03FA05F20A4201D1002070BD6FF062
:102480000800FBE76FF00A00F8E76FF00A00F5E7D5
:1024900054A5012070B504460D461646FFF7D0FF3F
:1024A00090BB84460FE013F0600F17D1D4F8682179
:1024B00092B2534012E00CEB060E0EF1120E44F8ED
:1024C0002E300CF1010C2B7963450CD92B6833F8B5
:1024D0001C3003F46042B2F5005FE4D0B3F5005F56
:1024E000E9D23344E7E7012202FA03F3013B04F1A6
:1024F0002F4404F56004240D044951F82420B3400E
:102500001A4341F82420304670BD00BF54A5012075
:1025100008B50A79202A1CD88C4600F12F4000F516
:102520006000000D164B53F8201001239340013B2F
:102530009CF905C0BCF1000F11DB6046C2F120021E
:10254000944519DC03FA0CF30B4201D04FF0FF3035
:1025500008BD0C4B0C4A43210C4801F04FFFC2F15F
:102560002000002805DB03FA00F20A42F0D001380F
:10257000F7E76FF00800EBE74FF0FF30E8E700BF48
:1025800054A50120A87B001010840010D47B0010FB
:1025900008B500F12F4000F56000000D01EB80014F
:1025A0000148FEF7CBFE08BD68A5012010B582B03A
:1025B00000F12F4000F56000000D8400074B0093F0
:1025C000E31C22460648FEF792FE844202DC001B12
:1025D00002B010BD4FF0FF30FAE700BF1C7C0010C6
:1025E00068A50120F8B505460E46FEF74BFE0746E6
:1025F00031462846FFF78CFF041E06DA3846FEF700
:1026000053FEB4FA84F04009F8BD2246314628460C
:10261000FFF716FF0446F1E7F8B505460E46FEF74C
:1026200031FE074631462846FFF772FF041E04DAE2
:102630003846FEF739FE2046F8BD22463146284688
:10264000FFF728FF0446F3E738B505460B79012468
:102650009C40013C9440FEF715FE05F12F4303F525
:1026600060031B0D094A52F8232034EA020107D106
:1026700022EA0402054941F82320FEF715FE38BD81
:10268000034B044ACB21044801F0B8FE54A50120B5
:10269000407C0010FC830010D47B001070B5144601
:1026A0001A4601EB410300EBC303D3F8DC60D3F817
:1026B000CC5001EB4103DB00C833034403F5405326
:1026C0004FF4003CC3F804C019E092FAA2FCBCFA33
:1026D0008CFC4FEA4C1343F0806301EB410E00EB9E
:1026E000CE0ECEF8DC3024FA0CF303F0010343F4F1
:1026F000604343F08003CEF8D830531E1A40002ABE
:10270000E3D101EB410300EBC303C3F8DC60C3F882
:10271000CC5070BD08B5D0F868E1D0F868C123FA94
:102720000CF322FA0EF2FFF7B9FF08BD70B51E4692
:102730009DF810C0D0F86831D21A1F2A44D801EB96
:10274000410300EBC303D3F8DC50D3F8CC4001EBDA
:102750004103DB00C833034403F540534FF4003E0C
:10276000C3F804E0BCF1000F2BD1E64612E05301A0
:1027700043F0A05301EB410C00EBCC0CCCF8DC3067
:102780004EF4604343F08003CCF8D830053E053268
:1027900002F01F02052EEAD8520142EA866601EBDA
:1027A000410200EBC202C2F8DC604EF4604343F029
:1027B0008003C2F8D830C2F8DC50C2F8CC40002008
:1027C00070BD4FF01F0EE5E76FF00400F8E770B53D
:1027D00086B005460C46164602680121A14022EA51
:1027E0000102026043B31A462146FFF7ABFD08BB66
:1027F00004EB4403DB00D0332B4403F580534FF04C
:1028000000421A601A604FF00133A340AB60221DF2
:10281000012303FA02F205F500510A6004F10802EF
:1028200093400B6006F01F0304EB440405EBC40562
:10283000C5F8D83006B070BD01A8FFF76CFD01AA3D
:1028400021462846FFF77EFDD1E72DE9F04F87B0FE
:1028500001900E4602920393109BDDF844B09DF860
:102860004810BBF1000F09D01809012202FA00F04C
:102870005B44013B1B099A4040EA020B11B1022460
:1028800000256AE00124FBE701239F4210D20021CA
:102890003068FFF78BFE40B207F118036B4403F872
:1028A000040C002804DB0137002DEDD00423ECE7F5
:1028B00017B165B1042F0AD0434603F1FF38002B4E
:1028C0004AD003F201531B0533600027ECE7FEF703
:1028D000D9FC824675B959463068FFF79BFD88B927
:1028E0006FF00A095046FEF7DFFC6FEA090A4FEA6B
:1028F000DA7A2AE04FEA8B0101F010013068FFF725
:102900006FFDE8E73368019900931846FFF700FE72
:10291000B0F10009E6DB4A4601990098FFF7BAFDDD
:10292000B0F10009DEDB9DF91430029A1360039BBD
:10293000C3F80090D6E70AF118036B4413F9041C9E
:102940003068FFF725FE0AF1010A5745F3D8B9F1BF
:10295000000FB1DB012006E00135AC4201DD0323AD
:10296000ABE70020306007B0BDE8F08F074B98421E
:102970000AD0132301229A40054B1A60054B9B682D
:1029800032EA0303FAD170471223F3E7000008404C
:10299000003002400000024000F5405302225A601D
:1029A00000F5405303225A62054B984205D013228A
:1029B00001239340034A136070471222F8E700BFD7
:1029C000000008400020024070B505460C46062075
:1029D00000F0F2F8AE465EF8046F06F002060EF55F
:1029E000405202231360FE2B09D81A02A2FB0421D5
:1029F00090424FF000028A4104D30233F3E74FF4D0
:102A0000807101E04FF48071012909D901F1FF3C87
:102A100003FB0CF2B0FBF2F2A24201D86146F3E7ED
:102A20002B614C1E2A6882EA042202F47F4205F5DB
:102A300080552A600EF5005ECEF8006001FB03F3BE
:102A4000B0FBF3F070BD000038B504460D46174BDF
:102A5000984229D0132201239340154A136020463F
:102A6000FFF784FF29462046FFF7AEFF234653F8C1
:102A7000041F01F0020103F540524FF0020CC2F8AE
:102A800000C0226882F0070202F0CF0204F5805EE7
:102A9000CEF8002003F50053196004F5005403221A
:102AA0006262C3F800C038BD1222D4E700000840BB
:102AB000002002400D280BD00F280BD015280BD07A
:102AC00017280BD018280BD019280BD008467047B0
:102AD0000020704701207047002070470120704798
:102AE000022070470320704770B515461E4600EB64
:102AF000400C4FEA8C0C0CF1804C0CF5803CDCF85F
:102B00000430049A934201D2CCF80420041FE4B2AA
:102B1000012C2AD90CF540534FF400621A60204B67
:102B200053F820204AB15B69B3FBF2FE0EF1010EAF
:102B30000EEB4E0EBEF1030EFCD2DCF8002082EA52
:102B4000451202F0E0020CF5805ECEF80020012C68
:102B500017D90CF500534FF400621A60049BCCF8AF
:102B600004300F4B43F8206070BD0129D2D10CF521
:102B7000405303221A60DCF8083013F0010FFAD03A
:102B8000DBE7DCF800304B4003F00303CEF8003005
:102B9000DCF8083001228A401342F9D0D9E700BF9F
:102BA0006CA5012000B583B04FF4803CCDF800C087
:102BB000FFF79AFF03B000BD014B53F820007047A8
:102BC0006CA50120F8B507460E4615461C460021A7
:102BD000FFF770FF710141F40061084B00EB400208
:102BE0009200995044EA054200EB400003EB800359
:102BF0005A6009213846FFF74FFBF8BD000001403D
:102C000038B58E469446049A3349B1FBFEF1334CF5
:102C10006444334DAC4234D8BCFBF1F4A4F110054C
:102C2000B5F5987F33D85D1E062D36D8551E062D76
:102C300033D8B1EB1C1F36D8120342EA03410368B4
:102C4000002B36DB274B984243D00E2301229A40BB
:102C5000254B1A6003F580531A60244B9B6832EAB7
:102C60000303FAD1C0F800E0846000F5405204325A
:102C7000212313600368002BFCDAC1600823136072
:102C800038BD1B4B1B4A11211B4801F0B7FB1B4BE6
:102C9000184A1921184801F0B1FB194B154A1C219B
:102CA000154801F0ABFB174B124A2321124801F0E3
:102CB000A5FB036803F03F037345C3D18368C3F3E7
:102CC0000B03A342BED1C36803F4EE238B42B9D1F8
:102CD000D6E70F23BAE700BF001BB70080E84BD34D
:102CE00080F8A93200800540002002400000024028
:102CF000907C001028840010E07C0010287D0010DB
:102D0000447D0010907D0010054A00EB400302EB6B
:102D10008303596000EB400080000123135070478B
:102D200000801040074B4FF42A621A604FF43C6257
:102D3000DA6003F50053044A1A60024B5B68002B0B
:102D4000FBDA70470080044000B0FA0000B583B0A1
:102D50000146044B00930F2300220348FEF7C7FAF5
:102D600003B000BDAC7D0010B4BA012010B504461C
:102D700002E054F8043B9847014B9C42F9D310BD44
:102D8000387600107047000008B50248FFF7EEFFE4
:102D900008BD00BFF875001008B50248FFF7E6FF50
:102DA00008BD00BF24760010064B074A1A6003F5E1
:102DB0008053064A1A60064B9A68044B9343FAD133
:102DC000704700BF002002407F3BEFEFF6FFF303A8
:102DD00000000240054BDB6CB3F5004F00D070479C
:102DE000034B4FF48022DA64F9E700BF0000115072
:102DF000002011504FF0E022D2F8881D034B0B4306
:102E0000C2F8883D10EE3004704700BF0303300065
:102E1000054B6FF060421A60044B9B68DB4333F054
:102E20006043F9D1704700BF00300240000002400B
:102E300008B545F25320FEF7D5FA0346042098471B
:102E400008BD08B545F25320FEF7CCFA0346012031
:102E5000984708BD08B5FEF7B7FA08BD10B50C498C
:102E60000C4A521A92101446442A28BF4422920057
:102E7000094804F003FB04E0084A074B43F8242008
:102E80000134432CF8D9044A054B9A6010BD00BFA9
:102E900000000010100100100000002011010010BF
:102EA00000ED00E038B50420FFF786FE064BA3FBDB
:102EB0000035AD0C002404E02946E0B2FFF724FF02
:102EC0000134052CF8DD38BD83DE1B4330B583B0FB
:102ED000264B0022C3F88420FFF724FF244B012255
:102EE000DA63224B5B6C012BFBD1214B03221A636B
:102EF0001E4B9B6B012BFBD10224009405231D4A22
:102F000001211D48FFF77CFE052500952B461B4A35
:102F100001211B48FFF774FE1A4B002221460420B2
:102F2000FFF740FE184C2346002201212846FFF7F8
:102F300039FE164D2B46002211460820FFF732FEBF
:102F40002B46002211460920FFF72CFE23460022C3
:102F500011460620FFF726FE2346002211460720D1
:102F6000FFF720FEFFF79EFF03B030BD00000140D9
:102F700000300140002F685900000540008C864752
:102F800000800540001BB70080D1F008006CDC0217
:102F900086B003B451FC0804CDE9020151FC0904D8
:102FA000CDE9040151EC0A04CDE9060103BCF04768
:102FB000BDE800504EEC00C4BDE800504EEC01C42A
:102FC000BDE800504EEC02C400BD000000B5FFF7A4
:102FD000DFFF02E010FE30F4F8D441EC100443ECC3
:102FE000112400EE010410EE010480EE200451ECE7
:102FF0001004704700B5FFF7CBFF02E010FE30F47D
:10300000F8D441EC100443EC112400EE010410EE5E
:10301000210480EE200451EC3004704700B5FFF726
:10302000B7FF02E010FE30F4F8D410B541EC100404
:1030300043EC112451EC040453EC0524A0FB024C96
:103040005FF0000EE0FB03CEE1FB02CE4CEC20442F
:103050000024E1FB03E444EC30E480EE200451EC76
:103060005004BDE81040704700B5FFF791FF02E043
:1030700010FE30F4F8D441EC100443EC112451EC70
:103080002104A0FB01126FEA820252FB100052FBE6
:1030900012F252FB1000A0EBD07C53EC04245CFB3A
:1030A00013F153EC1524A1FB022001FB030053ECA8
:1030B0004424A2EB000050FB1CF24FEA111312EB68
:1030C000017043EBE27140EA515020EA915020F048
:1030D000070053EC7524A0FB023C53EC752400FB65
:1030E00003CC01FB02CC53EC0424ACEB824C40EA51
:1030F0005C70A0F1010041EC400480EE200451EC32
:103100007004704700B5FFF743FF02E010FE30F493
:10311000F8D440EC700400EE010410EE210480EEBF
:10312000200451EC3004704700B5FFF731FF02E096
:1031300010FE30F4F8D440EC600400EE010410EE10
:10314000210480EE200451EC3004704700B5FFF7F5
:103150001FFF02E010FE30F4F8D441EC800400EED2
:10316000010410EE010480EE400410EE13047047D9
:1031700000B5FFF70DFF02E010FE30F4F8D441EC8B
:10318000800400EE010410EE010480EE400410EE15
:103190003304704700B5FFF7FBFE02E010FE30F489
:1031A000F8D441EC100443EC112400EE010410EEBD
:1031B0003004C0F30070704700B5FFF7E9FE02E08D
:1031C00010FE30F4F8D443EC102441EC110400EE6E
:1031D000010410EE30F48CBF01200020704700BFC6
:1031E00000B5FFF7D5FE02E010FE30F4F8D443EC52
:1031F000102441EC110400EE010410EE30F42CBF59
:1032000001200020704700BF00B5FFF7C1FE02E0BB
:1032100010FE30F4F8D441EC100443EC112400EE1D
:10322000010410EE30F42CBF01200020704700BFD5
:1032300000B5FFF7ADFE02E010FE30F4F8D441EC2B
:10324000100443EC112400EE010410EE30F48CBFA6
:1032500001200020704700BF704720B108B50A6800
:103260004968904708BD70470146002008E000EB20
:103270008000531C0B60137803EB4003A3F1300074
:103280000A681378303BDBB2092BF0D970472DE97F
:10329000F04F83B005460E4693461F46DDF830805A
:1032A0000D9CDDF838900F9B13F00202009228D19C
:1032B00013F0010F0FD05A461BE002F1010B3B4601
:1032C00031462020A8470AF1010A5A46CA45F4D3DC
:1032D000DDF804B00DE0A2465A46CDF804B0F5E79B
:1032E000013C02F1010A3B46314618F80400A847A8
:1032F0005246002CF4D1009B5BB9104603B0BDE8E8
:10330000F08F5A46F5E7541C3B4631462020A8472B
:103310002246A2EB0B034B45F5D3EEE72DE9F04136
:1033200084B004460D4616461F46DDF828E0DDF859
:103330002CC09DF830301A4698460E980F99109B75
:1033400013F0020F21D169B113F0010F0AD012B9A5
:1033500013F00C0F06D0013904E030220EF80C20D7
:103360000CF1010C844502D2BCF11F0FF5D913F00A
:10337000010F0AD08C4508D2BCF11F0F05D83022AE
:103380000EF80C200CF1010CF1E713F0100F17D020
:1033900013F4806F06D1BCF1000F03D0844529D00F
:1033A0008C4527D00D9A102A3CD00D9A022A47D07E
:1033B000BCF11F0F0FD830220EF80C200CF1010CBD
:1033C000BCF11F0F07D84246002A42D02D220EF82A
:1033D0000C200CF1010C03930291CDF804C0CDF840
:1033E00000E03B46324629462046FFF750FF04B036
:1033F000BDE8F081BCF1010220D00D9810280FD05B
:1034000094460D9A102AD0D113F0200FCDD0BCF1E4
:103410001F0FCAD858220EF80C200CF1010CC7E778
:10342000ACF1020C13F0200FEBD1BCF11F0FE8D868
:1034300078220EF80C200CF1010CB9E79446B1E7A4
:10344000BCF11F0FC7D862220EF80C200CF1010C42
:10345000AEE713F0040F05D02B220EF80C200CF170
:10346000010CB8E713F0080FB5D020220EF80C209D
:103470000CF1010CAFE7F0B591B00D4616461F46B2
:10348000169B189A1B990BB921F0100111F4806E4C
:103490001DD063B34FF0000E19E011F0200F24D0BF
:1034A0004124A4445FFA8CFCACF10A0C5FFA8CFC5A
:1034B0000EF101040EF1400EEE440EF820CCB3FBE9
:1034C000F2FC934214D31F2C12D8A6466346B3FBDA
:1034D000F2FC02FB1C3C5FFA8CFCBCF1090FDCD84F
:1034E0000CF1300C5FFA8CFCE2E76124D9E71C4652
:1034F00006911A9B0593199B049303929DF85C30E7
:103500000293019408AB00933B4632462946FFF7ED
:1035100005FF11B0F0BD2DE9F04F95B0834609913C
:103520000A920B931E9F1F9DDDF88880DDF88C901A
:10353000DDF898A057EA050301D12AF0100A1AF421
:10354000806422D057EA05032DD000241DE01AF034
:10355000200F26D041231344DBB20A3BDBB2661CAA
:1035600004F150020DEB020404F8203C42464B46A5
:103570003846294604F02CF8474575EB090513D366
:103580001F2E11D8344607460D4642464B46384654
:10359000294604F01DF8D2B2092AD8D83032D3B265
:1035A000DDE76123D7E70026CDF818A0259B05931A
:1035B000249B0493CDF80C809DF8803002930196F3
:1035C0000CAB00930B9B0A9A09995846FFF7A6FE8D
:1035D00015B0BDE8F08F00002DE9F04F93B0044620
:1035E0000D460E921E46DDE91C8942464B4640467A
:1035F0004946FFF7D3FD002840F0FE804FF0FF3230
:10360000B54B40464946FFF717FE002840F0F480CE
:103610004FF0FF326FF4801340464946FFF7D0FD6C
:10362000002840F0E9800022002340464946FFF789
:10363000C7FD002840F0F180CDE90689209B13F4F6
:1036400080630F9301D106231E93DDE906AB52463A
:103650005B46CDE90A23079B5AEA030100F0E780A5
:10366000C3F30A50C3F313034FF0000A4FF0000BEB
:10367000CDE908AB089243F07F53099343F440131C
:103680000993A0F2FF30FFF741FD81A3D3E90023A6
:10369000FFF7C8FC80A3D3E90023FFF79BFC824619
:1036A0008B4600228D4BDDE90801FFF7A7FC7CA3C8
:1036B000D3E90023FFF7B6FC02460B4650465946B5
:1036C000FFF788FCFFF746FD0890FFF71FFD8246D5
:1036D0008B4675A3D3E90023FFF7A4FC0022804B9F
:1036E000FFF778FCFFF736FD074671A3D3E9002307
:1036F00050465946FFF796FC82468B463846FFF700
:1037000005FD6DA3D3E90023FFF78CFC02460B46B1
:1037100050465946FFF772FC02460B4682468B46DE
:10372000FFF780FCCDE90C0107F2FF3300210022F6
:10373000CDE90A121B050B9300230A935046594604
:1037400052465B46FFF746FCCDE9100152465B4608
:1037500000204FF08041FFF751FC82468B4600224B
:10376000604BDDE90C01FFF783FC00225E4BFFF7A5
:1037700031FC02460B46DDE90C01FFF779FC002223
:103780005A4BFFF727FC02460B46DDE90C01FFF719
:103790006FFC02460B4650465946FFF71BFC02469B
:1037A0000B46DDE91001FFF763FC0022504BFFF7E9
:1037B00011FCDDE90A23FFF735FC02460B46CDE993
:1037C0000C23DDE90CABCDE90AABDDE90623FFF7FD
:1037D00033FD50B1089B013B08930022424BDDE9C9
:1037E0000C01FFF745FCCDE90A01089B6333C62BAA
:1037F00048D804231F461EE0209B04931F9B03937D
:103800001E9B0293CDE9008933460E9A2946204635
:1038100000F002F913B0BDE8F08F9FED297B8DED2C
:10382000067BCDF8188009F10043079306E70023D3
:10383000089304231F46209B13F4006F63D0DDE937
:103840000A1213460B4315D01FA3D3E90023DDE969
:1038500006AB50465946FFF7DBFC002800F0B68067
:103860001BA3D3E9002350465946FFF7A9FC0028C3
:1038700000F0AC801E9A089B9A423BDDD31A013BB4
:103880001E9339E005231F46D5E700BFAFF3008044
:10389000FB799F501344D33FB3C8608B288AC63F3F
:1038A00061436F63A787D23F71A379094F930A40A1
:1038B0001655B5BBB16B0240EF39FAFE422EE63F1A
:1038C00000000000000000002D431CEBE2361A3F10
:1038D0000000000080842E41FFFFEF7F0000F83FD2
:1038E0000000E03F00002C40000024400000184091
:1038F0000000F03F00231E93209B43F4806320933D
:1039000000231F4608931F9A974269D2D31B9A46F9
:10391000209B13F002039B4602D00FB100239A466E
:10392000089B3BB1DDE90A23DDE90601FFF7A0FBB7
:10393000CDE906010022002340464946FFF740FC3E
:10394000002850D1209B23F400630493CDF80CA0F1
:103950001E9B02939DED067B8DED007B33460E9AF8
:103960002946204600F058F8002F3FF453AF209B23
:1039700013F0200F3FD04FF0450C00F10108334603
:10398000024629466046A047089981EAE172A2EB07
:10399000E172052305937B1E0493002303930A23FE
:1039A0000293CB0F019300923346424629462046AC
:1039B000FFF761FD5B46002B3FF42CAF0246DDF8BC
:1039C000389037462E4625461F9C1EE01E9B002B36
:1039D00099D00F9B002B96D01E9B013B1E9392E724
:1039E00000239A4694E7DDE90601024601F100430F
:1039F000CDE90623A6E74FF0650CBEE702F101080A
:103A00003B4631462020A8474246A2EB0903A34289
:103A1000F4D31046FEE600BF2DE9F04F2DED028BEA
:103A200095B00790089109920A93DDE92089229DBB
:103A300042464B4640464946FFF7B0FB002834D18A
:103A40004FF0FF326FF4801340464946FFF7B8FB52
:103A5000002839D14FF0FF32A94B40464946FFF7C5
:103A6000EBFB00283FD1A2A3D3E9002340464946FF
:103A7000FFF7E2FB00284CD19FA3D3E90023404687
:103A80004946FFF79DFB002843D100220023404612
:103A90004946FFF795FB002849D10B90249B13F46E
:103AA000806F00F0B580002454E0249B0393239B97
:103AB000029303230193934B00930A9B099A08995D
:103AC0000798FFF7E4FB50E1249B0393239B0293A9
:103AD000042301938C4B00930A9B099A0899079839
:103AE000FFF7D5FB41E1249B13F0040F0ED0874B69
:103AF00004222499039123990291019200930A9B35
:103B0000099A08990798FFF7C2FB2EE1804B032220
:103B1000EFE7249B0493239B03930295CDE900894F
:103B20000A9B099A08990798FFF756FD1DE142463E
:103B30004B4600200021FFF761FA804689460123A9
:103B40000B93ABE704F150036B44302203F8202CB5
:103B5000013D01341F2C01D8092DF3D840464946B8
:103B6000FFF7F8FA0646FFF7D1FA02460B46404641
:103B70004946FFF743FA674B03EBC50393ED007B20
:103B8000B0EE478AF0EE678A53EC172BFFF74AFA3C
:103B900082468B46FFF7F0FA0746FFF7C9FA02465E
:103BA0000B4650465946FFF729FA82468B460022BB
:103BB000594BFFF741FB68B301373846FFF7B8FAB6
:103BC00002460B4651EC180BFFF70EFB08B101360D
:103BD00000276DBB3046FFF799FA02460B46404678
:103BE0004946FFF70BFA8046894600224A4BFFF709
:103BF000E7FA00284CD10022474B40464946FFF7E0
:103C00001BFB002844D116F0010F41D001363FE0E4
:103C1000062548E70022404B50465946FFF7D0FAA8
:103C20000028D6D117B117F0010FD2D00137D0E755
:103C30001F2C17D8013D394BA3FB0723DB0819467E
:103C400003EB8303A7EB4303621C303304F1500002
:103C50000DEB000404F8203C092F02D90F4614464E
:103C6000E6E714461F2C0AD86B1E45B104F150023A
:103C70006A44302102F8201C1D460134F2E71F2C53
:103C800006D804F150036B442E2203F8202C013493
:103C90001F2C17D8224A82FB0632F317C3EBA2036C
:103CA0001A4603EB8303A6EB4303611C303304F194
:103CB00050000DEB000404F8203C16460AB10C46F7
:103CC000E6E70C46249B13F0020F36D113F0010FE8
:103CD00033D0239B002B4DD00B9B1BB9249B13F09F
:103CE0000C0F49D0239B013B2393194621E000BFD1
:103CF0000000000065CDCD410000000065CDCDC1C4
:103D0000FFFFEF7F1C7E0010207E0010107E001051
:103D1000187E0010888400100000E03FCDCCCCCC91
:103D20006766666604F150036B44302203F8202C6A
:103D300001348C4201D21F2CF4D91F2C08D80B9BC4
:103D4000E3B104F150036B442D2203F8202C01341D
:103D5000249B0393239B029301940CAB00930A9B37
:103D6000099A08990798FFF792FA15B0BDEC028BF3
:103D7000BDE8F08F2399DCE72399DAE7249B13F061
:103D8000040F07D004F150036B442B2203F8202CBE
:103D90000134DDE7249B13F0080FD9D004F1500360
:103DA0006B44202203F8202C0134D1E72DE9F04F99
:103DB0008FB0804617460D938946002900F0F682A1
:103DC00000260D9B1878002800F0F382252809D0E2
:103DD000741C3B4632464946C0470D9B01330D9348
:103DE0002646EEE701330D93002511E0202A24D06A
:103DF000232A05D145F0100501330D93012306E078
:103E0000002304E045F0020501330D930123E3B1E3
:103E10000D9B1A782B2A0AD0E8D92D2AF2D0302A05
:103E200011D145F0010501330D930123EFE745F072
:103E3000040501330D930123E9E745F0080501333B
:103E40000D930123E3E70023E1E70A930D9B1A7822
:103E5000A2F13003DBB2092B15D92A2A18D0DDF8DC
:103E600028B00D9B1A782E2A22D00D9B1A786C2A26
:103E700043D039D9742A5CD07A2A5ED145F4807552
:103E800001330D9359E00DA8FFF7EEF98346E8E7FB
:103E9000189B1A1D18921B68002B04DB9B460D9B78
:103EA00001330D93DDE745F00205C3F1000BF6E7A2
:103EB00045F480655A1C0D925A78A2F13003DBB2AA
:103EC000092B0CD92A2AD0D1189B1A1D18921C68CC
:103ED00024EAE4730A930D9B01330D93C5E70DA803
:103EE000FFF7C2F90A90C0E7682A14D06A2A24D1E1
:103EF00045F4007501330D931FE045F480715A1CA1
:103F00000D925A786C2A01D00D4616E045F44075A2
:103F100002330D9311E045F080015A1C0D925A783E
:103F2000682A01D00D4608E045F0C00502330D9324
:103F300003E045F4807501330D930D9B18786528D7
:103F40003DD071D8462800F0878018D963282FD13A
:103F500015F0020500F0A48101241898031D1893A0
:103F600006F1010A3B46324649460078C047002D1B
:103F700040F099810D9B01330D93564621E725288A
:103F80000AD1741C3B46324649462520C0470D9B4A
:103F900001330D93264614E7452810D0741C3B4688
:103FA00032464946C0470D9B01330D93264608E72C
:103FB0002CD858282CD062282AD04728EED1672840
:103FC00001D0472801D145F40065452801D0472894
:103FD00001D145F02005189B073323F0070303F1B7
:103FE000080218920495CDF80CB00A9A0292D3E90F
:103FF0000023CDE900233B46324649464046FFF7C1
:10400000EBFA06460D9B01330D93DAE66428C5D121
:1040100078284BD058287CD06F287CD062287CD060
:1040200025F010050A2342E0702800F0A4810ED983
:10403000732834D1189B1A1D1892D3F800A00A9B3C
:10404000002B40F05A814FF0FF3253463BE1672886
:10405000B5D01FD86628A1D1462800F01181189B41
:10406000073323F0070303F1080218920495CDF8F3
:104070000CB00A9A0292D3E90023CDE900233B4613
:10408000324649464046FFF7C7FC06460D9B0133C2
:104090000D9396E66928BBD06F28B9D07EE7FFF470
:1040A0007DAF7528B4D07828B2D077E71023582890
:1040B00035D0692803D0642801D025F00C0515F40B
:1040C000806F01D025F0010569282BD0642829D004
:1040D00015F4007F40F0968015F4807F40F0AE80AC
:1040E00015F0400F00F0BF80189A111D189112783A
:1040F0000595CDF810B00A9903910293002301931E
:1041000000923B46324649464046FFF7B4F9064620
:1041100029E01023CBE70823C9E70223C7E745F0CE
:104120002005C6E715F4007F21D115F4807F42D128
:1041300015F0400F58D0189A111D1891127882EA84
:10414000E271A1EBE2710595CDF810B00A980390E9
:104150000293D20F019200913B46324649464046B7
:10416000FFF789F906460D9B01330D9329E6189A4E
:10417000073222F0070202F1080118915168126813
:104180000846002913DB0895CDF81CB00A9C06945C
:10419000049300230593C90F0291009201903B46BE
:1041A000324649464046FFF7B6F90646DBE752423B
:1041B00061EB4100E7E7189A111D1891126882EA35
:1041C000E271A1EBE2710595CDF810B00A98039069
:1041D0000293D20F019200913B4632464946404637
:1041E000FFF749F90646BEE715F0800F05D0189A8B
:1041F000111D1891B2F90020A1E7189A111D18910C
:1042000012689CE7189A073222F0070202F10801AF
:1042100018910895CDF81CB00A99069100210493D5
:1042200005910291D2E90023CDE900233B463246B5
:1042300049464046FFF76FF9064694E7189A111D64
:1042400018910595CDF810B00A99039102930023B7
:104250000193136800933B46324649464046FFF7B8
:104260000AF906467FE715F0800F04D0189A111D51
:10427000189112883CE7189A111D1891126837E7B7
:1042800045F02005EBE602F1010A3B4649462020B5
:10429000C047234652465C1C9B45F4D816465CE654
:1042A00001233246F7E7524606E0561C3B46494694
:1042B0002020C0472C463246651CA345F5D89246BF
:1042C00058E601330A46197811B1511E002AF8D177
:1042D000A3EB0A0315F480620B9203D00A9A93426F
:1042E00028BF134615F0020409D032460B9E0B94EA
:1042F000CDF830B00A9D9B461FE00A9AA5E63246EB
:10430000264606E0541C3B4649462020C0472B4623
:1043100022465D1C9B45F5D834462B460B9E0B94DC
:10432000CDF830B00A9D9B4607E01D460AF1010A10
:10433000541C3B464946C04722469AF8000020B12B
:10434000002EF3D06B1E002DEFD116460B9C5B4662
:10435000DDF830B054B90D9B01330D9331E5551C98
:104360003B4649462020C04723462A465C1C9B45C5
:10437000F5D81646EFE745F02105189B1A1D18924F
:104380001B680595082204920A9A03921022029251
:104390000022019200933B46324649464046FFF7D1
:1043A0006AF806460D9B01330D930AE5DFF81C8081
:1043B00006E5BE4208D37A1E3B4649460020C04768
:1043C00030460FB0BDE8F08F3246F5E759320010A5
:1043D00000B585B002900391009313464FF0FF3271
:1043E00002A90248FFF7E2FC05B000BD5B320010F5
:1043F00000BEFDE708B5FFF7FBFF000000B583B086
:104400008C46194662B19646074BCDF804E00093FE
:1044100063460246054800F03BF90120FFF7E8FF3C
:10442000034B9E46F1E700BF287E0010387E001047
:10443000347E001010B5EFF30583DBB203B100BE8C
:10444000FEF7A2FC044C02E054F8043B9847034BEF
:104450009C42F9D310BD00BF38760010447600109E
:1044600008B5034608461B681146984708BD00007A
:10447000F8B507460D461646437D13B10024204685
:104480000CE003681146284698472CE03B7D0FE07E
:104490003B68022114489847601C0134B44213DA87
:1044A000002CF3DD631EEB5C0D2B14BF00230123F6
:1044B0002A5D0A2AF1D1002BEFD1A042E8DA3B684D
:1044C000211A28449847E3E7B04203DA3B68311ADF
:1044D00028449847002E06DD013EAB5D0D2B14BF2E
:1044E000002301233B75F8BDD884001038B503685C
:1044F000B3B105460B4B1C6806E0294651F8042B66
:104500002046FFF7B5FF24694CB12368002BFAD091
:10451000054B1B68002BF0D0A342F4D1EDE72C60D3
:1045200038BD00BF9CA50120A0B1012038B50546CB
:104530000C460B68802B05D023685A1C22601C4453
:10454000257138BD0846FFF7D1FFF5E708B5FDF73F
:10455000CFFB074A821841F10003002B03DB05481B
:1045600003F042F808BD4FF0FF326FF00043F6E76A
:1045700040420F00F8A0012008B5024803F02CF8D3
:1045800008BD00BFF8A001202DE9F04383B0064626
:104590000D4690461C46FFF7D9FF8146B5F1FF3F17
:1045A00004D044B1164F174B1C6807E0304602F0A8
:1045B000DBFF0546F5E7144FF5E72469BCB1236836
:1045C000002BFAD0114B1B680BB1A342F5D12A4640
:1045D00031462046B847B8F1000FEED00A238DF8D7
:1045E000073001220DF107012046B847E5E74B46A9
:1045F0001BB9284603B0BDE8F083FFF7BDFFF8E71D
:10460000714400109CA5012061440010A0B101205C
:1046100010B5054B1C6800E0246924B16368002BC9
:10462000FAD09847F8E710BD9CA5012000207047FC
:1046300038B5054602F098FF044601231A460146A4
:104640002846FFF7A1FFFFF7E3FF204638BD000033
:10465000F0B5A3B007460E46FFF778FF05460023E6
:10466000019301AC33463A4621460848FFF7B0FEB5
:1046700006462046FFF73AFFFFF7CAFF15B9304656
:1046800023B0F0BDFFF778FFF9E700BF2D4500101C
:104690000FB400B583B004A951F8040B0191FFF7E2
:1046A000D7FF03B05DF804EB04B0704703BD10B54D
:1046B0000446FEF771FBA04710BD4FF050431B6D41
:1046C00013F0020FF9D04FF05043586540BF7047C8
:1046D00000E020BF4FF050431B6D13F0010FF8D0E6
:1046E0004FF05043986D70472DE9F04186B0044675
:1046F0000F4616461920FDF779FB80460021192048
:10470000FDF794FB00250095019501230293039684
:10471000049705940DE04FF050439B6D4FF05043CC
:104720001B6D13F0010FF6D140BF09E00135052DD7
:104730000FD806AB03EB850353F8184C002CEDD0D3
:104740002046FFF7BAFFFFF7C3FF8442EED00025F3
:10475000EDE741461920FDF769FB06B0BDE8F081A1
:1047600008B512F0030F11D122F003028B180A4A88
:10477000926843F80C0C43F8081C084943F8041CE1
:10478000A3F10C010648FFF7AFFF08BD054B064A31
:104790008E210648FFF732FE00ED00E0AF46001024
:1047A000AD460010E07E0010DC840010907E00100A
:1047B00008B5064A064B9A4205D311464FF40062EB
:1047C000FFF7CEFF08BD4FF0FF31F7E700080820E4
:1047D0000000082070B596461E4600F00F03C2097F
:1047E0002C4D02EB820403EB830C4FEACC0C0CEB58
:1047F000840C05EB0C0405F80C0000206070E180CF
:10480000254800EBC30002B90430002404605BB902
:1048100002EB820203EB8303DB0003EB82031D4AFE
:1048200013441E4A9A6070BD4FEA8E6C4CF0005CD7
:104830003F318909890189B2BEF1020F27D0184D95
:10484000286802EB820403EB830E4FEACE0E0EEBD8
:10485000840E104C7444A0600144296080F0A04094
:1048600080F480104CEA00040EB144F00044013B97
:104870000C4800EBC30302B904331C600A4B994295
:10488000D1D90A4B0A4A84210A48FFF7B7FD4900EB
:1048900089B2D4E7D8B40120800010500001105034
:1048A000D4B4012008001050FF0F1050FC7E0010FF
:1048B00028850010407F001008B5002308E00A4A50
:1048C0000133002142F8331002EBC3025160DBB226
:1048D0000E2BF4D94FF416720021044802F08AFD21
:1048E000034B044A1A6008BD0000105000B50120B7
:1048F000D4B40120800110502DE9F04F89B0374B1E
:104900009D6D002D67D095FAA5F8B8FA88F80124B6
:1049100004FA08F44FEA580908F0010888F0010B7E
:104920000BEB8B0309EB8907FF0007EB83072C4B8D
:104930001F44B9F1000F4BD009F1FF32294B03EBB3
:10494000C203B8F1000F41D004330293264B03EBAE
:10495000C90AB8F1000F01D00AF1040A1F4B9B6D80
:104960002342CED01D4BDB6D2342204B9C6525EAB4
:104970000405CDF8008014BF01230023524602999C
:10498000384600F0ADFB0028E8D00BEB8B0309EBB9
:104990008906F60006EB8306114B33445A8A0392CC
:1049A000384600F0A9FA0E4B9A5D00238DF81430BA
:1049B00007218DF815108DF81820039A07928DF8AD
:1049C0001930012105A802F00BFEC7E70293BDE7ED
:1049D000CDF80890BAE709B0BDE8F08F000011509B
:1049E000D8B4012008001050800010500030115041
:1049F00010B5037803F00F01DA090CBF012300237F
:104A000043EA410301249C40094B1C66094B5B6E41
:104A100034EA0303FAD1084B03EBC10302B90433B0
:104A200000221A6000F068FA044B5C661C6610BD38
:104A30000020115000001150800010500030115023
:104A400070B584B0454BD3F8985015F4003607D1B3
:104A500015F0100F13D115F4803F38D0002415E065
:104A60009B6CC3F30A0300228DF8042003228DF807
:104A700005200293012101A802F0B2FDE8E7FFF74B
:104A80003BFFE8E7FFF7B4FF0134E4B2012C0AD89A
:104A900004EB8400324B03EB8000012242708378E8
:104AA000012BF1D1EEE700238DF8043006238DF8B9
:104AB00005302C4B93E8030004AB03E9030001210C
:104AC00001A802F08DFD284B4FF400321A653EB16B
:104AD000264B1B7823B9244B4FF40032C3F89020A7
:104AE00015F4805F07D115F4804F18D115F4004FED
:104AF00024D104B070BD0024184B1C60FFF7DCFE0D
:104B00008DF8044001218DF805108DF8084001A8AA
:104B100002F066FD144B4FF400221A65E3E7002310
:104B20008DF8043004238DF8053001210DEB0300CE
:104B300002F056FD0C4B10221A65D7E700238DF8C2
:104B4000043005238DF80530012101A802F048FD4D
:104B5000054B4FF400621A65CBE700BF000011500F
:104B6000D8B401200000105000301150B7BA012015
:104B700008B520B901210E20FDF758F908BD034BF7
:104B8000034A4FF4CE710348FFF738FC907F0010C2
:104B900018850010407F0010024B4FF48032DA6419
:104BA000704700BF0020115070B550BB064600F0A2
:104BB0007FF9174C0C23A367FF2216490E20FDF73F
:104BC00077F928220021144802F014FC00231A4629
:104BD00040211846FFF7FEFD00231A4640218020A1
:104BE000FFF7F8FDFFF768FE012525644FF000533D
:104BF000E3640A4BC4F890303046FFF7CDFF2846F7
:104C000070BD074B074A4FF4B4710748FFF7F6FB36
:104C100000001150414A0010D8B4012010D001000A
:104C2000907F00103C850010407F0010074B1970EA
:104C300029B1074B4FF40032C3F890207047054B61
:104C40004FF40032C3F89020704700BFB7BA01207C
:104C500000201150003011500B7813F01F0F05D1B8
:104C600013F0600F02D14B78052B00D070474B88B2
:104C7000DBB2014A1360F9E70000115008B508469D
:104C8000114600230122FFF7A5FD012008BD000009
:104C900070B58C7804F00F05E40904EB840305EB90
:104CA0008500C00000EB83001E4B1844836823B3CB
:104CB0000E4604EB840205EB8503DB0003EB820365
:104CC000184A13449B78012B27D0B18804EB840247
:104CD00005EB8503DB0003EB8203124A1344D98002
:104CE000F5B1013D104B03EBC50304B904331A6859
:104CF00042F000421A60012070BD40F2F5120B49EB
:104D00000B48FFF7C5FC4FF0E023D3F8F03D13F05C
:104D1000010F00D000BE0020EEE7FFF769FED4E7E8
:104D20000120E9E7D8B401200800105000850010E8
:104D30009C7F001008B5FFF7BFFD08BD10B582B01D
:104D400094469E4601F00F04CB0903EB830204EB6B
:104D50008401C90001EB82010C480844A4B1621E21
:104D60000B4901EBC20103B904310A4A02EBC40248
:104D700003B90432CDF804E000230093634600F049
:104D80004BF9012002B010BD2146EEE7D8B4012056
:104D9000080010508000105000B583B0002200922F
:104DA00013468021FFF7CAFF03B000BD38B501F0FC
:104DB0000F05CC0904EB840305EB8500C00000EB74
:104DC00083000A4B18441DB96CB90222084B9A663D
:104DD000FFF70EFE074B03EBC50304B904334FF492
:104DE00000621A6038BD0122F0E700BFD8B401208C
:104DF0000020115080001050CA0911F00F0111D08D
:104E000002EB820001EB8103DB0003EB8003064829
:104E1000034400205870054B03EBC10302B904336F
:104E200000221A60704700BFD8B4012080001050E3
:104E300005E011F8013BDBB200F8013B624602F1EC
:104E4000FF3C002AF5D1704738B50446C2F3090586
:104E500099B912F4004F09D1638A2B446382E38825
:104E6000AB4201D900232382284638BD0C4B0D4AA2
:104E70004FF494710C48FFF7C1FA12F4004F08D0B8
:104E80002A461946C068FFF7D3FFE3682B44E36066
:104E9000E2E7064B034A4FF496710348FFF7AEFA78
:104EA000B47F001048850010D47F001024800010CB
:104EB00008B54FF080530B4A136002F5805213601F
:104EC000094B9B6813F0805FFAD04FF480520021A9
:104ED000064802F08FFA064B09225A670548FDF78B
:104EE000D1F908BD0020024000000240000010502F
:104EF00000001150A4BA0120002383700382438272
:104F0000C360704708B503680B4013F0042F0FD13E
:104F100021F00423036011F0042F08D0064B1B6C12
:104F200013F0020F02D10C23033BFDD2016008BD38
:104F300001460248FCF78EF9000011504480001031
:104F400008B503880B4013F4806F10D121F48063FF
:104F50009BB2038011F4806F08D0074B1B6C13F0D9
:104F6000020F02D10C23033BFDD2018008BD014694
:104F70000248FCF76FF900BF000011504480001098
:104F800070B504460846238AE5889D4228BF1D4621
:104F90005B1B238245F4806663780BB145F41056A1
:104FA00083F00103637012B93DB946F40046238AC9
:104FB0000BB946F48046304670BD2A46E168FFF7DB
:104FC00037FFE3682B44E360EFE72DE9F84306463B
:104FD0000D46174699461A468168FFF7D1FF40F4FF
:104FE0008054A4B235B12B689846338A43B928F06F
:104FF00080432B6021463846FFF784FFBDE8F883E5
:10500000B1684A4640313046FFF7BAFF44EA0044EF
:1050100048F08043EDE700002DE9F04385B00446F9
:10502000884691461E468378012B20D0BDF8343047
:105030002382002363820123A370E660264B1B6C4E
:10504000C3F340022178B2EBD11F0CBF0122002232
:10505000174613F0020F01D1257985B93B464A4620
:1050600041462046FFF7B1FF05B0BDE8F083017867
:105070001A48FFF70DFB2046FFF73EFFD6E7A3686F
:10508000E1782A4603EB8111304602F0F7F9638A92
:105090002B449BB21E466382238A5B1B9BB22382F6
:1050A000E2682A44E26000222271E270002BD5D12E
:1050B0002046FFF721FF237800218DF804100722F6
:1050C0008DF805208DF8083003968DF8091001A899
:1050D00002F086FAC8E700BF000011506880001097
:1050E0002DE9F04F83B01D469DF830309846837807
:1050F000002B7ED004469146404B1B6C03F002030C
:105100000193E9B10B6813F0804F1BD100239A463D
:10511000A66805B1403609EB4502934639F81530CB
:105120009BB21F4633463A4641462046FFF78CFE67
:1051300007F48043E288824206D8EBB1012104E003
:105140000B46E4E70123E2E701210F46824204D93E
:10515000524612B1424602B183B1002F4AD1238A8E
:10516000002B47D0424631462046FFF709FF014653
:105170005846FFF7E5FE3DE01946E6E7237803F0E1
:105180000F035B0001229A40019B0BB31B49C86CC3
:105190001B4B034043F01003CB64184BDB6C13F044
:1051A000100FFAD185F0010539F8153099B213F4D2
:1051B000004F15D1637883F0010363700023C9F8B1
:1051C0000030019B13B90F4B5A661A66474611E02F
:1051D0000D4B1A66094B5B6E32EA0303FAD1E1E725
:1051E000019B1BB10023C9F80030EFE72171E57086
:1051F000E4E71F46384603B0BDE8F08F00001150C9
:10520000008600200030115000201150002070470F
:1052100008B54B6902490B610121984708BD00BFE1
:1052200018A4012038B5054600240DE0E31A13F058
:10523000FF0318D103EBC3031E4A02EB8303DB68B1
:10524000284698470134E4B21B4B1B785A1CD2B253
:10525000A24217D9A342E9D9184B1B6804EBC40238
:1052600013EB8203EBD140F28B2215491548FFF76F
:105270000FFA4FF0E023D3F8F03D13F0010F00D008
:1052800000BE38BD104C6C220021204602F0B2F85E
:105290004FF0FF33C4F81B30C4F81F30C4F823307C
:1052A000C4F827302022FF2104F12B0002F0A2F8DD
:1052B000E7E700BF4C860010B6BA012028A3012002
:1052C000188600109C7F001018A4012008B5FFF775
:1052D000A9FF08BD2DE9F04383B007460139C8B2E4
:1052E000FBF780FB18B103464278022A13D040F244
:1052F000E3425B495B48FFF7CBF94FF0E023D3F87B
:10530000F03D13F0010F00D000BE00231E463046D2
:1053100003B0BDE8F083C279C2F380125249C87D60
:1053200062F30000C87503F109055A8813449846D2
:10533000454580F08E802B782B449845C0F08C80BA
:105340006A780B2A72D0042A05D143465B1B9BB2B4
:105350001E4600243CE040F2F34241494148FFF739
:1053600097F94FF0E023D3F8F03D13F0010F00D090
:1053700000BE00231E46CAE7E31A13F0FF0305D15F
:1053800003EBC303394A02EB830330E040F2FB42F4
:1053900033493448FFF77CF94FF0E023D3F8F03D70
:1053A00013F0010F00D000BE00231E46AFE740F20D
:1053B00003522B492B48FFF76BF94FF0E023D3F84A
:1053C000F03D13F0010FA2D000BEA0E70134E4B21B
:1053D000274B1B785A1CD2B2A24220D9A342CBD968
:1053E000244B1B6804EBC40213EB8203CED01B6971
:1053F000324629463846984781460828E6D98642EB
:10540000E4D31D4A019000951023D118204601F0E5
:1054100017FE06460028CAD04B462B4400E02B4618
:10542000134A12780132D2B2A24201D91D467FE757
:1054300040F20C520A490B48FFF72AF94FF0E023DB
:10544000D3F8F03D13F0010F00D000BE00231E463C
:105450005DE701231E465AE701231E4657E700BFBA
:10546000D08500109C7F001018A401204C860010ED
:10547000B6BA012028A3012033A401207047704749
:105480000020704700207047002070477047704729
:10549000704770470346002018707047014B587ED4
:1054A000704700BF18A40120024B1878FF3818BFBE
:1054B00001207047ECA00120F8B506460C460F46C7
:1054C000FFF7F2FF0546002870D134B36C220021AB
:1054D000454801F08FFF454B00221A704448FCF705
:1054E000D1FE444C2046FCF783FE434B1C60434CEA
:1054F0002046FCF7C7FEA4F1140001F06CFE183C36
:105500003F4B1C603F4C2046FFF7C4FF3E4B1860EA
:105510002378FF2B10D000242BE040F21E223B49C1
:105520003B48FFF7B5F84FF0E023D3F8F03D13F018
:10553000010F3BD000BE39E040F2492233493448E4
:10554000FFF7A6F84FF0E023D3F8F03D13F0010F7A
:105550002CD000BE2AE0E31A13F0FF0318D103EBAE
:10556000C3032C4A02EB83035B688BB19847013479
:10557000E4B2244B1B785A1CD2B2A24218D9A342DF
:10558000E9D9214B1B6804EBC40213EB8203EBD176
:1055900040F24E221D491E48FFF77AF84FF0E023F3
:1055A000D3F8F03D13F0010F00D000BE2846F8BD3F
:1055B000194B1E7039463046FFF7F6FA054618B10A
:1055C0003046FFF7D5FAF1E740F256220F4910486E
:1055D000FFF75EF84FF0E023D3F8F03D13F0010F32
:1055E000E4D000BEE2E700BF18A40120B8BA012051
:1055F0004CA5012010A4012084A40120E4A00120D6
:1056000088A40120B6BA012028A301203C860010FE
:105610009C7F00104C860010ECA0012000487047D1
:105620006CA3012030B583B02248007801F00F044C
:10563000DFF884C00CEB440C0CEBD11C9CF84BC085
:105640001CF0010F25D1CD09DFF86CC00CEB440C28
:10565000AC449CF84BE04EF0010E8CF84BE09DF80A
:1056600018C0CDF800C0FFF769FB08BB124B03EB75
:1056700044032B4493F84B2002F0FA0283F84B20AA
:105680004FF0E023D3F8F03D13F0010F10D000BE2F
:105690000EE040F22F6209490948FEF7F9FF4FF08A
:1056A000E023D3F8F03D13F0010F00D000BE00203E
:1056B00003B030BDECA0012018A4012070850010BB
:1056C0009C7F001000B583B0094BDB8873B1084B99
:1056D00093F90030002B07DA0021002200921346D4
:1056E000FFF7A0FF03B000BD8021F6E78021F4E7BB
:1056F00018A40120F0B583B007461A4B9E89DD89B6
:10570000741BA4B2402C28BF402493F90030002B16
:105710000BDB0021AE421FD0134A00230093234627
:105720003846FFF77FFF03B0F0BDAE420ED00D4B01
:1057300099680D4B99420BD064B179B1402C0FD8C8
:105740002246184601F09AFE8021E3E78021E1E736
:105750008021DFE78021DDE70022DEE70846E2E77F
:105760000020E0E718A401206CA3012070B582B0EE
:1057700006461C46494BDB88002B3ED0474B93F92D
:105780000030002B36DA00231D46A94238D0434BA7
:1057900093F90030002B0ADB404B986800287BD03F
:1057A0003F4B984203D02246194601F067FE3B4A20
:1057B000D38913FA84F39BB2D38191682144916019
:1057C000D288934201D03F2C51D8344B1B692BB166
:1057D000324A02213046984700283ED000220092EB
:1057E000134629463046FFF71DFF044630B32046D6
:1057F00002B070BD80231D46C7E780231D46C4E765
:105800007CB140F2863227492748FEF741FF4FF02E
:10581000E023D3F8F03D13F0010F00D000BE0024C8
:10582000E5E71E4C21463046FFF716FA23691BB107
:1058300022460321304698470124D8E740F2A93296
:1058400018491948FEF724FF4FF0E023D3F8F03D44
:1058500013F0010FCBD000BEC9E701463046FFF779
:10586000A5FA80213046FFF7A1FA0124BFE73046B0
:10587000FFF740FF04460028B9D140F2B132094990
:105880000948FEF705FF4FF0E023D3F8F03D13F091
:10589000010FACD000BEAAE70446A8E718A4012077
:1058A0006CA30120A08500109C7F001010B582B071
:1058B00026498A60B1F806C0634528BF63468B81DC
:1058C000BCF1000F28D003B132B1FFF713FF04463B
:1058D00098B1204602B010BD40F273321C491D48F9
:1058E000FEF7D6FE4FF0E023D3F8F03D13F0010FA2
:1058F00000D000BE00231C46EBE740F2753214498D
:105900001448FEF7C5FE4FF0E023D3F8F03D13F046
:10591000010FDED000BEDCE76246CDF800C0634672
:105920008021FFF77FFE04460028D2D14FF45E723B
:1059300007490848FEF7ACFE4FF0E023D3F8F03DEE
:1059400013F0010FC5D000BEC3E700BF18A40120AB
:105950008C8500109C7F001038B505460C464B889E
:105960001A0A062A61D01146D8B211D8022A2FD0BD
:10597000032A4ED0012A09D1FBF730F80246B8B10C
:10598000122321462846FFF791FF2CE000202AE051
:10599000072A1DD00F2A09D1FFF772FD024610B366
:1059A000438821462846FFF781FF1CE000201AE0CB
:1059B00040F21C5222492348FEF76AFE4FF0E023D2
:1059C000D3F8F03D13F0010F00D000BE00200AE034
:1059D000022909D0FFF758FD024620B1538821461D
:1059E0002846FFF763FF38BDFAF7FCFF02460028A0
:1059F000F4D140F2415212491248FEF749FE4FF0ED
:105A0000E023D3F8F03D13F0010F00D000BE0020DA
:105A1000E9E7A188FAF7EAFF02460028E3D0037815
:105A200021462846FFF742FFDDE7FFF72BFD024640
:105A30000028D8D0037821462846FFF737FFD2E761
:105A4000B88500109C7F00102DE9F04182B0074618
:105A50000C464B78052B1DD012D8012B7FD0032B81
:105A60006DD0002B40F08B804C4BDB7DADF80630C9
:105A700002230DF10602FFF719FF01231D4611E075
:105A8000082B13D0092B1DD0062B78D1FFF764FF0C
:105A9000054607E04988C9B2FFF77EF901203F4B70
:105AA00058750546284602B0BDE8F0813B4B1B7E89
:105AB0008DF8063001230DF10602FFF7F7FE0123F2
:105AC0001D46EFE74B88DAB29046344B1B7E93427B
:105AD00007D06BB9314B424683F81880AAB9FFF75B
:105AE000D6FC21463846FFF7EDFD01231D46D9E7D8
:105AF0000021FFF79BF83846FFF71CF9274D6E7E13
:105B00003846FFF78FFB6E76E4E741463846FFF7ED
:105B1000E1FB054610B1FFF7B9FCE2E71F4B187631
:105B200040F2EE321E491F48FEF7B2FD4FF0E0236F
:105B3000D3F8F03D13F0010FB4D000BEB2E74B88AC
:105B4000012B02D000231D46ACE7144AD37D43F05D
:105B50000203D375FFF7B6FD01231D46A2E74B886C
:105B6000012B02D000231D469CE70C4AD37D23F075
:105B70000203D375FFF7A6FD01231D4692E74FF000
:105B8000E023D3F8F03D13F0010F03D000BE002353
:105B90001D4687E700231D4684E700BF18A40120A7
:105BA000E48500109C7F001038B501F00F05CC098A
:105BB000074B1878FFF7FAF8064B03EB450323442D
:105BC00093F84B2042F0030283F84B2038BD00BF0E
:105BD000ECA0012018A4012038B501F00F05CC0974
:105BE000074B1878FFF708F9064B03EB45032344EE
:105BF00093F84B2002F0FC0283F84B2038BD00BF25
:105C0000ECA0012018A4012001F00F02044B03EBCB
:105C1000420303EBD11191F84B00C0F340007047F1
:105C200018A4012030B583B00446A04B1A4608687A
:105C3000496803C200229A60DA819A811A611B784E
:105C400003F06003602B1BD0402B2AD0974A1278B8
:105C500002F01F02012A57D0022A00F09B80002A7E
:105C600040F00A81202B24D0002B48D04FF0E023B5
:105C7000D3F8F03D13F0010F00D000BE00200EE07D
:105C800040F23E428A498B48FEF702FD4FF0E02386
:105C9000D3F8F03D13F0010F00D000BE002003B098
:105CA00030BD824A844B136101212046FFF7AEFAD2
:105CB000F5E77E4B9B88DAB20F2A00F2E7807B4A39
:105CC00052FA83F3DB7E7D4A1278934208D27C4AF3
:105CD000116803EBC30311EB83010BD10020DEE756
:105CE0009B1A13F0FF0340F0D38003EBC303754905
:105CF00001EB83016D4A2046FFF78AFACFE76B4933
:105D00002046FFF7A1FECAE7684B9B88DAB20F2A4C
:105D100000F2C080654A52FA83F3DB7E674A12784C
:105D2000934220D2664A116803EBC30311EB83014F
:105D300000F0B2805D4A2046FFF76AFA0028AED133
:105D40005A4B1B7813F0600FA9D1584B00221A61EF
:105D50005B780A2B12D00B2BA1D154492046FFF7B8
:105D6000B1FC01209BE79B1A13F0FF0340F09680E3
:105D700003EBC303534901EB8301DBE700238DF8F9
:105D8000063001230DF1060248492046FFF78EFD3B
:105D9000012084E7454A117901F00F0002EB40022F
:105DA00002EBD11292F82B204448007882420FD2A5
:105DB0004348006802EBC20200EB82021546ABB119
:105DC0002946002D6CD0394A2046FFF721FA66E7B4
:105DD000121A12F0FF0206D102EBC202394800EBA0
:105DE00082021546EBE700221546E8E72F4B5B7869
:105DF000012B14D0032B12D0A3BB2046FFF704FFC6
:105E000058B10123ADF8063002230DF106022749EF
:105E10002046FFF74BFD012041E70346F2E7234A06
:105E2000528822B9012B13D02046FFF7BDFE294628
:105E3000002D37D01D4A2046FFF7EAF900231B4A00
:105E4000136192F84C3013F0010F05D0012026E7C2
:105E50002046FFF7C1FEEAE711462046FFF732FC75
:105E600001201CE74FF0E023D3F8F03D13F0010FC1
:105E700000D000BE002012E74FF0E023D3F8F03D41
:105E800013F0010F10D000BE002008E7002006E745
:105E9000002004E7002002E7002000E70020FEE6E3
:105EA0002846FCE60120FAE60020F8E618A40120C6
:105EB000008600109C7F00100D520010B6BA012021
:105EC00028A301204C86001030B585B0FFF7ECFA0E
:105ED000002800F0C580002541E0042B40F0DB8065
:105EE000724B1B7D002B39D0704BD87DC0F3400026
:105EF000FFF7CEFA32E0072B68D0082B00F0BA800B
:105F0000062B40F0C8806A4B1B783BB3684A137875
:105F1000013BDBB21370137803BB644B01221A758B
:105F2000002283F84B2083F84C2002A99DF804003E
:105F3000FFF778FE90B901469DF80400FEF736FFA2
:105F400080219DF80400FEF731FF07E09DF8040072
:105F5000FFF7BCF99DF80820544B5A7601350F2DF8
:105F60007ED8544B1C68A369EFF3108272B6D3E855
:105F7000CF0F01210028FAD1C3E8401F0028F6D135
:105F8000BFF35F8FE2612046002330F8042B01A9A4
:105F900001F065F9A169E3690022C1E88F2F83F35D
:105FA000108800285CD09DF80530052B5AD0A2D867
:105FB000032B66D091D8012BC8D0022B6BD19DF852
:105FC0000400FFF783F9FFF762FAC7E79DF80810AE
:105FD00001F00F00CC09354B03EB400303EBD11369
:105FE00093F84B2002F0FA0283F84B20C0B12F4BFC
:105FF00003EB4003234493F82B302F4A127893424B
:1060000016D22E4A126803EBC30312EB830319D096
:106010009C69039B9DF809209DF80400A0479DE71B
:10602000039B9DF809209DF80400FFF79FFB95E76F
:106030009B1A13F0FF0305D103EBC303204A02EBC5
:106040008303E5E740F202321E491F48FEF720FBBA
:106050004FF0E023D3F8F03D13F0010F00D000BE65
:1060600005B030BD114B1B7D002B3FF477AFFFF720
:1060700010FA73E7029B002B3FF470AF0398984728
:106080006CE70A4B9B7E13F0010F3FF467AF029859
:10609000FFF7F5F962E74FF0E023D3F8F03D13F096
:1060A000010F3FF45BAF00BE58E700BF18A401200A
:1060B000B8BA012088A40120B6BA012028A3012083
:1060C0004C8600102C8600109C7F001008B5024BF7
:1060D0001878FEF7D3FD08BDECA001202DE9F041B2
:1060E0000C46174B1B7898468B7803F00F02164628
:1060F000DB091F46134B597E204600F011FF70B19B
:10610000104B03EB46033B44002283F84B2021460F
:106110004046FEF7BDFD05462846BDE8F081054630
:1061200040F2CE6208490948FEF7B2FA4FF0E02388
:10613000D3F8F03D13F0010FEED000BEECE700BF46
:10614000ECA0012018A40120588500109C7F0010AD
:1061500030B50446154600230BB1002030BD18466B
:10616000144A02EB831CDCF804201AB192F802C036
:10617000A44502D00133DBB2EEE792F800E002EB77
:106180000E0C12F80E2094440A4A02EB801EDEF830
:106190000820A2EB0C0EBEF1000FEBDD9CF80320F3
:1061A0008A4203D09CF800209444EDE72B70012034
:1061B000D4E700BF2CA3012000B58E46002109B111
:1061C000002000BD0F4B03EB81135B6813B94B1C20
:1061D000D9B2F4E70B4A02EB8112B2F80CC09C442E
:1061E00001E01A781344ACEB0302002AEFDD5A7881
:1061F000042AF6D19A788242F3D18EF80010012059
:10620000DFE700BF2CA3012000B58E46002109B1B5
:10621000002000BD0F4B03EB81135B6813B9013104
:10622000C9B2F4E70B4A02EB8112B2F80CC09C44ED
:10623000936801E01A781344ACEB0302002AEEDD08
:106240005A78052AF6D19A788242F3D18EF8001056
:106250000120DEE72CA3012030B584461C461D46F4
:10626000BDF80C00BCF80230002B34D0B3EB820F29
:1062700031DCBCF804E0AEEB030292B2BCF800C023
:106280008C4523D8A41AA14207DA154C246824B9F6
:10629000134B0A221A60634619E02C461444A142AB
:1062A0000DDD0F4A126852B9634504D00C4B0A2227
:1062B0001A6073460BE00A4B1A60734607E0084AFF
:1062C000126822B1013A06490A6000E000239842B0
:1062D00028BF184602E0884228BF084630BD00BFEC
:1062E00094A5012070B582B005460E468C88E4B2B4
:1062F0000DF107012046FFF75FFF88B100238DF8FD
:1063000006309DF807200B4B03EB82139B7CA342C6
:1063100008D001230DF1060231462846FFF7C6FAE0
:1063200002B070BD034B03EB8213DB7C8DF80630AB
:10633000EFE700BF2CA3012090F82430012B7AD185
:1063400070B5044690F82530002B76D090F82630B2
:10635000002B74D090F82330002B72D083690BB9D6
:1063600018466BE0FFF79AF8002842D194F82320F2
:10637000A369154602FB03F31E46FFF78FF80028BA
:106380003ED14FF47A73B6FBF3F39BB21E46A3697A
:106390002A4603FB02F21546FFF780F898BB4FF43C
:1063A0007A73B5FBF3F203FB125189B294F825E03E
:1063B0003346721E12FB0EF292B294F826C012FB04
:1063C0000CF290B21EFB06F292B21CFB02F292B2E9
:1063D000013313FB0EF39BB21CFB03F39BB2B4F827
:1063E00010C09C4512D309B3A283E2832384012009
:1063F00024E094F82330013B01229A40D2B2B7E75F
:106400004FF4FA53BFE74FF4FA53CAE740F234723D
:106410000D490E48FEF73CF94FF0E023D3F8F03D6C
:1064200013F0010F00D000BE002007E0A083E2833C
:106430002384012002E000207047184670BD1846F2
:10644000FCE71846FAE700BF708600109C7F00103A
:10645000012070472DE9F04182B0234BCB1AC3F3E2
:1064600087131F46CB7C002B39D006460C4690463E
:1064700001F11C000B8E9BB2B1F832C01FFA8CFCEC
:106480008A8DA3EB0C01002922DB89B2238A0093B9
:10649000A38A914228BF1146FFF7DEFE054600237E
:1064A0000246E16B04F1280000F0D9FE01230093BD
:1064B0002B46E26BA17B3046FFF7B4F880B1E37C5A
:1064C0000093A37B3A4641463046FFF7C1FF07E001
:1064D000A3EB0C0C0CEB420C1FFA8CF1D6E7184620
:1064E00002B0BDE8F08100BF2CA30120012070475D
:1064F000002070470020704778B908B50346084867
:1065000000EB8310406838B1980128300023DFF891
:1065100010C0604400F0C9FE08BD0020704700BFF5
:106520002CA3012068B908B5084A02EB8012526812
:106530004AB1830128330548184400F04CFE01207D
:1065400008BD002070471046FAE700BF2CA30120C9
:10655000034648B9054A02EB8012506828B19B01F6
:106560002833024818447047002070472CA30120AC
:1065700058B9084A02EB8012526842B1D2793AB156
:10658000202A00D0704702207047002070477047D3
:10659000012070472CA30120F8B507460C460D7862
:1065A0004E191E4BC31AC3F38710FFF7E1FF0128F2
:1065B00003D07378242B18D0F8BD635D33445A7828
:1065C000242AF9D19A78022AF6D1DA7887F8242099
:1065D000012AF1D11A7987F825205A7987F82620DF
:1065E0009B6823F07F43BB61E6E7B378012BE3D1DF
:1065F000B37A87F82530737987F82430635D3344A4
:106600005A78242AD8D19A78022AD5D1DA78012A60
:10661000D2D11B7987F82630CEE700BF2CA301200A
:106620002DE9F04F8BB082460D468C88E4B24F883E
:106630000DF127012046FFF7BFFD8146002800F03D
:10664000AA80FFB29DF82780654B03EB88139B4619
:106650009B7CA34208D0624A02EB8812936851687F
:10666000928901EB020C9EE05D484FEA88130021FD
:106670008BF812108BF813102833184400F0ABFD80
:1066800029465046FFF732FF002800F0A78000227D
:106690008BF80E20ABF81C20ABF81E20ABF82020A6
:1066A000D9E740F28A424F494F48FDF7F1FF4FF0DA
:1066B000E023D3F8F03D13F0010F00D000BEA9464F
:1066C00069E0F37813F00C0F14BF01230023029349
:1066D00003E0012300E00123029329465046FFF71F
:1066E0007BFAEB0921D10134E4B233781E444445EE
:1066F0003ED2BB1B002B3BDD7378052BF5D1314619
:106700005046FFF7EBFC05460028CAD0B5789DF847
:106710002700FFF72DFF0128D3D0F37813F03003C3
:10672000D9D0202BD5D00023D6E7029B002BDAD07E
:106730002B4B049A03EB82129573069B93741546B8
:10674000079BD374B388C3F30A031382938D5B084A
:10675000938205995846FFF71FFFEA6BA97B002338
:1067600000935046FEF75EFF0028BCD1814612E040
:10677000C646039D444502D0002399460BE02946B6
:106780005046F9F7B3FF50B15846FFF7D5FD2946FB
:106790005046FEF797FF48460BB0BDE8F08F8146A4
:1067A000F9E71A781344ACEB0302002AECDD5A78BF
:1067B000042AF6D19A78A242F3D1DA78BA42F0D11B
:1067C00093F804E01E460022CDF810800593F046B1
:1067D0000694144607976746039588E78146DAE7EB
:1067E0002CA301208C8600109C7F001030B583B054
:1067F00005460C460B7813F0600316D14B780A2B34
:106800000DD00B2B0ED0012B67D04FF0E023D3F827
:10681000F03D13F0010F00D000BE002010E0FFF7A4
:1068200061FD0DE0FFF7FCFE0AE0202B0AD04FF0DF
:10683000E023D3F8F03D13F0010F50D000BE00204C
:1068400003B030BD8988C8B2237803F01F03012B41
:106850000BD0022B29D04FF0E023D3F8F03D13F0FA
:10686000010F00D000BE0020EAE7090A0ED00DF1AA
:106870000702FFF76DFC0028E2D094F90030002BEE
:106880001DDA21462846F9F761FFD9E70DF1070126
:10689000FFF792FC0028D3D094F90030002B0EDAD9
:1068A00021462846FFF726FECAE70DF10701FFF74C
:1068B000ABFC0028C4D094F90030002B08DBFEF7B5
:1068C000ADFE0246402321462846FEF7EFFFB7E71C
:1068D00021462846F9F718FFB2E70120B0E700206B
:1068E000AEE700000B7803F06002202A01D00120FF
:1068F0007047F0B583B005460C4613F0800F40F0AA
:1069000089800B7803F01F03012B0BD0022B4DD095
:106910004FF0E023D3F8F03D13F0010F00D000BE9C
:10692000002078E08988C8B20B0A1E4630D00DF1ED
:1069300007021946FFF70CFC00286CD09DF80730C1
:106940001F461846FFF714FE022807D0FEF766FE22
:10695000024621462846F9F721FF5CE063881A0ABF
:106960002E4B03EB871393F82230B342EED1012A6A
:10697000ECD16378012BE9D1FEF750FE9DF807209A
:106980000368264800EB82108361FFF7D5FCDDE742
:106990000DF10701FFF710FC00283CD0FEF73EFE8A
:1069A000024621462846FFF7A3FD34E08B88DBB280
:1069B0001E460DF107011846FFF726FC58B39DF857
:1069C00007301F461846FFF7D3FD012807D0FEF712
:1069D00025FE024621462846F9F794FE1BE00F4BA0
:1069E00003EB87139B7BB342F1D163881B0A012B16
:1069F000EDD16378012BEAD1FEF710FE03689DF814
:106A0000072023F07F43054800EB82108361FFF7E6
:106A100093FCDCE7012003B0F0BD00BF2CA30120F4
:106A200070B5402200210B4800F0E4FC002404B1C2
:106A300070BDA60106F12800064D01234FF4406207
:106A40000549284400F09FFB3544044BEB630134B7
:106A5000E4B2ECE72CA30120A0A5012058B7012047
:106A60000020704770B5002404B170BDA501074E29
:106A70002822214606EB841000F0BCFC05F128001A
:106A8000304400F0A8FB0134E4B2EDE72CA3012070
:106A90004B79012B40F028812DE9F04706460C4642
:106AA0008B79012B40F02281CB7913B1202B40F060
:106AB0002081224423782344934208D21978194430
:106AC0008A4204D35878042801D00B46F4E7D11A3F
:106AD000082940F310815979012940F00E819B79F2
:106AE000022B40F00C812379012B0FD8012B1DD0F4
:106AF000E3781F46002B40F004813FB3002F40F0A5
:106B0000E380814B03EB87139889F0E040F24D322C
:106B10007E497F48FDF7BCFD4FF0E023D3F8F03D00
:106B200013F0010F00D000BE0020E0E040F24F3231
:106B300076497748FDF7ACFD4FF0E023D3F8F03D00
:106B400013F0010F00D000BE0020D0E03D466E4B98
:106B500003EB87135B6823B13B460133DBB21F466F
:106B6000CBE76949BB0101EB87104460CE54237821
:106B70002344092117E093F805C0BCF1010F04D1AB
:106B800093F806C0BCF1020F13D05F4B03EB8513E3
:106B9000998163189846B94600239A4626E01878EA
:106BA000014489B20344D01A0028EEDD5878042845
:106BB000E1D00B28E9D00428F1D198790228EED150
:106BC000514800EB851080680028E8D14E4800EB62
:106BD00085108360E3E7E37813F00C0F14BF012303
:106BE0000023A278D10919D123781C4443461B1BEA
:106BF000002B1FDD6378052BF6D13846FFF7B8FC74
:106C00000128E8D0E37813F0300305D0202B01D021
:106C10000023E6E70123E4E70123E2E7002BE3D0CA
:106C2000A388C3F30A039A4501D39146DCE79A4649
:106C30009146D9E74B463BB9334B03EB85135C6870
:106C40009B89E3181E460CE0524649463046FFF742
:106C50003DFAF1E7E37803F00302012A1FD023781D
:106C60001C44331B002B29DD63789846052BF1D09B
:106C70003846FFF77DFC0228F1D14346242BEED1A4
:106C8000A378032BEBD1A28840F201139A42E6D1FC
:106C9000227A1D4B03EB851383F82220DFE7A278CD
:106CA000D209DCD013F0300301D0202BD7D1A27948
:106CB000154B03EB851383F82320D0E7124B03EB2E
:106CC000851301229A7519E740F205420F491048D1
:106CD000FDF7DEFC4FF0E023D3F8F03D13F0010F99
:106CE00000D000BE002002E0002070470020BDE878
:106CF000F0870020FBE70020F9E70020F7E70020FD
:106D0000F5E70020F3E700BF2CA30120A4860010C4
:106D10009C7F001008B5012903D0022905D001206D
:106D200008BD1146FFF762FDFAE71146FFF7DAFDED
:106D3000F6E700207047000008B59E4600220AB121
:106D4000002008BD084B03EB821C9CF80E308B42E0
:106D500002D00132D2B2F2E71FFA8EF26146FFF79B
:106D600079FB0120EDE700BF2CA3012091F900C0C1
:106D7000BCF1000F71DAF0B583B006460C46174639
:106D80001D468988C8B294F800C00CF01F0CBCF1F5
:106D9000010F0CD0BCF1020F17D04FF0E023D3F855
:106DA000F03D13F0010F5AD000BE00202EE0090A7A
:106DB00005D00DF10702FFF7CBF958B926E00DF128
:106DC0000701FFF7F9F928B920E00DF10701FFF7F6
:106DD0001BFAD8B1FEF722FCC0B12A4635B13946BC
:106DE000002F3ED0402D3ED800F048FB9DF80730E4
:106DF0001F461846FFF7BCFB022809D0FEF70EFC21
:106E000002462B4621463046FEF750FD03B0F0BD4A
:106E1000237803F06002202AF0D103F01F03012B36
:106E2000ECD1A18863881A0A104B03EB871393F8FF
:106E30002230B3EB112FE1D1012ADFD16378012B8E
:106E4000DCD1FEF7EBFB9DF807200368074800EB59
:106E500082108361FFF770FAD0E7002070470020AE
:106E6000D4E73846D2E70020D0E700BF2CA30120AA
:106E700010B582B059B10A46012825D80B781BB34A
:106E800024490B54012B31D001231C462BE0012354
:106E90008DF8043008468DF8051001A9FEF70CFBAB
:106EA000044618B11B4B01221A701CE05E221A49DD
:106EB0001A48FDF7EDFB4FF0E023D3F8F03D13F057
:106EC000010F10D000BE0EE0712213491348FDF7E8
:106ED000DFFB4FF0E023D3F8F03D13F0010F00D0BB
:106EE00000BE00231C46204602B010BD1146FEF72E
:106EF000E3FA04460028F6D1762207490748FDF751
:106F0000C7FB4FF0E023D3F8F03D13F0010FEAD0B8
:106F100000BEE8E70CA40120E08600109C7F001072
:106F200008B58388C3F30A0383B1C27802F0030271
:106F3000022A2ED0032A5DD0012A75D1022915D04C
:106F400040F2FF329A4214D301200EE04FF48372D4
:106F500039493A48FDF79CFB4FF0E023D3F8F03D68
:106F600013F0010F00D000BE002008BD4FF4806276
:106F7000E8E740F20B1230493048FDF789FB4FF04B
:106F8000E023D3F8F03D13F0010F00D000BE002045
:106F9000EBE7022909D0082B48D0102B48D0202B32
:106FA00048D0402B16D10120DFE7B3F5007F01D197
:106FB0000120DAE74FF489721F492048FDF768FB8A
:106FC0004FF0E023D3F8F03D13F0010F00D000BEE6
:106FD0000020CAE740F2151217491848FDF758FB80
:106FE0004FF0E023D3F8F03D13F0010F00D000BEC6
:106FF0000020BAE7022904D040229A4204D301209B
:10700000B3E74FF48062F8E740F21B120A490B48DD
:10701000FDF73EFB4FF0E023D3F8F03D13F0010FF6
:1070200000D000BE0020A0E700209EE701209CE7E2
:1070300001209AE7012098E7CC8600109C7F001081
:1070400038B515461C46049BBDF814C09C446345E6
:1070500037D293F800E09E44F44534D393F801E02E
:10706000BEF1050F06D0BEF1040F0ED093F800E07C
:107070007344ECE793F802E00EF00F024FEADE1ED5
:1070800001EB420202F80E00F0E793F803E0BEF1D4
:10709000000FEBD193F802E0A64502D205F80E00EE
:1070A000E4E740F2351209490948FDF7F1FA4FF0DB
:1070B000E023D3F8F03D13F0010F00D000BE002014
:1070C00000E0012038BD0120FCE700BFB0860010C1
:1070D0009C7F001003460A4490B2814202D8B0EB74
:1070E000430F03DB5B009BB2C01A80B270470246BD
:1070F00083888B4203D8C91A88B2508170471944DB
:1071000088B2FAE7F8B504468E460E46B0F804C0D9
:10711000ACEB0305ADB2A3EB0C0C9444016819442D
:10712000954203D3704600F0A9F9F8BD1FFA8CF020
:1071300007462A46704600F0A1F93A4621683046D3
:10714000284400F09BF9F0E7F8B50446B0F804C015
:10715000ACEB0305ADB2A3EB0C0C94441FFA8CF01E
:10716000074620681844954202D300F087F9F8BD1D
:107170002A460E4600F082F93A46314629442068F4
:1071800000F07CF9F3E7F8B51F46B2F5004F1ED8C2
:1071900004460D461646C06818B14FF0FF3100F0A6
:1071A00013FA206918B14FF0FF3100F00DFA256095
:1071B000A680A771002363812381E06808B100F0F5
:1071C0000BFA206928B100F007FA0120F8BD002071
:1071D000FCE70120FAE710B50446C06818B14FF08B
:1071E000FF3100F0F1F9206918B14FF0FF3100F0E4
:1071F000EBF9002363812381E06808B100F0ECF92A
:10720000206908B100F0E8F910BDF8B505460E4652
:1072100017461946BDF818308288C81A002808DBBE
:1072200084B2D4B1A24209D3BC4200D33C46AA885E
:107230000CE0CC1A04EB4204A4B2F2E72846FFF7B4
:1072400056FF0346AC88EFE79B1A9BB29A42FBD9E4
:10725000224631462846FFF755FF2046F8BDF0B5D7
:1072600083B004460D4616461F46006918B14FF01C
:10727000FF3100F0A9F92389628992B20197009247
:107280009BB2324629462046FFF7BFFF024605461D
:10729000618989B2A088FFF71DFF6081206908B16C
:1072A00000F09AF9284603B0F0BD2DE9F8431646E0
:1072B000002A69D0044688469946C06818B14FF044
:1072C000FF3100F081F923899AB21746B4F80AC059
:1072D0001FFA8CF1A379DBB9A588531A002B10DBB8
:1072E0001FFA83FC65454DD9A5EB0C05ADB23346BD
:1072F000AE4228BF2B461D46002D3CD0A2883B46FF
:107300002CE0A2EB010C0CEB450C1FFA8CFCE9E71E
:10731000A588B54209D84B460BB10F46ECE7731B65
:1073200042461A4490460F46E6E7531A002B0CDB00
:107330009BB23344B3EB450F0CDBAA1B92B2284639
:10734000FFF7C8FE07463546D6E7531A03EB450359
:107350009BB2EEE73546CFE79B1A9BB29A42FBD928
:107360002A4641462046FFF7EFFE2A463946A088C6
:10737000FFF7B0FE2081E06808B100F02DF9284643
:10738000BDE8F8830025F6E71546F8E708B50120C3
:10739000FAF7B6FF01234FF0010242EC443008BD7A
:1073A00000B58BB045F24730FAF71CF803460122CE
:1073B000092101A89847042801D100230EE0094BB8
:1073C000094A2F210948FDF719F8C3F10F022832A5
:1073D0006A4412F8241C064AD1540133072BF4DD09
:1073E0000BB000BDA480001004870010AC8000101A
:1073F0009CBA012030B584078646034606D0A2B366
:1074000003F8011B980702F1FF32F8D1032A26D9AD
:107410005FFA81FC0F2A0CEB0C2C0CEB0C402AD9E8
:1074200022F00F0C9C44C3E90000C3E902001033B2
:107430006345F8D112F00C0F02F00F0517D04FEA98
:10744000950C1A460CF1FF3403EB8C0C42F8040B3C
:107450006245FBD1043305F0030203EB840322B140
:107460001A4403F8011B9A42FBD1704630BD2A46EC
:10747000002AF5D1F9E71546E1E700BF844641EA65
:10748000000313F0030349D1403A23D30B68036090
:107490004B6843608B688360CB68C3600B69036192
:1074A0004B6943618B698361CB69C3610B6A03627A
:1074B0004B6A43628B6A8362CB6AC3620B6B036362
:1074C0004B6B43638B6B8363CB6BC3634030403147
:1074D000403ADBD230320BD30B6803604B68436019
:1074E0008B688360CB68C36010301031103AF3D2E0
:1074F0000C3205D351F8043B40F8043B043AF9D26E
:10750000043208D0D2071CBF11F8013B00F8013B40
:1075100001D30B8803806046704700BF082A13D34D
:107520008B07B1D010F00303AED0C3F10403D21A1D
:10753000DB071CBF11F8013B00F8013BA4D331F875
:10754000023B20F8023B9FE7043AD9D3013A11F8F5
:10755000013B00F8013BF9D20B7803704B78437084
:107560008B7883706046704720F0030110F00300B1
:10757000C0F1000051F8043B00F1040C4FEACC0CC0
:107580006FF000021CBF22FA0CF213434FF0010C03
:107590004CEA0C2C4CEA0C4CA3EB0C0222EA030242
:1075A00012EACC1204BF51F8043B0430F4D0C2F10B
:1075B000000102EA0102B2FA82F2C2F11F0200EBFC
:1075C000D2007047F8B500BF5FF800F0230200203A
:1075D0005FF800F02D0600205FF800F07502002033
:1075E0005FF800F0250300205FF800F0F1010020B3
:1075F0005FF800F0CD020020312E0010A92D001000
:10760000D52D0010CD2E0010112E001039140010B1
:10761000552E001005140010292200105D2E0010B8
:10762000451C0010852D0010432E0010F52D001074
:10763000B9130010551D0010A173001011020010A5
:04764000CD02001067
:1076480064726571203C3D20445245515F464F525B
:1076580043450000766F6964206368616E6E656CEF
:107668005F636F6E6669675F7365745F6472657187
:1076780028646D615F6368616E6E656C5F636F6ED1
:107688006669675F742A2C2075696E74290000008A
:107698002F55736572732F6A657373652F536F6601
:1076A80074776172652F5069636F2F7069636F2DEE
:1076B80073646B2F7372632F7270325F636F6D6DBB
:1076C8006F6E2F68617264776172655F646D612F98
:1076D800696E636C7564652F686172647761726541
:1076E8002F646D612E680000636861696E5F746F56
:1076F800203C3D204E554D5F444D415F4348414E2F
:107708004E454C5300000000766F69642063686141
:107718006E6E656C5F636F6E6669675F7365745FD5
:10772800636861696E5F746F28646D615F63686127
:107738006E6E656C5F636F6E6669675F742A2C2076
:1077480075696E742900000080BB0000536F6D6579
:107758007468696E67466F7572696572000000002B
:107768005553422053796E74680000003030303031
:10777800303200000A2A2A2A2050414E4943202A42
:107788002A2A0A000A00000068775F69735F636C41
:1077980061696D656428626974732C206269745F1D
:1077A800696E6465782900002F55736572732F6AB6
:1077B800657373652F536F6674776172652F5069AF
:1077C800636F2F7069636F2D73646B2F7372632FF0
:1077D800636F6D6D6F6E2F68617264776172655F3C
:1077E800636C61696D2F636C61696D2E63000000C5
:1077F8004E6F207370696E6C6F636B732061726576
:1078080020617661696C61626C650000706F6F6CF5
:107818002D3E74696D65725F616C61726D5F6E7526
:107828006D203D3D2074696D65725F616C61726D9C
:107838005F6E756D000000002F55736572732F6AB7
:10784800657373652F536F6674776172652F50691E
:10785800636F2F7069636F2D73646B2F7372632F5F
:10786800636F6D6D6F6E2F7069636F5F74696D659F
:107878002F74696D652E630064656661756C745F4D
:10788800616C61726D5F706F6F6C5F696E6974694E
:10789800616C697A65642829000000004174746588
:1078A8006D7074656420746F20736C6565702069F1
:1078B8006E73696465206F6620616E206578636504
:1078C8007074696F6E2068616E646C65723B2075B8
:1078D800736520627573795F7761697420696620C2
:1078E800796F75206D7573740000000048617264CB
:1078F8007761726520616C61726D20256420616C0E
:10790800726561647920636C61696D65640000006B
:1079180030783163203D3D20282A696E7374293EF2
:107928003E313175000000002F55736572732F6A60
:10793800657373652F536F6674776172652F50692D
:10794800636F2F7069636F2D73646B2F7372632F6E
:107958007270325F636F6D6D6F6E2F6861726477DE
:107968006172655F6972712F6972712E6300000020
:1079780064656C7461203E3D202D323034382026F9
:10798800262064656C7461203C3D203230343620FA
:10799800262620212864656C746120262031290060
:1079A80063757272656E74203D3D205F5F756E6809
:1079B800616E646C65645F757365725F697271206E
:1079C8007C7C2063757272656E74203D3D20686111
:1079D8006E646C65720000006972715F68616E6444
:1079E8006C65725F636861696E5F667265655F7317
:1079F8006C6F745F68656164203E3D203000000054
:107A0800767461626C655F68616E646C6572203D56
:107A18003D205F5F756E68616E646C65645F757349
:107A280065725F6972710000212828282875696EBF
:107A3800747074725F742972656D6F76655F7468AF
:107A4800756D625F62697428767461626C655F68DF
:107A5800616E646C65722929202D20282875696E4D
:107A6800747074725F74296972715F68616E646C96
:107A780065725F636861696E5F736C6F74732929DF
:107A880020252073697A656F66287374727563742C
:107A9800206972715F68616E646C65725F636861AA
:107AA800696E5F736C6F74292900000069735F73D6
:107AB80068617265645F6972715F7261775F68613E
:107AC8006E646C657228736C6F745F68616E646C49
:107AD80065722900657863657074696F6E000000CF
:107AE800666F756E6400000031203D3D2028756981
:107AF8006E747074725F74296C2D3E7370696E5F5A
:107B08006C6F636B000000002F55736572732F6AEA
:107B1800657373652F536F6674776172652F50694B
:107B2800636F2F7069636F2D73646B2F7372632F8C
:107B3800636F6D6D6F6E2F7069636F5F73796E63BE
:107B48002F6D757465782E6300000000746F746182
:107B58006C0000006D74782D3E636F72652E737033
:107B6800696E5F6C6F636B006C6F636B5F69735FEB
:107B78006F776E65725F69645F76616C6964286DA2
:107B880074782D3E6F776E65722900006D74782DBC
:107B98003E656E7465725F636F756E7400000000F9
:107BA80070726F6772616D2D3E6C656E67746820C8
:107BB8003C3D2050494F5F494E5354525543544918
:107BC8004F4E5F434F554E54000000002F557365CC
:107BD80072732F6A657373652F536F66747761725A
:107BE800652F5069636F2F7069636F2D73646B2FF6
:107BF8007372632F7270325F636F6D6D6F6E2F6873
:107C0800617264776172655F70696F2F70696F2E3A
:107C1800630000004E6F2050494F207374617465F3
:107C2800206D616368696E65732061726520617695
:107C380061696C61626C650070726F6772616D5F1B
:107C48006D61736B203D3D20285F757365645F69C6
:107C58006E737472756374696F6E5F737061636558
:107C68005B70696F5F6765745F696E6465782870BB
:107C7800696F295D20262070726F6772616D5F6D74
:107C880061736B290000000076636F5F667265712F
:107C9800203E3D205049434F5F504C4C5F56434F68
:107CA8005F4D494E5F465245515F485A202626206F
:107CB80076636F5F66726571203C3D205049434F83
:107CC8005F504C4C5F56434F5F4D41585F4652459D
:107CD800515F485A000000002F55736572732F6A70
:107CE800657373652F536F6674776172652F50697A
:107CF800636F2F7069636F2D73646B2F7372632FBB
:107D08007270325F636F6D6D6F6E2F68617264772A
:107D18006172655F706C6C2F706C6C2E6300000074
:107D28006662646976203E3D20313620262620662C
:107D380062646976203C3D203332300028706F73CE
:107D4800745F64697631203E3D20312026262070FC
:107D58006F73745F64697631203C3D203729202693
:107D6800262028706F73745F64697632203E3D2048
:107D78003120262620706F73745F64697632203C48
:107D88003D203729000000007265665F66726571E4
:107D9800203C3D202876636F5F66726571202F2036
:107DA800313629004E6F20444D41206368616E6E64
:107DB800656C732061726520617661696C61626CC3
:107DC800650000004465627567000000626F6F74AB
:107DD800325F77323571303830000000322E322E63
:107DE800300000007069636F325F696365000000EE
:107DF8005553422D53796E74680000004A756E2001
:107E08003233203230323600666E692B00000000B3
:107E1800666E69006E616E00666E692D0000000076
:107E28002C2066756E6374696F6E3A20000000003E
:107E3800617373657274696F6E20222573222066E0
:107E480061696C65643A2066696C65202225732235
:107E58002C206C696E65202564257325730A000043
:107E68006D757465785F69735F696E697469616C53
:107E7800697A656428266C6F636B6F75745F6D75BE
:107E880074657829000000002F55736572732F6A96
:107E9800657373652F536F6674776172652F5069C8
:107EA800636F2F7069636F2D73646B2F7372632F09
:107EB8007270325F636F6D6D6F6E2F7069636F5F85
:107EC8006D756C7469636F72652F6D756C74696319
:107ED8006F72652E630000002128737461636B5F05
:107EE80073697A655F627974657320262033752912
:107EF8000000000068775F6275666665725F70747F
:107F080072203C207573625F647072616D2D3E65EE
:107F180070785F64617461202B2073697A656F667D
:107F2800287573625F647072616D2D3E6570785F4D
:107F380064617461290000002F55736572732F6A9C
:107F4800657373652F536F6674776172652F506917
:107F5800636F2F74696E797573622F7372632F70F4
:107F68006F727461626C652F726173706265727290
:107F78007970692F7270323034302F6463645F72A5
:107F880070323034302E63007268706F7274203D26
:107F98003D20300025732025643A20415353455233
:107FA80054204641494C45440D0A00002128627579
:107FB800665F6374726C2026205553425F425546B3
:107FC8005F4354524C5F46554C4C29002F557365FE
:107FD80072732F6A657373652F536F667477617256
:107FE800652F5069636F2F74696E797573622F738B
:107FF80072632F706F727461626C652F7261737037
:10800800626572727970692F7270323034302F72F3
:1080180070323034305F7573622E63006275665F4C
:108028006374726C2026205553425F4255465F4365
:1080380054524C5F46554C4C000000006275665F18
:108048006374726C2040203078256C5820616C7203
:108058006561647920617661696C61626C650000B4
:108068005741524E3A207374617274696E67206E7C
:108078006577207472616E73666572206F6E206119
:108088006C726561647920616374697665206570D6
:1080980020253032580D0A004C4544007263203DBB
:1080A8003D2034002F55736572732F6A65737365AD
:1080B8002F536F6674776172652F5069636F2F70E5
:1080C80069636F2D73646B2F7372632F7270325FE5
:1080D800636F6D6D6F6E2F7069636F5F756E697119
:1080E80075655F69642F756E697175655F69642E62
:1080F800630000000481001010FF0102982018207E
:10810800972017202FE09720014017204500008076
:108118002FE09720014017204B000080A8B03BB506
:108128009F471C37A2AB4AB8573C2739BE79DDB9FF
:10813800876C7D3A590D02BBAA44753B953DD8BB67
:10814800D8D9343C2A8091BCB3F5E43CF78B34BDD4
:108158002DA0953D33CA14BE0FAB713FAF74593E85
:108168008894B4BD249E4C3D887AFBBC65D69C3C63
:10817800938440BC8E24E43B268580BBFA95073B5C
:10818800D98D83BAFA27E539598B2CB9039A503817
:10819800D18520B7FE704035B481001054770010A7
:1081A80068770010747700106877001009040000E1
:1081B80009026C00020100A032080B000201010054
:1081C8000009040000000101000409240100011E47
:1081D8000001010C2402010102030203000000094E
:1081E8002403030101010100090401000001020048
:1081F8000009040101010102000007240103010133
:10820800000B2402010202100180BB000905810550
:1082180004030100000725010101010012011001FA
:10822800EF020140FECA11400001010203010000F3
:10823800000008400407060505FF000028151F0078
:10824800F082001006000000D8820010060000002E
:10825800C082001006000000A8820010060000007E
:1082680090820010060000007882001006000000CE
:108278000A0000000E0000001A0000001E000000A6
:108288002A0000002E0000000B0000000F00000074
:108298001B0000001F0000002B0000002F00000042
:1082A800080000000C000000180000001C0000007E
:1082B800280000002C00000002000000060000005A
:1082C8001200000016000000220000002600000036
:1082D8000300000007000000130000001700000062
:1082E8002300000027000000000000000400000038
:1082F800100000001400000020000000240000000E
:108308001083001003FF010042B8216001B1000092
:1083180068775F636C61696D5F636C6561720000AB
:10832800616C61726D5F706F6F6C5F6765745F64BD
:10833800656661756C740000616C61726D5F706F69
:108348006F6C5F6972715F68616E646C6572000062
:108358006972715F6164645F7461696C5F746F5F97
:10836800667265655F6C6973740000006D616B65AA
:108378005F6A5F31360000007265736F6C76655F07
:108388006A5F3136000000006972715F6164645F82
:108398007368617265645F68616E646C6572000021
:1083A8006972715F7365745F6578636C75736976FC
:1083B800655F68616E646C65720000006D75746558
:1083C800785F6578697400006D757465785F656EAF
:1083D8007465725F626C6F636B5F756E74696C0055
:1083E80072756E74696D655F696E69745F6D7574B9
:1083F8006578000070696F5F72656D6F76655F7094
:10840800726F6772616D000066696E645F6F6666A1
:108418007365745F666F725F70726F6772616D000B
:10842800706C6C5F696E6974000000000600525041
:10843800D3F07542CC7D001006005250E182887F4F
:10844800D47D001006005250ABB36053E47D001099
:1084580006005250BBFF3CB6EC7D0010060052509F
:10846800861C0302F87D0010060052505422A29D7B
:10847800047E001005005250DE65F4684C27021097
:10848800000000000000F03F000000000000244051
:1084980000000000000059400000000000408F402C
:1084A800000000000088C34000000000006AF84097
:1084B8000000000080842E4100000000D0126341BB
:1084C8000000000084D797410000000065CDCD4131
:1084D8000D0A00006D756C7469636F72655F6C617D
:1084E800756E63685F636F7265315F776974685F23
:1084F800737461636B0000006463645F6564707427
:108508005F69736F5F616374697661746500000009
:108518006463645F696E745F656E61626C650000B8
:1085280068775F656E64706F696E745F6F70656E93
:10853800000000006463645F696E697400000000F5
:108548006275666374726C5F73796E6331360000AE
:10855800757362645F656470745F69736F5F61638C
:108568007469766174650000757362645F65647030
:10857800745F78666572000071756575655F65760C
:10858800656E74007475645F636F6E74726F6C5F90
:108598007866657200000000757362645F636F6ED1
:1085A80074726F6C5F786665725F636200000000CA
:1085B80070726F636573735F6765745F6465736317
:1085C800726970746F72000070726F636573735FA5
:1085D8007365745F636F6E666967000070726F63BE
:1085E8006573735F7374645F6465766963655F72EE
:1085F800657175657374000070726F636573735F7E
:1086080073657475705F726563656976656400008B
:10861800636F6E66696775726174696F6E5F7265A4
:10862800736574007475645F7461736B5F657874E7
:10863800000000007475645F7268706F72745F691F
:108648006E69740000000000216A0010616A001061
:10865800656A0010916A0010156D0010336D0010E6
:10866800396D001029060020617564696F645F63C5
:10867800616C635F74785F7061636B65745F737A54
:1086880000000000617564696F645F7365745F69F9
:108698006E746572666163650000000061756469E7
:1086A8006F645F6F70656E0074755F62696E645F9A
:1086B8006472697665725F746F5F65705F6974660E
:1086C8000000000074755F656470745F76616C69A2
:1086D8006461746500000000747573625F7268708D
:1086E8006F72745F696E6974000000000E0052506A
:1086F8000200000000000000A08000105F72657496
:1087080072696576655F756E697175655F69645FC5
:088718006F6E5F626F6F740069
:088720005CEDFF7F0100000089
:1087280034840010408400104C84001058840010D9
:1087380064840010708400107C840010F48600109B
:1087480000B503460068EFF3108272B6D0E8CFEFA9
:108758005FF0010CBEF1000FF8D1C0E84ECFBEF1BA
:10876800000FF3D1BFF35F8F93F90400002809DBF2
:1087780079B10860002019680023C1E88F3F82F3AF
:10878800108800BD4FF0504191F900101971012077
:10879800F1E70846EFE70000F8B51E460368002B2E
:1087A80028D0044615464FF0504393F900301F4631
:1087B8002168EFF3108C72B6D1E8CF2F0123002A7D
:1087C800FAD1C1E8423F002AF6D1BFF35F8F94F98E
:1087D80004E0BEF1000F13DB22680023C2E88F3FDC
:1087E8008CF310882846314600F0F2FB0028DFD0D1
:1087F80000200DE0074B084AA621084800F0ECFBD2
:10880800277122680023C2E88F3F8CF3108801206B
:10881800F8BD00BF5C7B0010D0830010107B0010F7
:1088280070B582B0064615461C4601A9FFF788FFB9
:1088380038B99DF904204FF0504393F900309A421B
:1088480001D102B070BD2A4623463046FFF7A4FF87
:10885800F7E738B505460C4600F0CAFBE30E4FEAC9
:10886800441CBCEB040C63F100039B0043EA9C73BB
:108878004FEA8C0C1CEB040C43F10003DB0043EAC9
:108888005C734FEACC0C10EB0C0243EB0103002B9A
:1088980003DB2846FFF780FF38BD4FF0FF326FF04B
:1088A8000043F6E708B50268EFF3108372B6D2E822
:1088B800CFCF0121BCF1000FF9D1C2E84C1FBCF1A8
:1088C800000FF4D1BFF35F8F90F90420002A09DB71
:1088D800FF22027101680022C1E88F2F83F31088FC
:1088E80040BF08BD024B034AD521034800F074FB82
:1088F800707B0010C4830010107B001000B5844604
:1089080010464FF0000E0AE0DCF80C3013F0020FAE
:10891800FAD011F80E30CCF808300EF1010E864569
:10892800F2D301E0DCF80830DCF80C3013F0040F67
:10893800F8D1DCF80C3013F0100FFAD101E0DCF8B4
:108948000830DCF80C3013F0040FF8D10123CCF810
:10895800203000BD2DE9F04184B0054688464378B3
:10896800052B60D037D8032B00F08580042B52D01C
:10897800022B05D18C4B00221A755A751A769A75F6
:108988008A4B1C68A369EFF3108272B6D3E8CF0F45
:1089980001210028FAD1C3E8401F0028F6D1BFF30F
:1089A8005F8FE2612046002330F8042B294600F04F
:1089B8001BFBA169E3690022C1E88F2F83F31088AC
:1089C800002800F0318142466978287800F014FBCD
:1089D80004B0BDE8F081062B00F0DF80072BCFD173
:1089E8000179CC0911F00F031A461846C8D06E4B0E
:1089F80003EB4203234493F82B306D4A12789342D9
:108A080080F0E2806B4A126803EBC30312EB830326
:108A180040F0E480B4E7644B1B7D002BD8D0624B58
:108A280001229A75ACE7604B1B7D002BD0D05E4BC2
:108A380000229A75A4E7E31A13F0FF0309D103EBA8
:108A4800C3035D4A02EB83031B6A13B16968287884
:108A580098470134E4B2564B1B78581CC0B2A04268
:108A68000BD9A342E7D9534B1B6804EBC40213EBA1
:108A78008203E9D1EDE70024EDE74B4B9B7D002B0A
:108A880036D1494B9B7E13F0010FA1D02B788DF87E
:108A9800043003238DF805306B680293434B1C6840
:108AA800A369EFF3108272B6D3E8CF0F0121002833
:108AB800FAD1C3E8401F0028F6D1BFF35F8FE26107
:108AC8002046002330F8042B01A900F08DFAA16993
:108AD800E3690022C1E88F2F83F3108800284CD067
:108AE80042469DF805109DF8040000F085FA6FE7EE
:108AF80000242D4B9C7501A901944C608C602B7847
:108B08008DF8043005238DF80530284B1E68B369AD
:108B1800EFF3108272B6D3E8CFCF0120BCF1000F7B
:108B2800F9D1C3E84C0FBCF1000FF4D1BFF35F8F4C
:108B3800F2613046234630F8042B00F055FAB2694A
:108B4800F369C2E88F4F83F3108838B142469DF825
:108B580005109DF8040000F04FFA92E740F2AF12BA
:108B68001649174800F03CFA4FF0E023D3F8F03DDF
:108B780013F0010F85D000BE83E740F2AF120F4912
:108B88000F4800F02DFA4FF0E023D3F8F03D13F032
:108B9800010F3FF41DAF00BE1AE70A4A13780133EC
:108BA800DBB21370ECE600BF18A4012088A40120F2
:108BB800B6BA012028A301204C8600108085001039
:108BC8009C7F0010B8BA01209B1A13F0FF037FF4B2
:108BD800D7AE03EBC3031C4A02EB8303DA69002A0E
:108BE8003FF4CEAE194A064602EB4002224492F800
:108BF8004B0000F0FA0082F84B00DB691F46AB68B7
:108C08006A792878B84780F0010010F0FF0F3FF428
:108C1800DFAE0E4B03EB4603234493F84B2042F0A0
:108C2800050283F84B20ABE640F2AF120849094829
:108C380000F0D6F94FF0E023D3F8F03D13F0010F20
:108C48003FF4C6AE00BEC3E64C86001018A401204F
:108C5800808500109C7F00107047000053B94AB906
:108C6800002908BF00281CBF4FF0FF314FF0FF302C
:108C780000F0ACB9ADF1080C6DE904CE00F006F8CF
:108C8800DDF804E0DDE9022304B070472DE9F04780
:108C9800064682B0174608460A9AB4460D46002B87
:108CA8004DD18F42BE4665D9B7FA87F149B1C1F1B6
:108CB80020038D4007FA01FE06FA01FC26FA03F3A9
:108CC8001D434FEA1E461FFA8EF04FEA1C43B5FBC0
:108CD800F6F406FB145543EA054304FB00F59D42F0
:108CE80006D91EEB030302D29D4200F24C81013CDF
:108CF8005B1B1FFA8CFCB3FBF6F506FB153305FB73
:108D080000F04CEA034C60450AD91EEB0C0C2CBF52
:108D180001230023604502D9002B00F03781013D73
:108D2800ACEB000C45EA0440002422B12CFA01F314
:108D38000021C2E90031214602B0BDE8F0878B422C
:108D480008D90AB1C2E9006100242046214602B0D0
:108D5800BDE8F087B3FA83F4002C4DD18B42C0F004
:108D68000581B74240F202812046002AE3D0C2E9D9
:108D780000C5E0E7002F00F0A2801946B7FA87F394
:108D8800002B40F0B480C31B1FFA8EF83F0C01245F
:108D98004FEA1C40B3FBF7F507FB153340EA0343E2
:108DA80008FB05F098420AD91EEB03032CBF0126E5
:108DB8000026984202D9002E00F0E280013D1B1ADD
:108DC8001FFA8CFCB3FBF7F007FB10334CEA034C9B
:108DD80008FB00F363450AD91EEB0C0C2CBF0126D7
:108DE8000026634502D9002E00F0C7800138ACEB9D
:108DF800030C40EA054098E7C4F12008A34006FAAE
:108E080004FAA14027FA08FC20FA08F007FA04F946
:108E18004CEA030C26FA08F34FEA1C460B431FFAE8
:108E28008CFE190CB0FBF6F706FB170041EA00416F
:108E380007FB0EF088420AD91CEB01012CBF012563
:108E48000025884202D9002D00F0B280013F091A9E
:108E58009BB2B1FBF6F006FB101100FB0EFE43EAD5
:108E680001439E450AD91CEB03032CBF01210021B5
:108E78009E4502D9002900F09E80013840EA07404B
:108E8800A3EB0E03A0FB09E18B4276460F4602D303
:108E980007D1F24505D2BEEB090661EB0C0101389A
:108EA8000F4652B1BAEB060163EB070303FA08F564
:108EB800E140E3400D43C2E9005300243BE7730857
:108EC800B8464908019743EAC0734FEAC67C1C0CB0
:108ED8009BB244EA014443EA0443B4FBF7F4B1FB10
:108EE800F7F51F21019844EA05441B1A50E7194673
:108EF80007FA03FEC3F1200300FA01F44FEA1E4704
:108F0800D84026FA03F31FFA8EF806FA01FC234329
:108F1800B0FBF7F51C0C07FB150044EA004005FB05
:108F280008F484424AD91EEB00002CBF0126002613
:108F3800844200D98EB3001B013DB0FBF7F404FB5B
:108F480008F6A146019607FB19009BB2019E43EA69
:108F58000043B342C6D21EEB03032CBF01200020FE
:108F6800B34200D2A8B109F1FF34BBE7B6EB070C56
:108F780060EB030301201D46F7E6F444023836E7A8
:108F8800023D73441BE7023C7344B1E6F444023DDE
:108F9800C6E6A9F102047344A4E7AEEB0404023D5B
:108FA8002044B0FBF7F404FB08F6A1460196CAE793
:108FB800023F61444BE7023863445FE7001BB0FBA4
:108FC800F7F404FB08F6A1460196BCE7704700BF1A
:108FD8005FF800F03D1B00105FF800F0FD43001043
:108FE8005FF800F0914600105FF800F0AB720010D7
:108FF8005FF800F0F11C00105FF800F07D540010DD
:10900800FF0000FF7EAA997E5100010592002062B0
:1090180002B382000072015011000101000000003B
:109028000000000000000000000000000000000038
:109038000000000000000000000000000000000028
:109048000000000000000000000000000000000018
:109058000000000000000000000000000000000008
:1090680000000000000000000000000000000000F8
:1090780000000000000000000000000000000000E8
:1090880000000000000000000000000000000000D8
:1090980000000000000000000000000000000000C8
:1090A80000000000000000000000000000000000B8
:1090B80000000000000000000000000000000000A8
:1090C8000000000000000000000000000000000098
:1090D8000000000000000000000000000000000088
:1090E8000000000000000000000000000000000078
:1090F8000000000000000000000000000000000068
:109108000000000000000000000000000000000057
:109118000000000000000000000000000000000047
:109128000000000000000000000000000000000037
:109138000000000000000000000000000000000027
:109148000000000000000000000000000000000017
:109158000000000000000000000000000000000007
:1091680000000000000000000000000000000000F7
:1091780000000000000000000000000000000000E7
:1091880000000000000000000000000000000000D7
:1091980000000000000000000000000000000000C7
:1091A80008000000000000000000000000000000AF
:1091B80000000000000000000000000000000000A7
:1091C8000000000000000000000000000000000097
:1091D8000000000000000000000000000000000087
:1091E8000000000000000000000000000000000077
:1091F8000000000000000030000000000000000037
:109208000000000000000000000000000000000056
:109218000000000000000000000000000000000046
:109228000000000000000000000000000000000036
:109238000000000000000000000000000000000026
:109248000000000000000000000000000000000016
:109258000000000000000000000000000000000006
:1092680000000000000000000000000000000000F6
:1092780000000000000000000000000000000000E6
:1092880000000000000000000000000000000000D6
:1092980000000000000000000000000000000000C6
:1092A80000000000000000000014000000000000A2
:1092B80000000000000000000000000000000000A6
:1092C8000000000000000000000000000000000096
:1092D8000000000000000000000000000000000086
:1092E8000000000000000000000000000000000076
:1092F8000000000000000000000000000000000066
:109308000000100000000000000000000000000045
:109318000000000000000000000000000000000045
:109328000000000000000000000000000000000035
:109338000000000000000000000000000000000025
:109348000000000000000000000000000000000015
:109358000000000000000000000000000000000005
:1093680000000000000000000000000000000000F5
:1093780000000000000000000000000000000000E5
:1093880000000000000000000000000000000000D5
:1093980000000000000000000000000000000000C5
:1093A80000000000000000000000800000000040F5
:1093B80000000000000000000000000000000000A5
:1093C8000000000000000000000000000000000095
:1093D8000000000000000000000000000000000085
:1093E8000000000000000000000000000000000075
:1093F8000000000000000000000000000000000065
:109408000C0200000008000000000000000000003E
:109418000000000000000000000000000000000044
:10942800000000000000000C000000000000000028
:109438000000000000000000000000000000000024
:109448000000000000000000000000000000000014
:109458000000000000000000000000000000000004
:1094680000000000000000000000000000000000F4
:10947800000000000000000000000007800000005D
:1094880000000000000000000000000000000000D4
:1094980000000000000000000000000000000000C4
:1094A80000000000000000000000000000000100B3
:1094B80000000000000000000000000000000000A4
:1094C8000000000000000000000000000000000094
:1094D8000000000000000000000000000000000084
:1094E8000000000000000000000000000000000074
:1094F8000000000000000000000000000000000064
:109508000000000000000000400000000000000013
:109518000000000000000000000000000000000043
:109528000000000000000000000000000000000033
:109538000000000000000000000000000000000023
:109548000000000000000000000000000000000013
:109558000000000000000000000000020000000001
:1095680000000000000000000000000000000000F3
:1095780000000000000000000000000000000000E3
:1095880000000000000000000C3020000000000077
:1095980000000000000000000000000000000000C3
:1095A80000000000000000000000000000000000B3
:1095B800000000000000000000000004000000009F
:1095C800000000000000000000200004000000006F
:1095D800000000000000000000000000000000C3C0
:1095E8000000000000000000000000000000000073
:1095F8000000000000000000000000000000000063
:10960800000000000800000000000000000000004A
:1096180004038000000000000000000000000001BA
:10962800400850000000000000000000000000009A
:1096380000000000000C30200000000000000000C6
:109648000000000000000000000000000000000012
:109658000000000000000000000000000000000002
:109668000000000000020000021C1040080000007A
:1096780000000020080000000000000000000000BA
:10968800000000000000000000000000C30000000F
:1096980000000000000000000000000000000000C2
:1096A80000000000000000000000000000000000B2
:1096B8000000000000000000000000000000002D75
:1096C800C20C000000000000000000400000000084
:1096D8000000000000000000000000000000000082
:1096E80000000C3020000000000000000000000016
:1096F8000000000000000000000000000000000062
:109708000000000000000000000000000000000051
:1097180000000400000000000000005000000000ED
:10972800C0000000000000000000000000000A0067
:10973800000000000000000000C30000000000005E
:109748000000000000000000000000000000000011
:109758000000000000000000000000000000000001
:1097680000000000000000000040000000000000B1
:10977800000080000000040000000000000000005D
:109788000000000000000000000000000000000CC5
:109798003020000000000000000000000000000071
:1097A80000000000000000000000000000000000B1
:1097B80000000000000000000000000000000000A1
:1097C8000000000000000000001000000000016020
:1097D8000000000000000000000000000000000081
:1097E800000000000000C3000000000000000000AE
:1097F8000000000000000000000000000000000061
:109808000000000000000000000000000000000050
:109818000000000000000000000000000000000838
:109828000000000000000000000000000000000030
:109838000000000000000000000000000C302000C4
:109848000000000000000000000000000000000010
:109858000000000000000000000000000000000000
:1098680000000000000000000000000000001400DC
:1098780000000000000000000000000000000000E0
:1098880000000000000000000000000000000000D0
:10989800000000C3000000000000000000000000FD
:1098A80000000000000000000000000000000000B0
:1098B80000000000000000000000000000000000A0
:1098C8000000000000000000000000000000000090
:1098D8000000003C00000000000000000000000044
:1098E8000000000000000000000C30200000000014
:1098F8000000000000000000000000000000000060
:10990800000000000000000000000000000000004F
:109918000000000000000000000000002C011800FA
:109928000000000805F8000000000000000000002A
:10993800000000000000000000000000000000001F
:10994800C30000000000000000000000000000004C
:1099580000000000000000000000000000000000FF
:1099680000000000000000000000000000000000EF
:109978000000028CD24200000000F2EF400000001C
:1099880000000000000000000000000000000000CF
:109998000000000000000C30200000000000000063
:1099A80000000000000000000000000000000000AF
:1099B800000000000000000000000000000000009F
:1099C800000000000000000000000000000000008F
:1099D80000682900000000000000000000000000EE
:1099E80000000000000000000000000000C30000AC
:1099F800000000000000000000000000000000005F
:109A0800000000000000000000000000000000004E
:109A1800000000000000000000000000000000003E
:109A28000000000000000054015000000000000089
:109A3800000000000000000000000000000000001E
:109A48000000000C302000000000000000000000B2
:109A580000000000000000000000000000000000FE
:109A680000000000000000000000000000000000EE
:109A78000000000C000000000000300000000000A2
:109A880000C000000000000000000000000000000E
:109A980000000000000000000000C30000000000FB
:109AA80000000000000000000000000000000000AE
:109AB800000000000000000000000000000000009E
:109AC800000000000000000000000000000000008E
:109AD8000000000B00000000000000000000000073
:109AE800000000000000000000000000000000006E
:109AF8000C30200000000000000000000000000002
:109B0800000000000000000000000000000000004D
:109B1800000000000000000000000000000000003D
:109B2800000000021A5000000000000000000000C1
:109B3800005E0008000000000000000000000000B7
:109B480000000000000000C300000000000000004A
:109B580000000000000000000000000000000000FD
:109B680000000000000000000000000000000000ED
:109B780000000000000000000000250A02040000A8
:109B880000000000000000200000020000000000AB
:109B9800000000000000000000000000000C302061
:109BA80000000000000000000000000000000000AD
:109BB800000000000000000000000000000000009D
:109BC800000000000000000000000000000000008D
:109BD800040000000800500784910020026021C1A1
:109BE8002C00000000000000000000000000000041
:109BF80000000000C300000000000000000000009A
:109C0800000000000000000000000000000000004C
:109C1800000000000000000000000000000000003C
:109C280000000000000002400000000000000209DF
:109C380010000014014C214000000000000000004A
:109C4800000000000000000000000C3020000000B0
:109C580000000000000000000000000000000000FC
:109C680000000000000000000000000000000000EC
:109C780000000000000000000000000000000000DC
:109C8800000000000000000040000220812C002895
:109C980000000000000000000000000000000000BC
:109CA80000C30000000000000000000000000000E9
:109CB800000000000000000000000000000000009C
:109CC800000000000000000000000000000000008C
:109CD80000000000000000000000000000000C0070
:109CE80000004921400100000000000000000000C1
:109CF800000000000000000C302000000000000000
:109D0800000000000000000000000000000000004B
:109D1800000000000000000000000000000000003B
:109D28000000000000000000000004000000000027
:109D380001800000000002003C85040000000000D3
:109D48000000000000000000000000000000C30048
:109D580000000000000000000000000000000000FB
:109D680000000000000000000000000000000000EB
:109D780000000000000000000000000000000000DB
:109D8800020000000000000A00000000001401604A
:109D98000540000000000000000000000000000076
:109DA800000000000C30200000000000000000004F
:109DB800000000000000000000000000000000009B
:109DC800000000000000000000000000000000008B
:109DD8000000000000000000000000000018036CF4
:109DE800100000006001F0C4000000000000000046
:109DF8000000000000000000000000C30000000098
:109E0800000000000000000000000000000000004A
:109E1800000000000000000000000000000000003A
:109E2800000000000000000000000000000000002A
:109E3800000000000006C10840000000080C4000B7
:109E4800000000000000000000000000000000000A
:109E5800000C30200000000000000000000000009E
:109E680000000000000000000000000000000000EA
:109E780000000000000000000000000000000000DA
:109E88000000A000680000000001000000000000C1
:109E9800020024EA000000000000000000000000AA
:109EA8000000000000000000C300000000000000E7
:109EB800000000000000000000000000000000009A
:109EC800000000000000000000000000000000008A
:109ED8000000000000000000040000000000000076
:109EE800200000000000000401FCE0000000000069
:109EF80000000000000000000000000000000C301E
:109F08002000000000000000000000000000000029
:109F18000000000000000000000000000000000039
:109F28000000000000000000000000000000000029
:109F38001600E024010000000000000000000637C1
:109F48008AF000000000000000000000000000008F
:109F58000000000000C30000000000000000000036
:109F680000000000000000000000000000000000E9
:109F780000000000000000000000000000000000D9
:109F8800000000000000000002E2400000000000A5
:109F9800000000000001C0A5100000000000000043
:109FA80000000000000000000000000C302000004D
:109FB8000000000000000000000000000000000099
:109FC8000000000000000000000000000000000089
:109FD8000000000000000000000000000000000079
:109FE800000030005807ED4900C002600000000082
:109FF8000000000000000000000000000000000059
:10A008000000C30000000000000000000000000085
:10A018000000000000000000000000000000000038
:10A028000000000000000000000000000000000028
:10A0380000000000000000000000000036C85000CA
:10A048000006000000000000000000000000000002
:10A0580000000000000000000C302000000000009C
:10A0680000000000000000000000000000000000E8
:10A0780000000000000000000000000000000000D8
:10A0880000000000000000000000000000000000C8
:10A0980000000000000000000000000000000000B8
:10A0A800000000000000000000000000000000C3E5
:10A0B8000000000000000000000000000000000098
:10A0C8000000000000000000000000000000000088
:10A0D8000000000000000000000000000000000078
:10A0E8000000000000000000000000000000000068
:10A0F8000000000000000000000000000000000058
:10A1080000000000000C30200000000000000000EB
:10A118000000000000000000000000000000000037
:10A128000000000000000000000000000000000027
:10A138000000000000000000000000000000000017
:10A148000000000000000000000000000000000007
:10A15800000000000000000000000000C300000034
:10A1680000000000000000000000000000000000E7
:10A1780000000000000000000000000000000000D7
:10A1880000000000000000000000000000000000C7
:10A1980000000000000000000000000000000000B7
:10A1A80000000000000000000000000000000000A7
:10A1B80000000C302000000000000000000000003B
:10A1C8000000000000000000000000000000000087
:10A1D8000000000000000000000000000000000077
:10A1E8000000000000000000000000000000000067
:10A1F8000000000000000000000000000000000057
:10A20800000000000000000000C300000000000083
:10A218000000000000000000000000000000000036
:10A228000000000000000000000000000000000026
:10A238000000000000000000000000000000000016
:10A248000000000000000000000000000000000006
:10A258000000000000000000000000000000000CEA
:10A268003020000000000000000000000000000096
:10A2780000000000000000000000000000000000D6
:10A2880000000000000000000000000000000000C6
:10A2980000000000000000000000000000000000B6
:10A2A80000000000000000000000000000000000A6
:10A2B800000000000000C3000000000000000000D3
:10A2C8000000000000000000000000000000000086
:10A2D8000000000000000000000000000000000076
:10A2E8000000000000000000000000000000000066
:10A2F8000000000000000000000000000000000056
:10A308000000000000000000000000000C302000E9
:10A318000000000000000000000000000000000035
:10A328000000000000000000000000000000000025
:10A338000000000000000000000000000000000015
:10A348000000000000000000000000000000000005
:10A3580000000000000000000000000000000000F5
:10A36800000000C300000000000000000000000022
:10A3780000000000000000000000000000000000D5
:10A3880000000000000000000000000000000000C5
:10A3980000000000000000000000000000000000B5
:10A3A80000000000000000000000000000000000A5
:10A3B8000000000000000000000C30200000000039
:10A3C8000000000000000000000000000000000085
:10A3D8000000000000000000000000000000000075
:10A3E8000000000000000000000000000000000065
:10A3F8000000000000000000000000000000000055
:10A408000000000000000000000000000000000044
:10A41800C300000000000000000000000000000071
:10A428000000000000000000000000000000000024
:10A438000000000000000000000000000000000014
:10A448000000000000000000000000000000000004
:10A4580000000000000000000000000000000000F4
:10A468000000000000000C30200000000000000088
:10A4780000000000000000000000000000000000D4
:10A4880000000000000000000000000000000000C4
:10A4980000000000000000000000000000000000B4
:10A4A80000000000000000000000000000000000A4
:10A4B80000000140000000000000000000C3000090
:10A4C8000000000000000000000000000000000084
:10A4D8000000000000000000000000000000000074
:10A4E8000000000000000000000000000000000064
:10A4F8000000000000000000000000000000000054
:10A508000000000000000000000000000000000043
:10A518000000000C302000000000000000000000D7
:10A528000000000000000000000000000000000023
:10A538000000000000000000000000000000000013
:10A548000000000000000000000000000000000003
:10A5580000000000000000000000000000000000F3
:10A5680000000000000000000000C3000000000020
:10A5780000000000000000000000000000000000D3
:10A5880000000000000000000000000000000000C3
:10A5980000000000000000000000000000000000B3
:10A5A80000000000000000000000000000000000A3
:10A5B8000000000000000000000000000000000093
:10A5C8000C30200000000000000000000000000027
:10A5D8000000000000000000000000000000000073
:10A5E8000000000000000000000000000000000063
:10A5F8000000000000000000000000000000000053
:10A608000000000000000000000000000000000042
:10A6180000000000000000C300000000000000006F
:10A628000000000000000000000000000000000022
:10A638000000000000000000000000000000000012
:10A648000000000000000000000000000000000002
:10A6580000000000000000000000000000000000F2
:10A66800000000000000000000000000000C302086
:10A6780000000000000000000000000000000000D2
:10A6880000000000000000000000000000000000C2
:10A6980000000000000000000000000000000000B2
:10A6A800000000000800000000000000000000009A
:10A6B8000000000000000000000000000000000092
:10A6C80000000000C30000000000000000000000BF
:10A6D8000000000000000000000000000000000072
:10A6E8000000000000000000000000000000000062
:10A6F800000000000000000000000000000F000043
:10A708000000000000000000000000000000000041
:10A71800000000000000000000000C3020000000D5
:10A728000000000000000000000000000000000021
:10A738000000000000000000000000000000000011
:10A748000000000000000000000000000000000001
:10A7580000110000E0000000000000000000000000
:10A7680000000000000000000000000000000000E1
:10A7780000C300000000000000000000000000000E
:10A7880000000000000000000000000000000000C1
:10A7980000000000000000000000000000000000B1
:10A7A8000000000000000003280010000000000066
:10A7B8000000000000000000000000000000000091
:10A7C800000000000000000C302000000000000025
:10A7D8000000000000000000000000000000000071
:10A7E8000000000000000000000000000000000061
:10A7F80000000000000000000000000000000080D1
:10A8080000018001000000000000000000000000BE
:10A818000000000000000000000000000000C3006D
:10A828000000000000000000000000000000000020
:10A838000000000000000000000000000000000010
:10A848000000000000000000000000000000000000
:10A858000000000000100000080110400000000087
:10A8680000000000000000000000000000000000E0
:10A87800010000000C30200400000000000010005F
:10A88800000000000040000000000001000000007F
:10A898000000040000000000001000000000040098
:10A8A8000000000000100000000000004000000050
:10A8B800000001000000000000040000000000008B
:10A8C8001000000000000010000000C3000040005D
:10A8D800000000000100000000000004000000006B
:10A8E800000010000000000000400000000000010F
:10A8F800000000000040000000000001000000000F
:10A90800000004000000000000100000000000002B
:10A9180040000000000001000000000000010000ED
:10A92800000C3020040000000000001000000000AF
:10A9380000004000000000000100000000000004CA
:10A9480000000000000010000000000400000000EB
:10A95800000010000000000000400000000000019E
:10A9680000000000000004000000000000100000CB
:10A978000000000010000000C300004000000000BC
:10A9880000010000000000000400000000000010AA
:10A99800000000000000400000000000010000006E
:10A9A800000040000000000001000000000000045A
:10A9B800000000000000100000000000004000003F
:10A9C80000000001000000000000010000000C3041
:10A9D80020040000000000001000000000000040FB
:10A9E800000000000001000000000000040000005A
:10A9F800000000100000000004000000000000102B
:10AA080000000000000040000000000001000000FD
:10AA1800000000040000000000001000000000001A
:10AA28000010000000C3000040000000000001000A
:10AA380000000000000400000000000010000000FA
:10AA4800000000400000000000010000000000407D
:10AA580000000000000100000000000004000000E9
:10AA6800000000100000000000004000000000008E
:10AA780001000000000000010000000C302004006C
:10AA8800000000000010000000000000400000006E
:10AA980000000100000000000004000000000000A9
:10AAA800100000000004000000000000100000007A
:10AAB800000030400000000000010000000000001D
:10AAC800040000000000001000000000000010005A
:10AAD8000000C3000040000000000001000000006A
:10AAE800000004000000000000100000000000004A
:10AAF80040000000000001000000000040000000CD
:10AB08000000010000000000000400000000000038
:10AB180010000000000000400000000000010000DC
:10AB280000000000000000000C30200000000000C1
:10AB3800000000000000000000000000000000000D
:10AB480000000000000000000000000000000000FD
:10AB580000000000000000000000000000000000ED
:10AB680000000000000000000000000000000000DD
:10AB7800000000000000000000000000000000C30A
:10AB880000000000000000000000000000000000BD
:10AB980000000000000000000000000000000000AD
:10ABA800000000000000000000000000000000009D
:10ABB800000000000000000000000000000000008D
:10ABC800000000000000000000000000000000007D
:10ABD80000000000000C3020000000000000000011
:10ABE800000000000000000000000000000000005D
:10ABF800000000000000000000000000000000004D
:10AC0800000000000000000000000000000000003C
:10AC1800000000000000000000000000000000002C
:10AC2800000000000000000000000000C300000059
:10AC3800000000000000000000000000000000000C
:10AC480000000000000000000000000000000000FC
:10AC580000000000000000000000000000000000EC
:10AC680000000000000000000000000000000000DC
:10AC780000000000000000000000000000000000CC
:10AC880000000C3020000000000000000000000060
:10AC980000000000000000000000000000000000AC
:10ACA800000000000000000000000000000000009C
:10ACB800000000000000000000000000000000008C
:10ACC800000000000000000000000000000000007C
:10ACD800000000000000000000C3000000000000A9
:10ACE800000000000000000000000000000000005C
:10ACF800000000000000000000000000000000004C
:10AD0800000000000000000000000000000000003B
:10AD1800000000000000000000000000000000002B
:10AD28000000000000000000000000000000000C0F
:10AD380030200000000000000000000000000000BB
:10AD480000000000000000000000000000000000FB
:10AD580000000000000000000000000000000000EB
:10AD680000000000000000000000000000000000DB
:10AD780000000000000000000000000000000000CB
:10AD8800000000000000C3000000000000000000F8
:10AD980000000000000000000000000000000000AB
:10ADA800000000000000000000000000000000009B
:10ADB800000000000000000000000000000000008B
:10ADC800000000000000000000000000000000007B
:10ADD8000000000000000000010000000C3020040A
:10ADE800000000000000100000000000004000000B
:10ADF8000000000100000000000004000000000046
:10AE08000010000000000400000000000010000016
:10AE180000000000400000000000010000000000E9
:10AE280000040000000000001000000000000010F6
:10AE3800000000C300004000000000000100000006
:10AE480000000004000000000000100000000000E6
:10AE58000040000000000001000000000040000069
:10AE680000000001000000000000040000000000D5
:10AE78000010000000000000400000000000010079
:10AE88000000000000010000000C30200400000059
:10AE9800000000100000000000004000000000005A
:10AEA8000100000000000004000000000000100085
:10AEB8000000000400000000000010000000000076
:10AEC8000040000000000001000000000000040035
:10AED800000000000010000000000000100000004A
:10AEE800C300004000000000000100000000000056
:10AEF80004000000000000100000000000004000F6
:10AF080000000000010000000000400000000000F8
:10AF18000100000000000004000000000000100014
:10AF280000000000004000000000000100000000D8
:10AF38000000010000000C302004000000000000A8
:10AF480010000000000000400000000000010000A8
:10AF580000000000040000000000001000000000D5
:10AF68000400000000000010000000000000400085
:10AF780000000000010000000000000400000000C4
:10AF880000001000000000000010000000C30000D6
:10AF98004000000000000100000000000004000064
:10AFA8000000000010000000000000400000000049
:10AFB8000001000000000040000000000001000047
:10AFC8000000000004000000000000100000000065
:10AFD8000000400000000000010000000000000127
:10AFE8000000000C302004000000000000100000E9
:10AFF8000000000040000000000001000000000008
:10B008000004000000000000100000000004000020
:10B0180000000000100000000000004000000000D8
:10B028000001000000000000040000000000001003
:10B0380000000000000010000000C30000400000F5
:10B0480000000001000000000000040000000000F3
:10B058000010000000000000400000000000010097
:10B068000000000040000000000001000000000097
:10B078000004000000000000100000000000004074
:10B0880000000000000100000000000000000000B7
:10B098000C3020000000000000000000000000004C
:10B0A8000000000000000000000000000000000098
:10B0B8000000000000000000000000000000000088
:10B0C8000000000000000000000000000000000078
:10B0D8000000000000000000000000000000000068
:10B0E80000000000000000C3000000000000000095
:10B0F8000000000000000000000000000000000048
:10B108000000000000000000000000000000000037
:10B118000000000000000000000000000000000027
:10B128000000000000000000000000000000000017
:10B13800000000000000000000000000000C3020AB
:10B1480000000000000000000000000000000000F7
:10B1580000000000000000000000000000000000E7
:10B168000000000000000000000000000000014096
:10B1780000000000000000000000000000000000C7
:10B1880000000000000000000000000000000000B7
:10B1980000000000C30000000000000000000000E4
:10B1A8000000000000000000000000000000000097
:10B1B8000000000000000000000000000000000087
:10B1C8000000000000000000000000000000000077
:10B1D8000000000000000000000000000000000067
:10B1E800000000000000000000000C3020000000FB
:10B1F8000000000000000000000000000000000047
:10B208000000000000000000000000000000000036
:10B218000000000000000000000000000000000026
:10B228000000000000000000000000000000000016
:10B238000000000000000000000000000000000006
:10B2480000C3000000000000000000000000000033
:10B2580000000000000000000000000000000000E6
:10B2680000000000000000000000000000000000D6
:10B2780000000000000000000000000000000000C6
:10B2880000000000000000000000000000000000B6
:10B29800000000000000000C30200000000000004A
:10B2A8000000000000000000000000000000000096
:10B2B8000000000000000000000000000000000086
:10B2C8000000000000000000000000000000000076
:10B2D8000000000000000000000000000000000066
:10B2E8000000000000000000000000000000C30093
:10B2F8000000000000000000000000000000000046
:10B308000000000000000000000000000000000035
:10B318000000000000000000000000000000000025
:10B328000000000000000000000000000000000015
:10B338000000000000000000000000000000000005
:10B34800000000000C302000000000000000000099
:10B3580000000000000000000000000000000000E5
:10B3680000000000000000000000000000000000D5
:10B3780000000000000000000000000000000000C5
:10B3880000000000000000000000000000000000B5
:10B398000000000000000000000000C300000000E2
:10B3A8000000000000000000000000000000000095
:10B3B8000000000000000000000000000000000085
:10B3C8000000000000000000000000000000000075
:10B3D8000000000000000000000000000000000065
:10B3E8000000000000000000000000000000000055
:10B3F800000C3020000000000000000000000000E9
:10B408000000000000000000000000000000000034
:10B418000000000000000000000000000000000024
:10B428000000000000000000000000000000000014
:10B438000000000000000000000000000000000004
:10B448000000000000000000C30000000000000031
:10B4580000000000000000000000000000000000E4
:10B4680000000000000000000000000000000000D4
:10B4780000000000000000000000000000000000C4
:10B4880000000000000000000000000000000000B4
:10B4980000000000000000000000000000000C3068
:10B4A8002000000000000000000000000000000074
:10B4B8000000000000000000000000000000000084
:10B4C8000000000000000000000000000000000074
:10B4D8000000000000000000000000000000000064
:10B4E8000000000000000000000000000000000054
:10B4F8000000000000C30000000000000000000081
:10B508000000000000000000000000000000000033
:10B518000000000000000000000000000000000023
:10B528000000000000000000000000000000000013
:10B538000000000000000000000000000000000003
:10B5480000000000000000000000000C3020000097
:10B5580000000000000000000000000000000000E3
:10B5680000000000000000000000000000000000D3
:10B5780000000000000000000000000000000000C3
:10B5880000000004000000000000000000000000AF
:10B5980000000000000000000000000000000000A3
:10B5A8000000C300000000000000000000000000D0
:10B5B8000000000000000000000000000000000083
:10B5C8000000000000000000000000000000000073
:10B5D8000000000000000000000020000000000043
:10B5E8000000000000000000000000000000000053
:10B5F80000000000000000000C30200000000000E7
:10B608000000000000000000000000000000000032
:10B618000000000000000000000000000000000022
:10B628000000000000000000000000000000000012
:10B638000000000000000000000000000000000002
:10B64800000000000000000000000000000000C32F
:10B6580000000000000000000000000000000000E2
:10B6680000000000000000000000000000000000D2
:10B6780000000000000000000000000000000000C2
:10B6880000000000000000000000000000000000B2
:10B6980000000000000000000000000000000000A2
:10B6A80000000000000C3020000000000000000036
:10B6B8000000000000000000000000000000000082
:10B6C8000000000000000000000000000000000072
:10B6D8000000000000000000000000000000000062
:10B6E8000000000000000000000000000000000052
:10B6F800000000000000000000000000C30000007F
:10B708000000000000000000000000000000000031
:10B718000000000000000000000000000000000021
:10B728000000000000000000000000000000000011
:10B738000000000000000000000000000000000001
:10B7480000000000000000000000000000000000F1
:10B7580000000C3020000000000000000000000085
:10B7680000000000000000000000000000000000D1
:10B7780000000000000000000000000000000000C1
:10B7880000000000000000000000000000000000B1
:10B798000000000000000000000000000000A00001
:10B7A800000000000000000000C3000000000000CE
:10B7B8000000000000000000000000000000000081
:10B7C8000000000000000000000000000000000071
:10B7D8000000000000000000000000000000000061
:10B7E8000000000000000000000000000000000051
:10B7F8000000000000000000000000000000000C35
:10B8080030200000000000000000000000000000E0
:10B818000000000000000000000000000000000020
:10B828000000000000000000000000000000000010
:10B838000000000000000000000000000000000000
:10B8480000000000000000000000000000000000F0
:10B85800000000000000C30000000000000000001D
:10B8680000000000000000000000000000000000D0
:10B8780000000000000000000000000000000000C0
:10B8880000000000000000000000000000000000B0
:10B8980000000000000000000000000000000000A0
:10B8A8000000000000000000000000000C30200034
:10B8B8000000000000000000000000000000000080
:10B8C8000000000000000000000000000000000070
:10B8D8000000000000000000000000000000000060
:10B8E8000000000000000000000000000000000050
:10B8F8000000000000000000000000000000000040
:10B90800000000C30000000000000000000000006C
:10B91800000000000000000000000000000000001F
:10B92800000000000000000000000000000000000F
:10B9380000000000000000000000000000000000FF
:10B9480000000000000000000000000000000000EF
:10B958000000000000000000000C30200000000083
:10B9680000000000000000000000000000000000CF
:10B9780000000000000000000000000000000000BF
:10B9880000000000000000000000000000000000AF
:10B99800008000000000000000000000000000001F
:10B9A800000000000000000000000000000000008F
:10B9B800C3000000000000000000000000000000BC
:10B9C800000000000000000000000000000000006F
:10B9D800000000000000000000000000000000005F
:10B9E800000000000000001000000000000000003F
:10B9F800000000000000000000000000000000003F
:10BA08000000000000000C302000000000000000D2
:10BA1800000000000000000000000000000000001E
:10BA2800000000000000000000000000000000000E
:10BA380000000000000000000000000000000000FE
:10BA480000000000000000000000000000000000EE
:10BA580000000000000000000000000000C300001B
:10BA680000000000000000000000000000000000CE
:10BA780000000000000000000000000000000000BE
:10BA880000000000000000000000000000000000AE
:10BA9800000000000000000000000000000000009E
:10BAA800000000000000000000000000000000008E
:10BAB8000000000C30200000000000000000000022
:10BAC800000000000000000000000000000000006E
:10BAD800000000000000000000000000000000005E
:10BAE800000000000000000000000000000000004E
:10BAF800000000000000000000000000000000003E
:10BB080000000000000000000000C300000000006A
:10BB1800000000000000000000000000000000001D
:10BB2800000000000000000000000000000000000D
:10BB380000000000000000000000000000000000FD
:10BB480000000000000000000000000000000000ED
:10BB580000000000000000000000000000000000DD
:10BB68000C30200000000000000000000000000071
:10BB780000000000000000000000000000000000BD
:10BB880000000000000000000000000000000000AD
:10BB9800000000000000000000000000000000009D
:10BBA800000000000000000000000000000000008D
:10BBB80000000000000000C30000000000000000BA
:10BBC800000000000000000000000000000000006D
:10BBD800000000000000000000000000000000005D
:10BBE800000000000000000000000000000000004D
:10BBF800000000000000000000000000000000003D
:10BC0800000000000000000000000000000C3020D0
:10BC1800000000000000000000000000000000001C
:10BC2800000000000000000000000000000000000C
:10BC380000000000000000000000000000000000FC
:10BC480000000000000000000000000000000000EC
:10BC580000000000000000000000000000000000DC
:10BC680000000000C3000000000000000000000009
:10BC780000000000000000000000000000000000BC
:10BC880000000000000000000000000000000000AC
:10BC9800000000000000000000000000000000009C
:10BCA800000000000000000000000000000000008C
:10BCB800000000000000000000000C302000000020
:10BCC800000000000000000000000000000000006C
:10BCD800000000000000000000000000000000005C
:10BCE800000000000000000000000000000000004C
:10BCF800000000000000000000000000000000003C
:10BD0800000000000000000000000000000000002B
:10BD180000C3000000000000000000000000000058
:10BD2800000000000000000000000000000000000B
:10BD380000000000000000000000000000000000FB
:10BD480000000000000000000000000000000000EB
:10BD580000000000000000000000000000000000DB
:10BD6800000000000000000C30200000000000006F
:10BD780000000000000000000000000000000000BB
:10BD880000000000000000000000000000000000AB
:10BD9800000000000000000000000000000000009B
:10BDA800000000000000000000000000000000008B
:10BDB8000000000000000000000000000000C300B8
:10BDC800000000000000000000000000000000006B
:10BDD800000000000000000000000000000000005B
:10BDE800000000000000000000000000000000004B
:10BDF800000000000000000000000000000000003B
:10BE0800000000000000000000000000000000002A
:10BE1800000000000C3020000000000000000000BE
:10BE2800000000000000000000000000000000000A
:10BE380000000000000000000000000000000000FA
:10BE480000000000000000000000000000000000EA
:10BE580000000000000000000000000000000000DA
:10BE68000000000000000000000000C30000000007
:10BE780000000000000000000000000000000000BA
:10BE880000000000000000000000000000000000AA
:10BE9800000000000000000000000000000000009A
:10BEA800000000000000000000000000000000008A
:10BEB800000000000000000000000000000000007A
:10BEC800000C30200000000000000000000000000E
:10BED800000000000000000000000000000000005A
:10BEE800000000000000000000000000000000004A
:10BEF80000000000000000000080000000000000BA
:10BF08000000000000000000000000000000000029
:10BF18000000000000000000C30000000000000056
:10BF28000000000000000000000000000000000009
:10BF380000000000000000000000000000000000F9
:10BF480000000000000000000000000000000010D9
:10BF580000000000000000000000000000000000D9
:10BF680000000000000000000000000000000C308D
:10BF78002000000000000000000000000000000099
:10BF880000000000000000000000000000000000A9
:10BF98000000000000000000000000000000000099
:10BFA8000000000000000000000000000000000089
:10BFB8000000000000000000000000000000000079
:10BFC8000000000000C300000000000000000000A6
:10BFD8000000000000000000000000000000000059
:10BFE8000000000000000000000000000000000049
:10BFF8000000000000000000000000000000000039
:10C008000000000000000000000000000000000028
:10C0180000000000000000000000000C30200000BC
:10C028000000000000000000000000000000000008
:10C0380000000000000000000000000000000000F8
:10C0480000000000000000000000000000000000E8
:10C0580000000000000000000000000000000000D8
:10C0680000000000000000000000000000000000C8
:10C078000000C300000000000000000000000000F5
:10C0880000000000000000000000000000000000A8
:10C098000000000000000000000000000000000098
:10C0A8000000000000000000000000000000000088
:10C0B8000000000000000000000000000000000078
:10C0C80000000000000000000C302000000000000C
:10C0D8000000000000000000000000000000000058
:10C0E8000000000000000000000000000000000048
:10C0F8000000000000000000000000000000000038
:10C108000000000000000000000000000000000027
:10C11800000000000000000000000000000000C354
:10C128000000000000000000000000000000000007
:10C1380000000000000000000000000000000000F7
:10C1480000000000000000000000000000000000E7
:10C1580000000000000000000000000000000000D7
:10C1680000000000000000000000000000000000C7
:10C1780000000000000C302000000000000000005B
:10C1880000000000000000000000000000000000A7
:10C198000000000000000000000000000000000097
:10C1A8000000000000000000000000000000000087
:10C1B8000000000000000000000000000000000077
:10C1C800000000000000000000000000C3000000A4
:10C1D8000000000000000000000000000000000057
:10C1E8000000000000000000000000000000000047
:10C1F8000000000000000000000000000000000037
:10C208000000000000000000000000000000000026
:10C218000000000000000000000000000000000016
:10C2280000000C30200000000000000000000000AA
:10C2380000000000000000000000000000000000F6
:10C2480000000000000000000000000000000000E6
:10C2580000000000000000000000000000000000D6
:10C2680000000000000000000000000000000000C6
:10C27800000000000000000000C3000000000000F3
:10C2880000000000000000000000000000000000A6
:10C298000000000000000000000000000000000096
:10C2A8000000000000000000000000000000000086
:10C2B8000000000000000000000000000000000076
:10C2C8000000000000000000000000000000000C5A
:10C2D8003020000000000000000000000000000006
:10C2E8000000000000000000000000000000000046
:10C2F8000000000000000000000000000000000036
:10C308000000000000000000000000000000000025
:10C318000000000000000000000000000000000015
:10C32800000000000000C300000000000000000042
:10C3380000000000000000000000000000000000F5
:10C3480000000000000000000000000000000000E5
:10C3580000000000000000000000000000000000D5
:10C3680000000000000000000000000000000000C5
:10C378000000000000000000000000000C30200059
:10C3880000000000000000000000000000000000A5
:10C398000000000000000000000000000000000095
:10C3A8000000000000000000000000000000000085
:10C3B8000000000000000000000000000000000075
:10C3C8000000000000000000000000000000000065
:10C3D800000000C300000000000000000000000092
:10C3E8000000000000000000000000000000000045
:10C3F8000000000000000000000000000000000035
:10C408000000000000000000000000000000000024
:10C418000000000000000000000000000000000014
:10C428000000000000000000000C302000000000A8
:10C4380000000000000000000000000000000000F4
:10C4480000000000000000000000000000000000E4
:10C4580000000000000000000000000000000000D4
:10C4680000000000000000000000000000000000C4
:10C4780000000000000000000000000000000000B4
:10C48800C3000000000000000000000000000000E1
:10C498000000000000000000000000000000000094
:10C4A8000000000000000000000000000000000084
:10C4B8000000000000000000000000000000000074
:10C4C8000000000000000000000000000000000064
:10C4D8000000000000000C302000000000000000F8
:10C4E8000000000000000000000000000000000044
:10C4F8000000000000000000000000000000000034
:10C508000000000000000000000000000000000023
:10C518000000000000000000000000000000000013
:10C5280000000000000000000000000000C3000040
:10C5380000000000000000000000000000000000F3
:10C5480000000000000000000000000000000000E3
:10C5580000000000000000000000000000000000D3
:10C5680000000000000000000000000000000000C3
:10C5780000000000000000000000000000000000B3
:10C588000000000C30200000000000000000000047
:10C598000000000000000000000000000000000093
:10C5A8000000000000000000000000000000000083
:10C5B8000000000000000000000000000000000073
:10C5C8000000000000000000000000000000000063
:10C5D80000000000000000000000C3000000000090
:10C5E8000000000000000000000000000000000043
:10C5F8000000000000000000000000000000000033
:10C608000000000000000000000000000000000022
:10C618000000000000000000000000000000000012
:10C628000000000000000000000000000000000002
:10C638000C30200000000000000000000000000096
:10C6480000000000000000000000000000000000E2
:10C6580000000000000000000000000000000000D2
:10C6680000000000000000000000000000000000C2
:10C6780000000000000000000000000000000000B2
:10C6880000000000000000C30000000000000000DF
:10C698000000000000000000000000000000000092
:10C6A8000000000000000000000000000000000082
:10C6B8000000000000000000000000000000000072
:10C6C8000000000000000000000000000000000062
:10C6D800000000000000000000000000000C3020F6
:10C6E8000000000000000000000000000000000042
:10C6F8000000000000000000000000000000000032
:10C708000000000000000000000000000000000021
:10C718000000000000000000000000000000000011
:10C728000000000000000000000000000000000001
:10C7380000000000C300000000000000000000002E
:10C7480000000000000000000000000000000000E1
:10C7580000000000000000000000000000000000D1
:10C7680000000000000000000000000000000000C1
:10C7780000000000000000000000000000000000B1
:10C78800000000000000000000000C302000000045
:10C798000000000000000000000000000000000091
:10C7A8000000000000000000000000000000000081
:10C7B8000000000000000000000000000000000071
:10C7C8000000000000000000000000000000000061
:10C7D8000000000000000000000000000000000051
:10C7E80000C300000000000000000000000000007E
:10C7F8000000000000000000000000000000000031
:10C808000000000000000000000000000000000020
:10C818000000000000000000000000000000000010
:10C828000000000000000000000000000000000000
:10C83800000000000000000C302000000000000094
:10C8480000000000000000000000000000000000E0
:10C8580000000000000000000000000000000000D0
:10C8680000000000000000000000000000000000C0
:10C8780000000000000000000000000000000000B0
:10C888000000000000000000000000000000C300DD
:10C898000000000000000000000000000000000090
:10C8A8000000000000000000000000000000000080
:10C8B8000000000000000000000000000000000070
:10C8C8000000000000000000000000000000000060
:10C8D8000000000000000000000000000000000050
:10C8E800000000000C3020000000000000000000E4
:10C8F8000000000000000000000000000000000030
:10C90800000000000000000000000000000000001F
:10C91800000000000000000000000000000000000F
:10C9280000000000000000000000000000000000FF
:10C938000000000000000000000000C3000000002C
:10C9480000000000000000000000000000000000DF
:10C9580000000000000000000000000000000000CF
:10C9680000000000000000000000000000000000BF
:10C9780000000000000000000000000000000000AF
:10C98800000000000000000000000000000000009F
:10C99800000C302000000000000000000000000033
:10C9A800000000000000000000000000000000007F
:10C9B800000000000000000000000000000000006F
:10C9C800000000000000000000000000000000005F
:10C9D800000000000000000000000000000000004F
:10C9E8000000000000000000C3000000000000007C
:10C9F800000000000000000000000000000000002F
:10CA0800000000000000000000000000000000001E
:10CA1800000000000000000000000000000000010D
:10CA2800800000000000000000000000000000007E
:10CA380000000000000000000000000000000C30B2
:10CA480020000000000000000000000000000000BE
:10CA580000000000000000000000000000000000CE
:10CA680000000000000000000000000000000000BE
:10CA780000000000000000000000000000000000AE
:10CA8800000000000000000000000000000000009E
:10CA98000000000000C300000000000000000000CB
:10CAA800000000000000000000000000000000007E
:10CAB800000000000000000000000000000000006E
:10CAC800000000000000000000000000000000005E
:10CAD800000000000000000000000000000000004E
:10CAE80000000000000000000000000C30200000E2
:10CAF800000000000000000000000000000000002E
:10CB0800000000000000000000000000000000001D
:10CB1800000000000000000000000000000000000D
:10CB280000000000000000000000000000000000FD
:10CB380000000000000000000000000000000000ED
:10CB48000000C3000000000000000000000000001A
:10CB580000000000000000000000000000000000CD
:10CB680000000000000000000000000000000000BD
:10CB7800000000600000000000000000000000004D
:10CB8800000000000000000000000000000000009D
:10CB980000000000000000000C3020000000000031
:10CBA800000000000000000000000000000000007D
:10CBB800000000000000000000000000000000006D
:10CBC800000000000000000000000000000000005D
:10CBD800000000000000000000000000000000004D
:10CBE800000000000000000000000000000000C37A
:10CBF800000000000000000000000000000000002D
:10CC0800000000000000000000000000000000001C
:10CC1800000000000000000000000000000000000C
:10CC280000000000000000000000000000000000FC
:10CC380000000000000000000000000000000000EC
:10CC480000000000000C3020000000000000000080
:10CC580000000000000000000000000000000000CC
:10CC680000000000000000000000000000000000BC
:10CC780000000000000000000000000000000000AC
:10CC8800000000000000000000000000000000009C
:10CC9800000000000000000000000000C3000000C9
:10CCA800000000000000000000000000000000007C
:10CCB800000000000000000000000000000000006C
:10CCC800000000000000000000000000000000005C
:10CCD800000000000000000000000000000000004C
:10CCE800000000000000000000000000000000003C
:10CCF80000000C30200000000000000000000000D0
:10CD0800000000000000000000000000000000001B
:10CD1800000000000000000000000000000000000B
:10CD280000000000000000000000000000000000FB
:10CD380000000000000000000000000000000000EB
:10CD4800000000000000000000C300000000000018
:10CD580000000000000000000000000000000000CB
:10CD680000000000000000000000000000000000BB
:10CD780000000000000000000000000000000000AB
:10CD8800000000000000000000000000000000009B
:10CD98000000000000000000000000000000000C7F
:10CDA800302000000000000000000000000000002B
:10CDB800000000000000000000000000000000006B
:10CDC800000000000000000000000000000000005B
:10CDD800000000000000000000000000000000004B
:10CDE800000000000000000000000000000000003B
:10CDF800000000000000C300000000000000000068
:10CE0800000000000000000000000000000000001A
:10CE1800000000000000000000000000000000000A
:10CE280000000000000000000000000000000000FA
:10CE380000000000000000000000000000000000EA
:10CE48000000000000000000000000000C3020007E
:10CE580000000000000000000000000000000000CA
:10CE680000000000000000000000000000000000BA
:10CE780000000000000000000000000000000000AA
:10CE8800000000000000000000000000000000009A
:10CE9800000000000000000000000000000000008A
:10CEA800000000C3000000000000000000000000B7
:10CEB800000000000000000000000000000000006A
:10CEC800000000000000000000000000000000005A
:10CED800000000000000000000000000000000004A
:10CEE800000000000000000000000000000000A09A
:10CEF8000000000000000000000C302000000000CE
:10CF08000000000000000000000000000000000019
:10CF18000000000000000000000000000000000009
:10CF280000000000000000000000000000000000F9
:10CF380000000000000000000000000000000000E9
:10CF480000000000000000000000000000000000D9
:10CF5800C300000000000000000000000000000006
:10CF680000000000000000000000000000000000B9
:10CF780000000000000000000000000000000000A9
:10CF88000000000000000000000000000000000099
:10CF98000000000000000000000000000000000089
:10CFA8000000000000000C3020000000000000001D
:10CFB8000000000000000000000000000000000069
:10CFC8000000000000000000000000000000000059
:10CFD8000000000000000000000000000000000049
:10CFE8000000000000000000000000000000000039
:10CFF80000000000000000000000000000C3000066
:10D008000000000000000000000000000000000018
:10D018000000000000000000000000000000000008
:10D0280000000000000000000000000000000000F8
:10D0380000000000000000000000000000000000E8
:10D0480000000000000000000000000000000000D8
:10D058000000000C3020000000000000000000006C
:10D0680000000000000000000000000000000000B8
:10D0780000000000000000000000000000000000A8
:10D088000000000000000000000000800000000018
:10D098000000000000000000000000000000000088
:10D0A80000000000000000000000C30000000000B5
:10D0B8000000000000000000000000000000000068
:10D0C8000000000000000000000000000000000058
:10D0D8000000000000000000000000000000000048
:10D0E8000010000000000000000000000000000028
:10D0F8000000000000000000000000000000000028
:10D108000C302000000000000000000000000000BB
:10D118000000000000000000000000000000000007
:10D1280000000000000000000000000000000000F7
:10D1380000000000000000000000000000000000E7
:10D1480000000000000000000000000000000000D7
:10D1580000000000000000C3000000000000000004
:10D1680000000000000000000000000000000000B7
:10D1780000000000000000000000000000000000A7
:10D188000000000000000000000000000000000097
:10D198000000000000000000000000000000000087
:10D1A800000000000000000000000000000C30201B
:10D1B8000000000000000000000000000000000067
:10D1C8000000000000000000000000000000000057
:10D1D8000000000000000000000000000000000047
:10D1E8000000000000000000000000000000000037
:10D1F8000000000000000000000000000000000027
:10D2080000000000C3000000000000000000000053
:10D218000000000000000000000000000000000006
:10D2280000000000000000000000000000000000F6
:10D2380000000000000000000000000000000000E6
:10D2480000000000000000000000000000000000D6
:10D25800000000000000000000000C30200000006A
:10D2680000000000000000000000000000000000B6
:10D2780000000000000000000000000000000000A6
:10D288000000000000000000000000000000000096
:10D298000000000000000000000000000000000086
:10D2A8000000000000000000000000000000000076
:10D2B80000C30000000000000000000000000000A3
:10D2C8000000000000000000000000000000000056
:10D2D8000000000000000000000000000000000046
:10D2E8000000000000000000000000000000000036
:10D2F8000000000000000000000000000000000026
:10D30800000000000000000C3020000000000000B9
:10D318000000000000000000000000000000000005
:10D3280000000000000000000000000000000000F5
:10D3380000000000000000000000000000000000E5
:10D3480000000000000000000000000000000000D5
:10D358000000000000000000000000000000C30002
:10D3680000000000000000000000000000000000B5
:10D3780000000000000000000000000000000000A5
:10D388000000000000000000000000000000000095
:10D398000000000000000000000000000000000085
:10D3A8000000000000000000000000000000000075
:10D3B800000000000C302000000000000000000009
:10D3C8000000000000000000000000000000000055
:10D3D8000000000000000000000000000000000045
:10D3E8000000000000000000000000000000000035
:10D3F8000000000000000000000000000000000025
:10D408000000000000000000000000C30000000051
:10D418000000000000000000000000000000000004
:10D4280000000000000000000000000000000000F4
:10D4380000000000000000000000000000000000E4
:10D4480000000000000000000000000000000000D4
:10D4580000000000000000000000000000000000C4
:10D46800000C302000000000000000000000000058
:10D4780000000000000000000000000000000000A4
:10D488000000000000000000000000000000000094
:10D498000000000000000000020000000000000082
:10D4A8000000000000000000000000000000000074
:10D4B8000000000000000000C300000000000000A1
:10D4C8000000000000000000000000000000000054
:10D4D8000000000000000000000000000000000044
:10D4E8000000000000000000000000000000000034
:10D4F8000000000000000000000000000000000024
:10D5080000000000000000000000000000000C30D7
:10D5180020000000000000000000000000000000E3
:10D5280000000000000000000000000000000000F3
:10D5380000000000000000000000000000000000E3
:10D5480000000000000000000000000000000000D3
:10D5580000000000000000000000000000000000C3
:10D568000000000000C300000000000000000000F0
:10D5780000000000000000000000000000000000A3
:10D588000000000000000000000000000000000093
:10D598000000000000000000000000000000000083
:10D5A8000000000000000000000000000000000073
:10D5B80000000000000000000000000C3020000007
:10D5C8000000000000000000000000000000000053
:10D5D8000000000000000000000000000000000043
:10D5E8000000000000000000000000000000000033
:10D5F8000000000000000000000000000000000023
:10D608000000000000000000000000000000000012
:10D618000000C3000000000000000000000000003F
:10D6280000000000000000000000000000000000F2
:10D6380000000000000000000000000000000000E2
:10D6480000000000000000000000000000000000D2
:10D6580000000000000000000000000000000000C2
:10D6680000000000000000000C3020000000000056
:10D6780000000000000000000000000000000000A2
:10D688000000000000000000000000000000000092
:10D698000000000000000000000000000000000082
:10D6A8000000000000000000000000000000000072
:10D6B800000000000000000000000000000000C39F
:10D6C8000000000000000000000000000000000052
:10D6D8000000000000000000000000000000000042
:10D6E8000000000000000000000000000000000032
:10D6F8000000000000000000000000000000000022
:10D708000000000000000000000000000000000011
:10D7180000000000000C30200000000000000000A5
:10D7280000000000000000000000000000000000F1
:10D7380000000000000000000000000000000000E1
:10D7480000000000000000000000000000000000D1
:10D7580000000000000000000000000000000000C1
:10D76800000000000000000000000000C3000000EE
:10D7780000000000000000000000000000000000A1
:10D788000000000000000000000000000000000091
:10D798000000000000000000000000000000000081
:10D7A8000000000000000000000000000000000071
:10D7B8000000000000000000000000000000000061
:10D7C80000000C30200000000000000000000000F5
:10D7D8000000000000000000000000000000000041
:10D7E8000000000000000000000000000000000031
:10D7F8000000000000000000000000000000000021
:10D808000000000000000000000000000000000010
:10D81800000000000000000000C30000000000003D
:10D8280000000000000000000000000000000000F0
:10D8380000000000000000000000000000000000E0
:10D8480000000000000000000000000000000000D0
:10D8580000000000000000000000000000000000C0
:10D868000000000000000000000000000000000CA4
:10D878003020000000000000000000000000000050
:10D888000000000000000000000000000000000090
:10D898000000000000000000000000000000000080
:10D8A8000000000000000000000000000000000070
:10D8B8000000000000000000000000000000000060
:10D8C800000000000000C30000000000000000008D
:10D8D8000000000000000000000000000000000040
:10D8E8000000000000000000000000000000000030
:10D8F8000000000000000000000000000000000020
:10D90800000000000000000000000000000000000F
:10D918000000000000000000000000000C302000A3
:10D9280000000000000000000000000000000000EF
:10D9380000000000000000000000000000000000DF
:10D9480000000000000000000000000000000000CF
:10D9580000000000000000000000000000000000BF
:10D9680000000000000000000000000000000000AF
:10D97800000000C3000000000000000000000000DC
:10D98800000000000000000000000000000000008F
:10D99800000000000000000000000000000000007F
:10D9A800000000000000000000000000000000006F
:10D9B800000000000000000000000000000000005F
:10D9C8000000000000000000000C302000000000F3
:10D9D800000000000000000000000000000000003F
:10D9E800000000000000000000000000000000002F
:10D9F800000000000000000000000000000000001F
:10DA0800000000000000000000000000000000000E
:10DA180000000000000000000000000000000000FE
:10DA2800C30000000000000000000000000000002B
:10DA380000000000000000000000000000000000DE
:10DA480000000000000000000000000000000000CE
:10DA580000000000000000000000000000000000BE
:10DA680000000000000000000000000000000000AE
:10DA78000000000000000C30200000000000000042
:10DA8800000000000000000000000000000000008E
:10DA9800000000000000000000000000000000007E
:10DAA800000000000000000000000000000000006E
:10DAB800000000000000000000000000000000005E
:10DAC80000000000000000000000000000C300008B
:10DAD800000000000000000000000000000000003E
:10DAE800000000000000000000000000000000002E
:10DAF800000000000000000000000000000000001E
:10DB0800000000000000000000000000000000000D
:10DB180000000000000000000000000000000000FD
:10DB28000000000C30200000000000000000000091
:10DB380000000000000000000000000000000000DD
:10DB480000000000000000000000000000000000CD
:10DB580000000000000000000000000000000000BD
:10DB680000000000000000000000000000000000AD
:10DB780000000000000000000000C30000000000DA
:10DB8800000000000000000000000000000000008D
:10DB9800000000000000000000000000000000007D
:10DBA800000000000000000000000000000000006D
:10DBB800000000000000000000000000000000005D
:10DBC800000000000000000000000000000000004D
:10DBD8000C302000000000000000000000000000E1
:10DBE800000000000000000000000000000000002D
:10DBF800000000000000000000000000000000001D
:10DC0800000000000000000000000000000000000C
:10DC180000000000000000000000000000000000FC
:10DC280000000000000000C3000000000000000029
:10DC380000000000000000000000000000000000DC
:10DC480000000000000000000000000000000000CC
:10DC580000000000000000000000000000000000BC
:10DC680000000000000000000000000000000000AC
:10DC7800000000000000000000000000000C302040
:10DC8800000000000000000000000000000000008C
:10DC9800000000000000000000000000000000007C
:10DCA800000000000000000000000000000000006C
:10DCB800000000000000000000000000000000005C
:10DCC800000000000000000000000000000000004C
:10DCD80000000000C3000000000000000000000079
:10DCE800000000000000000000000000000000002C
:10DCF800000000000000000000000000000000001C
:10DD0800000000000000000000000000000000000B
:10DD180000000000000000000000000000000000FB
:10DD2800000000000000000000000C30200000008F
:10DD380000000000000000000000000000000000DB
:10DD480000000000000000000000000000000000CB
:10DD580000000000000000000000000000000000BB
:10DD680000000000000000000000000000000000AB
:10DD7800000000000000000000000000000000009B
:10DD880000C30000000000000000000000000000C8
:10DD9800000000000000000000000000000000007B
:10DDA800000000000000000000000000000000006B
:10DDB800000000000000000000000000000000005B
:10DDC800000000000000000000000000000000004B
:10DDD800000000000000000C3020000000000000DF
:10DDE800000000000000000000000000000000002B
:10DDF800000000000000000000000000000000001B
:10DE08000000000000000000000000000000028088
:10DE180000000000000000000000000000000000FA
:10DE28000000000000000000000000000000C30027
:10DE380000000000000000000000000000000000DA
:10DE480000000000000000000000000000000000CA
:10DE580000000000000000000000000000000000BA
:10DE680000000000000000000000000000000000AA
:10DE7800000000000000000000000000000000009A
:10DE8800010000000C302004000000000000100019
:10DE98000000000000400000000000010000000039
:10DEA8000000040000000000001000000000040052
:10DEB800000000000010000000000000400000000A
:10DEC8000000010000000000000400000000000045
:10DED8001000000000000010000000C30000400017
:10DEE8000000000001000000000000040000000025
:10DEF80000001000000000000040000000000001C9
:10DF080000000000004000000000000100000000C8
:10DF180000000400000000000010000000000000E5
:10DF280040000000000001000000000000010000A7
:10DF3800000C302004000000000000100000000069
:10DF48000000400000000000010000000000000484
:10DF580000000000000010000000000400000000A5
:10DF68000000100000000000004000000000000158
:10DF78000000000000000400000000000010000085
:10DF88000000000010000000C30000400000000076
:10DF98000001000000000000040000000000001064
:10DFA8000000000000004000000000000100000028
:10DFB8000000400000000000010000000000000414
:10DFC80000000000000010000000000000400000F9
:10DFD80000000001000000000000010000000C30FB
:10DFE80020040000000000001000000000000040B5
:10DFF8000000000000010000000000000400000014
:10E0080000000010000000000400000000000010E4
:10E0180000000000000040000000000001000000B7
:10E0280000000004000000000000100000000000D4
:10E038000010000000C300004000000000000100C4
:10E0480000000000000400000000000010000000B4
:10E058000000004000000000000100000000004037
:10E0680000000000000100000000000004000000A3
:10E078000000001000000000000040000000000048
:10E0880001000000000000010000000C3020040026
:10E098000000000000100000000000004000000028
:10E0A8000000010000000000000400000000000063
:10E0B8001000000000040000000000001000000034
:10E0C8000000004000000000000100000000000007
:10E0D8000400000000000010000000000000100014
:10E0E8000000C30000400000000000010000000024
:10E0F8000000040000000000001000000000000004
:10E108004000000000000100000000004000000086
:10E1180000000140000000000004000000000000B2
:10E128001000000000000040000000000001000096
:10E1380000000000000000000C302000000000007B
:10E1480000000000000000000000000000000000C7
:10E1580000000000000000000000000000000000B7
:10E1680000000000000000000000000000000000A7
:10E178000000000000000000000000000000000097
:10E18800000000000000000000000000000000C3C4
:10E198000000000000000000000000000000000077
:10E1A8000000000000000000000000000000000067
:10E1B8000000000000000000000000000000000057
:10E1C8000000000000000000000000000000000047
:10E1D8000000000000000000000000000000000037
:10E1E80000000000000C30200000000000000000CB
:10E1F8000000000000000000000000000000000017
:10E208000000000000000000000000000000000006
:10E218000000000000000000000000000080000076
:10E2280000000000000000000000000000000000E6
:10E23800000000000000000000000000C300000013
:10E2480000000000000000000000000000000000C6
:10E2580000000000000000000000000000000000B6
:10E2680000000000000000000000000000000000A6
:10E278000000001000000000000000000000000086
:10E288000000000000000000000000000000000086
:10E2980000000C302000000000000000000000001A
:10E2A8000000000000000000000000000000000066
:10E2B8000000000000000000000000000000000056
:10E2C8000000000000000000000000000000000046
:10E2D8000000000000000000000000000000000036
:10E2E800000000000000000000C300000000000063
:10E2F8000000000000000000000000000000000016
:10E308000000000000000000000000000000000005
:10E3180000000000000000000000000000000000F5
:10E3280000000000000000000000000000000000E5
:10E338000000000000600000000000000000000C69
:10E348003020000000000000000000000000000075
:10E3580000000000000000000000000000000000B5
:10E3680000000000000000000000000000000000A5
:10E378000000000000000000000000000000000095
:10E388000000000000000000000000000000000085
:10E39800000000000000C3000000000000000000B2
:10E3A8000000000000000000000000000000000065
:10E3B8000000000000000000000000000000000055
:10E3C8000000000000000000000000000000000045
:10E3D8000000000000000000000000000000000035
:10E3E8000000000000000000010000000C302004C4
:10E3F80000000000000010000000000000400000C5
:10E4080000000001000000000000040000000000FF
:10E4180000100000000004000000000000100000D0
:10E4280000000000400000000000010000000000A3
:10E4380000040000000000001000000000000010B0
:10E44800000000C3000040000000000001000000C0
:10E4580000000004000000000000100000000000A0
:10E468000040000000000001000000000040000023
:10E47800000000010000000000000400000000008F
:10E488000010000000000000400000000000010033
:10E498000000000000010000000C30200400000013
:10E4A8000000001000000000000040000000000014
:10E4B800010000000000000400000000000010003F
:10E4C8000000000400000000000010000000000030
:10E4D80000400000000000010000000000000400EF
:10E4E8000000000000100000000000001000000004
:10E4F800C300004000000000000100000000000010
:10E5080004000000000000100000000000004000AF
:10E5180000000000010000000000400000000000B2
:10E5280001000000000000040000000000001000CE
:10E538000000000000400000000000010000000092
:10E548000000010000000C30200400000000000062
:10E558001000000000000040000000000001000062
:10E56800000000000400000000000010000000008F
:10E57800040000000000001000000000000040003F
:10E58800000000000100000000000004000000007E
:10E5980000001000000000000010000000C3000090
:10E5A800400000000000010000000000000400001E
:10E5B8000000000010000000000000400000000003
:10E5C8000001000000000040000000000001000001
:10E5D800000000000400000000000010000000001F
:10E5E80000004000000000000100000000000001E1
:10E5F8000000000C302004000000000000100000A3
:10E6080000000000400000000000010000000000C1
:10E6180000040000000000001000000000040000DA
:10E628000000000010000000000000400000000092
:10E6380000010000000000000400000000000010BD
:10E6480000000000000010000000C30000400000AF
:10E6580000000001000000000000040000000000AD
:10E668000010000000000000400000000000010051
:10E678000000000040000000000001000000000051
:10E68800000400000000000010000000000000402E
:10E698000000000000010000000000000000000071
:10E6A8000C30200000000000000000000000000006
:10E6B8000000000000000000000000000000000052
:10E6C8000000000000000000000000000000000042
:10E6D8000000000000000000000000000000000032
:10E6E8000000000000000000000000000000000022
:10E6F80000000000000000C300000000000000004F
:10E708000000000000000000000000000000000001
:10E7180000000000000000000000000000000000F1
:10E7280000000000000000000000000000000000E1
:10E7380000000000000000000000000000000000D1
:10E74800000000000000000000000000000C302065
:10E7580000000000000000000000000000000000B1
:10E7680000000000000000000000000000000000A1
:10E778000000000000000000000000000000000091
:10E788000000000000000000000000000000000081
:10E798000000000000000000000000000000000071
:10E7A80000000000C300000000000000000000009E
:10E7B8000000000000000000000000000000000051
:10E7C8000000000000000000000000000000000041
:10E7D8000000000000000000000000000000000031
:10E7E8000000000000000000000000000000000021
:10E7F800000000000000000000000C3020000000B5
:10E808000000000000000000000000000000000000
:10E8180000000000000000000000000000000000F0
:10E8280000000000000000000000000000000000E0
:10E8380000000000000000000000000000000000D0
:10E8480000000000000000000000000000000000C0
:10E8580000C30000000000000000000000000000ED
:10E8680000000000000000000000000000000000A0
:10E878000000000000000000000000000000000090
:10E888000000000000000000000000000000000080
:10E898000000000000000000000000000000000070
:10E8A800000000000000000C302000000000000004
:10E8B8000000000000000000000000000000000050
:10E8C8000000000000000000000000000000000040
:10E8D8000000000000000000000000000000000030
:10E8E8000000000000000000000000000000000020
:10E8F8000000000000000000000000000000C3004D
:10E9080000000000000000000000000000000000FF
:10E9180000000000000000000000000000000000EF
:10E9280000000000000000000000000000000000DF
:10E9380000000000000000000000000000000000CF
:10E9480000000000000000000000000000000000BF
:10E95800000000000C302000000000000000000053
:10E96800000000000000000000000000000000009F
:10E97800000000000000000000000000000000008F
:10E98800000000000000000000000000000000007F
:10E99800000000000000000000000000000000006F
:10E9A8000000000000000000000000C3000000009C
:10E9B800000000000000000000000000000000004F
:10E9C800000000000000000000000000000000003F
:10E9D800000000000000000000000000000000002F
:10E9E800000000000000000000000000000000001F
:10E9F800000000000000000000000000000000000F
:10EA0800000C3020000000000000000000000000A2
:10EA180000000000000000000000000000000000EE
:10EA280000000000000000000000000000000000DE
:10EA380000000000000000000200000000000000CC
:10EA480000000000000000000000000000000000BE
:10EA58000000000000000000C300000000000000EB
:10EA6800000000000000000000000000000000009E
:10EA7800000000000000000000000000000000008E
:10EA8800000000000000000000000000000000007E
:10EA9800000000000000000000000000000000006E
:10EAA80000000000000000000000000000000C3022
:10EAB800200000000000000000000000000000002E
:10EAC800000000000000000000000000000000003E
:10EAD800000000000000000000000000000000002E
:10EAE800000000000000000000000000000000001E
:10EAF800000000000000000000000000000000000E
:10EB08000000000000C3000000000000000000003A
:10EB180000000000000000000000000000000000ED
:10EB280000000000000000000000000000000000DD
:10EB380000000000000000000000000000000000CD
:10EB480000000000000000000000000000000000BD
:10EB580000000000000000000000000C3020000051
:10EB6800000000000000000000000000000000009D
:10EB7800000000000000000000000000000000008D
:10EB8800000000000000000000000000000000007D
:10EB9800000000000000000000000000000000006D
:10EBA800000000000000000000000000000000005D
:10EBB8000000C3000000000000000000000000008A
:10EBC800000000000000000000000000000000003D
:10EBD800000000000000000000000000000000002D
:10EBE800000000000000000000000000000000001D
:10EBF800000000000000000000000000000000000D
:10EC080000000000000000000C30200000000000A0
:10EC180000000000000000000000000000000000EC
:10EC280000000000000000000000000000000000DC
:10EC380000000000000000000000000000000000CC
:10EC480000000000000000000000000000000000BC
:10EC5800000000000000000000000000000000C3E9
:10EC6800000000000000000000000000000000009C
:10EC7800000000000000000000000000000000008C
:10EC8800000000000000000000000000000000007C
:10EC9800000000000000000000000000000000006C
:10ECA800000000000000000000000000000000005C
:10ECB80000000000000C30200000000000000000F0
:10ECC800000000000000000000000000000000003C
:10ECD800000000000000000000000000000000002C
:10ECE800000000000000000000000000000000001C
:10ECF800000000000000000000000000000000000C
:10ED0800000000000000000000000000C300000038
:10ED180000000000000000000000000000000000EB
:10ED280000000000000000000000000000000000DB
:10ED380000000000000000000000000000000000CB
:10ED480000000000000000000000000000000000BB
:10ED580000000000000000000000000000000000AB
:10ED680000000C302000000000000000000000003F
:10ED7800000000000000000000000000000000008B
:10ED8800000000000000000000000000000000007B
:10ED9800000000000000000000000000000000006B
:10EDA800000000000000000000000000000000005B
:10EDB800000000000000000000C300000000000088
:10EDC800000000000000000000000000000000003B
:10EDD800000000000000000000000000000000002B
:10EDE800000000000000000000000000000000001B
:10EDF800000000000000000000000000000000000B
:10EE08000000000000000000000000000000000CEE
:10EE1800302000000000000000000000000000009A
:10EE280000000000000000000000000000000000DA
:10EE380000000000000000000000000000000000CA
:10EE480000000000000000000000000000000000BA
:10EE580000000000000000000000000000000000AA
:10EE6800000000000000C3000000000000000000D7
:10EE7800000000000000000000000000000000008A
:10EE8800000000000000000000000000000000007A
:10EE9800000000000000000000000000000000006A
:10EEA800000000000000000000000000000000005A
:10EEB8000000000000000000000000000C302000EE
:10EEC800000000000000000000000000000000003A
:10EED800000000000000000000000000000000002A
:10EEE800000000000000000000000000000000001A
:10EEF800000000000000000000000000000000000A
:10EF080000000000000000000000000000000000F9
:10EF1800000000C300000000000000000000000026
:10EF280000000000000000000000000000000000D9
:10EF380000000000000000000000000000000000C9
:10EF480000000000000000000000000000000000B9
:10EF580000000000000000000000000000000000A9
:10EF68000000000000000000000C3020000000003D
:10EF78000000000000000000000000000000000089
:10EF88000000000000000000000000000000000079
:10EF98000000000000000000000000000000000069
:10EFA8000000000000000000000000000000000059
:10EFB8000000000000000000000000000000000049
:10EFC800C300000000000000000000000000000076
:10EFD8000000000000000000000000000000000029
:10EFE8000000000000000000000000000000000019
:10EFF8000000000000000000000000000000000009
:10F0080000000000000000000000000000000000F8
:10F018000000000000000C3020000000000000008C
:10F0280000000000000000000000000000000000D8
:10F0380000000000000000000000000000000000C8
:10F0480000000000000000000000000000000000B8
:10F0580000000000000000000000000000000000A8
:10F0680000000000000000000000000000C30000D5
:10F078000000000000000000000000000000000088
:10F088000000000000000000000000000000000078
:10F098000000000000000000000000000000000068
:10F0A8000000000000000000000000000000000058
:10F0B8000000000000000000000000000000000048
:10F0C8000000000C302000000000000000000000DC
:10F0D8000000000000000000000000000000000028
:10F0E8000000000000000000000000000000000018
:10F0F8000000000000000000000000000000000008
:10F1080000000000000000000000000000000000F7
:10F1180000000000000000000000C3000000000024
:10F1280000000000000000000000000000000000D7
:10F1380000000000000000000000000000000000C7
:10F1480000000000000000000000000000000000B7
:10F1580000000000000000000000000000000000A7
:10F168000000000000000000000000000000000097
:10F178000C3020000000000000000000000000002B
:10F188000000000000000000000000000000000077
:10F198000000000000000000000000000000000067
:10F1A8000000000400000000000000000000000053
:10F1B8000000000000000000000000000000000047
:10F1C80000000000000000C3000000000000000074
:10F1D8000000000000000000000000000000000027
:10F1E8000000000000000000000000000000000017
:10F1F80000000000000000000003400000000000C4
:10F2080000000000000000000000000000000000F6
:10F21800000000000000000000000000000C30208A
:10F2280000000000000000000000000000000000D6
:10F2380000000000000000000000000000000000C6
:10F2480000000000000000000000000000020000B4
:10F258000000000008003800000000000000000066
:10F268000000000000000000020000000000000094
:10F2780000000000C30000000000000000000000C3
:10F288000000000000000000000000000000000076
:10F298000000000000000000000000000000000066
:10F2A80000000000000000000000000000800000D6
:10F2B8000000000000000000000000000000000046
:10F2C800000000000000000000000C3020000000DA
:10F2D8000000000000000000000000000000000026
:10F2E8000000000000000000000000000000000016
:10F2F80000000000000000000000040000041C10D2
:10F3080040100001C00000000000000000000000E4
:10F3180000000000000402000000000000000000DF
:10F3280000C3000000000000000000000000000012
:10F3380000000000000000000000000000000000C5
:10F3480000000000000000000000000000000000B5
:10F35800004000020000040300000000000000005C
:10F368000000000000000000000000000000000095
:10F37800000000000000000C302000000000000029
:10F388000000000000000000000000000000000075
:10F398000000000000000000000000000000000065
:10F3A8000000000000000000000000000000000055
:10F3B800000800010100000000000000000000003B
:10F3C8000000000000000000000000000000C30072
:10F3D8000000000000000000000000000000000025
:10F3E8000000000000000000000000000000000015
:10F3F8000000000000000000000000000000000005
:10F4080000000000000000001002101000000000C2
:10F4180000000000000000000000000000000000E4
:10F42800000000000C302000000000000000000078
:10F4380000000000000000000000000000000000C4
:10F4480000000000000000000000000000000000B4
:10F4580000000000000000000000000000000000A4
:10F468000000000000000000000000000000000094
:10F478000000000000000000000000C300000000C1
:10F488000000000000000000000000000000000074
:10F498000000000000000000000000000000000064
:10F4A8000000000000000000000000000000000054
:10F4B8000000000000000000000000000000000044
:10F4C8000000000000000000000000000000000034
:10F4D800000C3020000000000000000000000000C8
:10F4E8000000000000000000000000000000000014
:10F4F8000000000000000000000000000000000004
:10F50800000000046000000000000000000000008F
:10F5180000000000000028000000000000000002B9
:10F528000000400000000000C300000000000000D0
:10F5380000000000000000000000000000000000C3
:10F5480000000000000000000000000000000000B3
:10F5580000000000000000000000000000000000A3
:10F568000000000000000000000000000100000092
:10F578000000000000001C008400000000000C30A7
:10F588002000000000000000000000000000000053
:10F598000000000000000000000000000000000063
:10F5A8000000000000000000000000000000000053
:10F5B80000001C10400000000000000000000000D7
:10F5C8000000000000000000000000000000000033
:10F5D8000000000000C30000000000000000000060
:10F5E8000000000000000000000000000000000013
:10F5F8000000000000000000000000000000000003
:10F6080000000000000000000100040000000000ED
:10F6180000000000000000000000000000000000E2
:10F6280000000000000000000000000C3020000076
:10F6380000000000000000000000000000000000C2
:10F6480000000000000000000000000000000000B2
:10F6580000000000000000000000000C0000000096
:10F668000240300000000000000000000000000020
:10F678000000000000000C00200000000000000056
:10F688000000C300000000000000000000000000AF
:10F698000000000000000000000000000000000062
:10F6A8000000000000000000000000000000000052
:10F6B800000000000000B00400000000000000008E
:10F6C80000000000000000000000000000000040F2
:10F6D80000000000000000000C30200000000000C6
:10F6E8000000000000000000000000000000000012
:10F6F8000000000000000000000000000000000002
:10F7080000000000180040200000166C00000000F7
:10F7180000000000000000000000000000000001E0
:10F72800D33050000020046133800000000000C383
:10F7380000000000000000000000000000000000C1
:10F7480000000000000000000000000000000000B1
:10F758000000000000000000000000002C0008006D
:10F76800000280000000000000000000000000000F
:10F77800000000000000D1E601040001C3409CC263
:10F7880000000000000C3020000000000000000015
:10F798000000000000000000000000000000000061
:10F7A80000000000000000000000000000000080D1
:10F7B8000019568CF00200362800000008000000EE
:10F7C80000000000000000000000800001000000B0
:10F7D8000000143C4933800000000000C300000012
:10F7E8000000000000000000000000000000000011
:10F7F8000000000000000000000000000000000001
:10F8080000000000000000008043310000014000BB
:10F8180000000000000000000000000000000000E0
:10F828000000F080000000000003808CC20000008F
:10F8380000000C3020000000000000000000000064
:10F8480000000000000000000000000000000000B0
:10F8580000000000000000000000000000018152CC
:10F868000CF00C00000000000030008000000000D8
:10F8780000000000000003010001FAA810000020A9
:10F888003C6833800000000000C300000000000056
:10F898000000000000000000000000000000000060
:10F8A8000000000000000000000000000000000050
:10F8B800000000000080833100C0040280000003C3
:10F8C800000F000000000000000000000000000021
:10F8D800E1FE05000003C7C0BCC200000000000C28
:10F8E80030200000000000000000000000000000C0
:10F8F8000000000000000000000000000000000000
:10F90800000000000000000000000008020CF000E9
:10F918000000280102400000000000000000000074
:10F928000000000003800E166850000014016833C0
:10F93800800000000000C30000000000000000007C
:10F9480000000000000000000000000000000000AF
:10F95800000000000000000000000000000000009F
:10F9680000010027310000E006809004100000002C
:10F97800000000000000000000000000000DB805B5
:10F988000000000000BCC200000000000C30200095
:10F99800000000000000000000000000000000005F
:10F9A800000000000000000000000000000000004F
:10F9B8000000000000000000008244B000000001C8
:10F9C80060004040008000000000000000000000CF
:10F9D80000000018D7E810000100014933A000001A
:10F9E800000000C30000000000000000000000004C
:10F9F80000000000000000000000000000000000FF
:10FA08000000000000000000000000000001000BE2
:10FA180030850000000002004400000700000000DC
:10FA28000000000000000000000009E2410000089A
:10FA38000000ACC000000000000C302000000000F6
:10FA480000000000000000000000000000000000AE
:10FA5800000000000000000000000000000000009E
:10FA68000000000009818244B000000060000040EE
:10FA7800400000030605010A000000000000000025
:10FA8800001FF050400000056933800000000000AE
:10FA9800C30000000000000000000000000000009B
:10FAA800000000000000000000000000000000004E
:10FAB800000000000000000000000010AF308500CA
:10FAC8000000003400860000000003A050000E0073
:10FAD800000000000100000D7D0100000003409CB3
:10FAE800C200000000000C302000000000000000F0
:10FAF80000000000000000000000000000000000FE
:10FB080000000000000000000000000000000000ED
:10FB18000000008244B0000000225D400180000126
:10FB2800C00000000000000000000000200F72E983
:10FB380010000000006833800000000000C30000CF
:10FB480000000000000000000000000000000000AD
:10FB5800000000000000000000000000000000009D
:10FB68000000000000000000000B248500000000D9
:10FB78003DB00084000010000000000000000000FC
:10FB88000000100089E10100004000009CC2000054
:10FB98000000000C30200000000000000000000001
:10FBA800000000000000000000000000000000004D
:10FBB8000000000000000000000000000300000139
:10FBC8008244B00C00007059400030000000060567
:10FBD80080000000000000030008189EA0500000EC
:10FBE8000000E933800000000000C30000000000AE
:10FBF80000000000000000000000000000000000FD
:10FC080000000000000000000000000000000000EC
:10FC1800000000000000AF248500000000268000DE
:10FC280000000F005390901000000000000000003A
:10FC3800109F6D4100000002C2FCC00800000000D7
:10FC48000C30200000000000000000000000000050
:10FC5800000000000000000000000000000000009C
:10FC6800000000000000000000000000008204B056
:10FC78000000366160004000000010000000000035
:10FC8800066C0A5400000818B7578000000001E805
:10FC980033800000000000C30000000000000000E6
:10FCA800000000000000000000000000000000004C
:10FCB800000000000000000000000000000000003C
:10FCC80000000009308510000140000044000000D9
:10FCD8000F00000000004023C00040000010092071
:10FCE8007400000003829CC040000000000C30201B
:10FCF80000000000000000000000000000000000FC
:10FD080000000000000000000000000000000000EB
:10FD180000000000000000800019020CF002000042
:10FD280000000000080050A80001002000000FEAB1
:10FD3800040080080100000000000000E933800092
:10FD480000000000C30000000000000000000000E8
:10FD5800000000000000000000000000000000009B
:10FD6800000000000000000000000000000000008B
:10FD78009033310000000000000000000000B002D5
:10FD8800100000000030A040000070F000000000EB
:10FD98000003C2ACC000000000000C3020000000CE
:10FDA800000000000000000000000000000000004B
:10FDB800000000000000000000000000000000003B
:10FDC80000000000000000720CF00C0000297A907E
:10FDD80000100018018168004000678018140101B4
:10FDE8000801BA978000008000E833800000000016
:10FDF80000C3000000000000000000000000000038
:10FE080000000000000000000000000000000000EA
:10FE18000000000000000000000000000000833126
:10FE280000C0000001C900010000000816800C8015
:10FE38000043CF4240020050E970B80000000000C3
:10FE4800FCC010000000000C302000000000000082
:10FE5800000000000000000000000000000000009A
:10FE6800000000000000000000000000000000008A
:10FE7800000008018204B0000014005F00000000C8
:10FE8800000000000000000021EA04000008000053
:10FE98002040000000046933810000000000C30016
:10FEA800000000000000000000000000000000004A
:10FEB800000000000000000000000000000000003A
:10FEC800000000000000000000109D3485000001C3
:10FED8004285F8000000000000000000000000D08B
:10FEE8005040000010053508000001C342DCC00086
:10FEF800000000000C30200000000000000000009E
:10FF080000000000000000000000000000000000E9
:10FF180000000000000000000000000000000009D0
:10FF2800985A0CF0000E20020000400010000078E3
:10FF38003C000009E020081400000D887050800083
:10FF4800402E01C833804000000000C300000000BC
:10FF58000000000000000000000000000000000099
:10FF68000000000000000000000000000000000089
:10FF780000000000000010000331000800401400D9
:10FF880084002000000003C000000003CE424000AF
:10FF98000051003508000002C3C2CCC000000000B8
:10FFA800000C3020000000000000000000000008E5
:10FFB8000000000000000000000000000000000039
:10FFC8000000000000000000000000000181024C59
:10FFD800F000000028000000000000900000000071
:10FFE80000E000A0F00000038093C1000000242579
:08FFF800E83380400000000026
:020000041001E9
:10000000C30000000000000000000000000000002D
:1000100000000000000000000000000000000000E0
:1000200000000000000000000000000080333100EC
:10003000000006C0000000000009000000000000F1
:100040003C000F00000008976890040000E340ECBB
:10005000C000000000000C30200000000000000084
:100060000000000000000000000000000000000090
:100070000000000000000000000000000000000080
:100080000000018244B000408030000040000000C9
:1000900000603C000000E78405A00010000A020494
:1000A00018000020256933800000000000C3000014
:1000B0000000000000000000000000000000000040
:1000C0000000000000000000000000000000000030
:1000D00000000000000000000089348500000000DE
:1000E000340084000000000003C000000200205A19
:1000F00000000811004001000085C3C2CCC0800090
:100100000000000C30200000000000000000000093
:1001100000000000000000000000000000000000DF
:1001200000000000000000000000000003000000CC
:10013000024CF00C000064E1810030008003AE103E
:1001400000C000020080F0030008000016800000DC
:100150000E00C833800000000000C3000000000053
:10016000000000000000000000000000000000008F
:10017000000000000000000000000000000000007F
:100180000000000000000027310000000666D000DB
:10019000000005000B610010000040100F0000007F
:1001A000B00502942000002242CCC0100000720072
:1001B000B01101010100000000000000000000007B
:1001C000000000000000000000000000000000002F
:1001D000000000000000000000000000000000001F
:1001E000000000000000000000000000000000000F
:1001F00000000000000000000000000000000000FF
:1002000000000000000008000000000000000000E6
:1002100000000000000000000000000000000000DE
:1002200000000000000000000000000000000000CE
:1002300000000000000000000000000000000000BE
:1002400000000000000000000000000000000000AE
:10025000000000000000000000000000009000000E
:10026000000000000000000000000000000000008E
:10027000000000000000000000000000000000007E
:1002800000000000000000000000000000800000EE
:10029000000000000000000000000000000000005E
:1002A000000000000000000000000000000000004E
:1002B000000000000000000000000000000000003E
:1002C000000000000000000000000000000000002E
:1002D000000000000000000000000000000000001E
:1002E0000000007800000000000000000000000096
:1002F00000000000000000000000000000000000FE
:1003000000000000000000000000000000000000ED
:1003100000000000000000000000000000000000DD
:1003200000000000000000000000000000000000CD
:1003300000000000000000000000000000000000BD
:1003400000000000000000000000000000000000AD
:10035000000000000000000000000000000000009D
:10036000000000000000000000000000000000008D
:10037000000000000000000000000000000000007D
:10038000000000000000000000000000000000006D
:10039000000000000000000000000000000000005D
:1003A000000000000000000000000000000000004D
:1003B000000000000000000000000000000000003D
:1003C000000000000000000000000000000000002D
:1003D000000000000000000000000000000000001D
:1003E00020000000000000000000000000000000ED
:1003F00000000000000000000000000000000000FD
:1004000000000000000000000000000000000000EC
:1004100000000000000000000000000000000000DC
:1004200000000000000000000000000000000000CC
:100430000000000000001C000000000000000000A0
:1004400000000000000000000000000000000000AC
:10045000000000000000000000000000000000009C
:10046000000000000000000000000000000000008C
:10047000000000000000000000000000000000007C
:10048000000000000000000000000000000000105C
:10049000000000000000400000000000000000001C
:1004A000000000000000000000000000000000004C
:1004B000000000000000000000000000000000003C
:1004C000000000000000000000000000000000002C
:1004D000000000000000000000000000000000001C
:1004E000000000000000000000000000000000000C
:1004F00000000000000000000000000000000000FC
:1005000000000000000000000000000000000000EB
:1005100000000000000000000000000000000000DB
:1005200000000000000000000000000000000000CB
:10053000000000000000000000000000400000007B
:1005400000000100000000000000000000000000AA
:10055000000000000000000000000000000000009B
:1005600000000000000000000000C00000000000CB
:10057000000000000000000000000000000000007B
:100580000000000000000000000000000000020069
:100590000000080000080000003C0000000000000F
:1005A000000000000000000000000000000000004B
:1005B000000000000000000000000000000000003B
:1005C0000C0000000000000000000000000000001F
:1005D000000000000000000000000000000000001B
:1005E0000000000000000000000000000007800084
:1005F00000000000000000000000000000000000FB
:1006000000000000000000000000000000000000EA
:1006100000000000000000000000000000000000DA
:1006200000000000000000000000000000000000CA
:1006300000000000000000000000000100000000B9
:1006400000000400000000000000000000000000A6
:10065000000000000000000000000000000000009A
:10066000000000000000000000000000000000008A
:10067000000000000000000000000000000000007A
:10068000000000000000000000000000000000006A
:100690000000000000400000000000010000000019
:1006A000000000000000000000000000000000004A
:1006B000000000000000000000000000000000003A
:1006C000000000000000000000000000000000002A
:1006D000000000000000000000000000000000001A
:1006E0000000000000000000020000000000000800
:1006F00000000000000000000000000000000000FA
:1007000000000000000000000000000000000000E9
:1007100000000000000000000000000000000000D9
:10072000000C30000000000000000000000000008D
:1007300000000000000000000000000000000000B9
:1007400000000000000000000000000000000000A9
:100750000000000000000000000000000000000099
:100760000000000000000000000000000000000089
:100770000000000000000000C302000000000000B4
:100780000000000000000000000000000000000069
:100790000000000000000000000000000000000059
:1007A0000000000000000000000000000000000049
:1007B0000000000000000000000000000000000039
:1007C00000000000000000000000000000000C30ED
:1007D0000000000000000000000000000000000019
:1007E0000000000000000000000000000000000009
:1007F00000000000000000000000000000000000F9
:1008000000000000000000000000000000000000E8
:1008100000000000000000000000000000205A005E
:100820000000000000C30200000000000000000003
:1008300000000000000000000000000000000000B8
:1008400000000000000000000000000000000000A8
:100850000000000000000000000000000000000098
:100860000000000000000000000000000000000088
:100870000000000405A000000000000C3000000093
:100880000000000000000000000000000000000068
:100890000000000000000000000000000000000058
:1008A00000800000000000000000000000000000C8
:1008B0000000000000000000000000000000000038
:1008C0000000000000000000000000000000000028
:1008D0000000C30200000000000000000000000053
:1008E0000000000000000000000000000000000008
:1008F00000000000000000100000000000000000E8
:1009000000000000000000000000000000000000E7
:1009100000000000000000000000000000000000D7
:1009200000000000000000000C300000000000008B
:1009300000000000000000000000000000000000B7
:1009400000000000000000000000000000000000A7
:100950000000000000000000000000000000000097
:100960000000000000000000000000000000000087
:10097000000000000000000000000000000000C3B4
:100980000200000000000000000000000000000065
:100990000000000000000000000000000000000057
:1009A0000000000000000000000000000000000047
:1009B0000000000000000000000000000000000037
:1009C0000000000000000000000000000000000027
:1009D00000000000000C30000000000000000000DB
:1009E0000000000000000000000000000000000007
:1009F00000000000000000000000000000000000F7
:100A000000000000000000000000000000000000E6
:100A100000000000000000000000000000000000D6
:100A2000000000000000000000000000C302000001
:100A300000000000000000000000000000000000B6
:100A400000000000000000000000000000000000A6
:100A50000000000000000000000000000000000096
:100A60000000000000000000000000000000000086
:100A70000000000000000000000000000000000076
:100A800000000C300000000000000000000000002A
:100A90000000000000000000000000000000000056
:100AA0000000000000000000000000000000000046
:100AB0000000000000000000000000000000000036
:100AC0000000000000000000000000000000000026
:100AD000000000000000000000C302000000000051
:100AE0000000000000000000000000000000000006
:100AF00000000000000000000000000000000000F6
:100B000000000000000000000000000000000000E5
:100B100000000000000000000000000000000000D5
:100B20000000000000000000000000000000000CB9
:100B30003000000000000000000000000000000085
:100B400000000000000000000000000000000000A5
:100B50000000000000000000000000000000000095
:100B60000000000000000000000000000000000085
:100B70000000000000000000000000000000000075
:100B8000000000000000C3020000000000000000A0
:100B90000000000000000000000000000000000055
:100BA0000000000000000000000000000000000045
:100BB0000000000000000000000000000000000035
:100BC0000000000000000000000000000000000025
:100BD0000000000000000000000000000C300000D9
:100BE0000000000000000000000000000000000005
:100BF00000000000000000000000000000000000F5
:100C000000000000000000000000000000000000E4
:100C100000000000000000000000000000000000D4
:100C20000000000000000000000040000000000084
:100C3000000000C3020000000000000000000000EF
:100C400000000000000000000000000000000000A4
:100C50000000000000000000000000000000000094
:100C60000000000000000000000000000000000084
:100C70000000000000000000000000000000000074
:100C80000780000000000000000C300000000000A1
:100C90000000000000000000000000000000000054
:100CA00000000000000000000000000000000080C4
:100CB0000000000000000000000000000000000034
:100CC0000000000000000000000000000000000024
:100CD0000000000000000000000000000000000014
:100CE000C30200000000000000000000000000003F
:100CF00000000000000000000000000000000000F4
:100D000000000000001400000000000000000000CF
:100D100000000000000000000000000000000000D3
:100D200000000000000000000000000000000000C3
:100D30000000000000000C30000000000000000077
:100D400000000000000000000000000000000000A3
:100D50000000000000000000000000000000000093
:100D60000000000000000000000000000000000083
:100D70000000000000000000000000000000000073
:100D800000000000000000000000000000C302009E
:100D90000000000000000000000000000000000053
:100DA0000000000000000000000000000000000043
:100DB0000000000000000000000000000000000033
:100DC0000000000000000000000000000000000023
:100DD0000000000000000000000000000000000013
:100DE0000000000C300000000000000000000000C7
:100DF00000000000000000000000000000000000F3
:100E000000000000000000000000000000000000E2
:100E100000000000000000000000000000000000D2
:100E200000000000000000000000000000000000C2
:100E300000000000000000000000C30200000000ED
:100E400000000000000000000000000000000000A2
:100E50000000000000000000000000000000000092
:100E60000000000000000000000000000000000082
:100E700000028000000000000000000000000000F0
:100E80000000000000000000000000000000000062
:100E90000C30000000000000000000000000000016
:100EA0000000000000000000000000000000000042
:100EB0000000000000000000000000000000000032
:100EC0000000000000000000000000000000000022
:100ED0000000000000000000000000000000000012
:100EE00000000000000000C302000000000000003D
:100EF00000000000000000000000000000000000F2
:100F000000000000000000000000000000000000E1
:100F100000000000000000000000000000000000D1
:100F200000000000000000000000000000000000C1
:100F3000000000000000000000000000000C300075
:100F400000000000000000000000000000000000A1
:100F50000000000000000000000000000000000091
:100F60000000000000000000000000000000000081
:100F7000000000000000000000000000140000005D
:100F80000000000000000000000000000000000061
:100F900000000000C302000000000000000000008C
:100FA0000000000000000000000000000000000041
:100FB0000000000000000000000000000000000031
:100FC0000000000000000000000000000000000021
:100FD0000000000000000000000000000000000011
:100FE000000000000000000000000C3000000000C5
:100FF00000000000000000000000000000000000F1
:1010000000000000000000000000000000000000E0
:1010100000000000000000000000000000000000D0
:1010200000000000000000000000000000000000C0
:1010300000000000000000000000000000000000B0
:1010400000C30200000000000000000000000000DB
:101050000000000000000000000000000000000090
:101060000000000000000000000000000000000080
:101070000000000000000000000000000000000070
:101080000000000000000000000000000000000060
:10109000000000000000000C300000000000000014
:1010A0000000000000000000000000000000000040
:1010B00000000000000380000000000000000000AD
:1010C0000000000000000000000000000000000020
:1010D0000000000000000000000000000000000010
:1010E0000000000000000000000000000000C3023B
:1010F00000000000000000000000000000000000F0
:1011000000000000000000000000000000000000DF
:1011100000000000000000000000000000000000CF
:1011200000000000000000000000000000000000BF
:1011300000000000000000000000000000000000AF
:10114000000000000C300000000000000000000063
:10115000000000000000000000000000000000008F
:10116000000000000000000000000000000000007F
:10117000000000000000000000000000000000006F
:10118000000000000000000000000000000000005F
:101190000000000000000000000000C3020000008A
:1011A000000000000000000000000000000000003F
:1011B000000000000000000000000000000000002F
:1011C000000000000000000000000000000000001F
:1011D000000000000000000000000000000000000F
:1011E00000000000000000000000000000000000FF
:1011F000000C3000000000000000000000000000B3
:1012000000000000000000000000000000000000DE
:1012100000000000000000000000000000000000CE
:1012200000000000234842400000000000000000D1
:1012300000000000000000000000000000000001AD
:1012400040A0000000000000C302000000000000F9
:10125000000000000000000000000000000000008E
:10126000000000000000000000000000000000007E
:101270000000000000000000C000066F8A040300A8
:10128000000000000000000000000000300000002E
:10129000000000C0080007A00000000000000C30A3
:1012A000000000000000000000000000000000003E
:1012B000000000000000000000000000000000002E
:1012C000000000000000000000000000000000001E
:1012D0000400DBE04000000000000000000000000F
:1012E00000000000000000000000010000CB4240B0
:1012F0008000000000C302000000000000000000A9
:1013000000000000000000000000000000000000DD
:1013100000000000000000000000000000000000CD
:1013200000000000000000003DB8040000000000C4
:1013300000000000000000000000000000000000AD
:1013400000080020081400000000000C300000001D
:10135000000000000000000000000000000000008D
:10136000000000000000000000000000000000007D
:10137000000000000000000000000000002C000041
:10138000000000000001EA01200000000000000051
:10139000005100022C10400014000000000000006A
:1013A0000000C30200000000000000000000000078
:1013B000000000000000000000000000000000002D
:1013C000000000000000000000000000000000001D
:1013D0000000000200000000000000001AE91000F8
:1013E0000000000000000000000576C101000200BE
:1013F00000000000000000000C30000000000000B1
:1014000000000000000000000000000000000000DC
:1014100000000000000000000000000000000000CC
:10142000000000200000000000000200000000009A
:1014300000000000000000000000000000000000AC
:10144000000000000000000000000000000000C3D9
:10145000020000000000000000000000000000008A
:10146000000000000000000000000000000000007C
:10147000000000000000000000000000000000006C
:1014800000600000000000000000000000000000FC
:10149000000000000000000000000000000000004C
:1014A00000000000000C3000000000000000000000
:1014B000000000000000000000000000000000002C
:1014C000000000000000000000000000000000001C
:1014D00000000000000000003B6C40400000700075
:1014E00000000000000000000000200510000000C7
:1014F000000000000000000000000000C302000027
:1015000000000000000000000000000000000000DB
:1015100000000000000000000000000000000000CB
:10152000000000000000000000000000000002FFBA
:10153000C854800008000000000000000000000007
:10154000000001C000000000016000000000000079
:1015500000000C300000000000000000000000004F
:10156000000000000000000000000000000000007B
:10157000000000000000000000000000000000006B
:10158000000000000000000000000000000000005B
:101590000000000000000100008000000000001CAE
:1015A000400000000000000000C302000000000036
:1015B000000000000000000000000000000000002B
:1015C000000000000000000000000000000000001B
:1015D000000000000000000000C001400000000307
:1015E00000000A0000000000000000000010007869
:1015F0000000000000000700000000000000000CD8
:1016000030000000000000000000000000000000AA
:1016100000000000000000000000000000000000CA
:1016200000000000000000000000000000000000BA
:101630000014034F0240000000F000000000000012
:101640000000000000000006B08000002C00000038
:10165000000000000000C3020000000000000000C5
:10166000000000000000000000000000000000007A
:10167000000000000000000000000000000000006A
:1016800000000000000020000035DA140080000196
:101690000000000000000000000008005003EF08F8
:1016A0008020220000000000000000000C3000003C
:1016B000000000000000000000000000000000002A
:1016C000000000000000000000000000000000001A
:1016D0000000000000000000000000000000020008
:1016E00000000000000000000000000000000000FA
:1016F0000000000F000000000000000000000000DB
:10170000000000C302000000000000000000000014
:1017100000000000000000000000000000000000C9
:1017200000000000000000000000000000000000B9
:101730000000000000E00000000000058000000044
:101740000000000000000000000010000000000089
:101750000000000000010000000C30000400000048
:101760000000001000000000000040000000000029
:101770000100000000000004000000000000100054
:1017800000000004000000000000100000184140AC
:101790000040000D2C010001000004C4248004005E
:1017A0000A00000000104003C008580010000000AC
:1017B000C302004000000000000100000000000023
:1017C00004000000000000100000000000004000C5
:1017D0000000000001000000003040000000000098
:1017E000C1000017D414030400007070D00C100066
:1017F00000018140304019B0000000C1000000002D
:101800000400010000000C30000400000000000093
:101810001000000000000040000000000001000077
:1018200000000000040000000000001000000000A4
:10183000040000000000003000026AA50000420021
:101840000000000005000000000000040700000088
:101850000000100022CC18100010000000C302008D
:101860004000000000000100000000000004000033
:101870000000000010000000000000400000000018
:101880000001000000000040000000000005000012
:1018900004A4B00004018000000000100400000057
:1018A00000004058000000000100004C03C000018F
:1018B0000000000C300004000000000000100000D8
:1018C00000000000400000000000010000000000D7
:1018D00000040000000000001000000000040000F0
:1018E0003B5E0000100020000000004000000000EF
:1018F0000001000000000000040009DB2940001086
:1019000014000000000010000000C30200400000AE
:1019100000000001000000000000040000000000C2
:101920000010000000000000400000000000010066
:101930000000000040180330B40001000040000027
:10194000000400000000000010040000000000403F
:1019500010BB8490000100000000000001000000A6
:101960000C30000400000000000010000000000027
:101970000040000000000001000000000000040022
:10198000000000000010000000000401080000003A
:10199000001000034A9040004010000000000100C9
:1019A00000000000000400005B890020300628C908
:1019B0008F008010000000C3020040000000000003
:1019C0000100000000000004000000000000100002
:1019D00000000000004000000000000100000000C6
:1019E000004010800000000300000196040004087D
:1019F000000000000010000000000000400007E8A8
:101A0000100005026060D4F000000000000C3000FF
:101A100000000000000000000000000000000000C6
:101A200000000000000000000000000000000000B6
:101A300000000000000000000000000000000002A4
:101A4000005978000000F0FD2C4900000000000063
:101A5000000000010C0600C200000C0000000000A5
:101A600000000000C30200000000000000000000B1
:101A70000000000000000000000000000000000066
:101A80000000000000000000000000000000000056
:101A9000000000000000E0048870000008018308D6
:101AA0005000000000000000000001F06C0C00007D
:101AB000020600000000000000000C3000000000E2
:101AC0000000000000000000000000000000000016
:101AD0000000000000000000000000000000000006
:101AE0000000000200000037658008016E28000039
:101AF0000020000895C01500000000000000000054
:101B0000000093D0842C000003400000000000007F
:101B100000C3020000000000000000000000000000
:101B200000000000000000000000000000000000B5
:101B30000000000000000000000030000003312C15
:101B400000C0EAE6400000030007805AA810040025
:101B50000000000000300050880604A1400002365A
:101B6000C50000000000000C300000000000000074
:101B70000000000000000000000000000000000065
:101B80000000000000000000000000000000000055
:101B900000000B00030850000C00034882400000C6
:101BA000000527C0000000000000000020008A7B24
:101BB00071D61000002E4F42000000000000C3024A
:101BC0000000000000000000000000000000000015
:101BD0000000000000000000000000000000000005
:101BE0000000000000000008008001648500200162
:101BF000E001B4140080001E92DE0002000000002C
:101C00000000080018017F9D01200002A0081000BC
:101C1000000000000C300000000000000000000088
:101C200000000000000000000000000000000000B4
:101C30000000000000000000000000000000000F95
:101C40000000000000016E740000000000F001A917
:101C500068000000201C000408000009D2C6002013
:101C60000000024CD0200000000000C30200000071
:101C70000000000000000000000000000000000064
:101C80000000000000000000000000000000000054
:101C90000000000000000000000000000AE7400013
:101CA00000000048001E9E000000060040A5400005
:101CB00000001004900000000020DE000001000081
:101CC000000C3000040000000000001000000000C4
:101CD00000004000000000000100000000000004BF
:101CE00000000000000010000000000400000000E0
:101CF00000001000035A824000401000200D8601B1
:101D000000000C0504080400809002800010143EBE
:101D10005000000010000000C3020040000000005E
:101D2000000100000000000004000000000000109E
:101D30000000000000004000000000000100000062
:101D40000000400000000000C1000020C414030493
:101D500001800300D00C1004000EA040304039A3D5
:101D6000796800C1020026A0A000010000000C302C
:101D7000000400000000000010000000000000400F
:101D8000000000000001000000000000040000004E
:101D90000000001000000000048100D28F0000103D
:101DA00024254BF00000600000403C200101E014BD
:101DB000E2E00005808AF40280005140276842007A
:101DC0000010000000C302004000000000000100FD
:101DD00000000000000400000000000010000000EF
:101DE0000000004000000000000100000000004072
:101DF00000092ED0000102007CD2D0000C000003AC
:101E000003C000100E024F5E00004019B868148035
:101E10000BA80356100000010000000C3000040065
:101E20000000000000100000000000004000000062
:101E3000000001000000000000040000000000009D
:101E40001000000000040000000000001000034A21
:101E50008140004000076F050001000001CC040034
:101E6000040000560FC0001000275E1848801000C4
:101E70000000C3020040000000000001000000005C
:101E8000000004000000000000100000000000003E
:101E900040000000000001000000000040000000C1
:101EA0000000010000000424000400009220100043
:101EB0001416000AC04000401187A4680001000009
:101EC00016FA4400010000000C300004000000007D
:101ED00000001000000000000040000000000001B1
:101EE00000000000000004000000000000100000DE
:101EF000000004000056F3000010262400504000AB
:101F00004050D7AA0100030800000A040004050A93
:101F100016C8001050422C5D5E000010000000C387
:101F2000020040000000000001000000000000046A
:101F30000000000000001000000000000040000051
:101F40000000000100000000004000092EA8000170
:101F5000026056A504000C0809D7E1504050160055
:101F60006CA0400040809971400003694016F1D098
:101F700000000000000C3000000000000000000025
:101F80000000000000000000000000000000000051
:101F900000000000000000000000008000000000C1
:101FA0000000000000000014282A82400000010DFB
:101FB000F9014000002002C81400003009000000B0
:101FC000000024287F20000000000000C302000061
:101FD0000000000000000000000000000000000001
:101FE00000000000000000000000000000000000F1
:101FF0000004000000000010800000000002E3CC9C
:10200000C8240000058A36E91000000639608140C6
:102010000006001000000000024707B500000000A5
:1020200000000C3000000000000000000000000074
:1020300000000000000000000000000000000000A0
:1020400000000000000000000000000000050A0081
:10205000000008013C235C5500000000E000000087
:102060000201C424050408000580F7A8103080246C
:1020700022CA81110000000000C30200000000001D
:102080000000000000000000000000000000000050
:102090000000000000000000000000000000000040
:1020A000000000000000000000C0CA006CECC0038B
:1020B00000000100000004000E700CA04030001071
:1020C000E3BF4100C40362C0042284000000000C8E
:1020D00030000000000000000000000000000000D0
:1020E00000000000000000000000000000000000F0
:1020F00000000000000000000000000000000000E0
:1021000000002000000000000000000000000000AF
:102110000C050400000380003D4E7000143A405A44
:10212000000000000000C3020000000000000000EA
:10213000000000000000000000000000000000009F
:10214000000000000000000000000000000000008F
:10215000000000000000200000400000008000009F
:1021600000000002000E000AA0400800B8A53BD401
:102170008120000284000000000000000C300000FC
:10218000000000000000000000000000000000004F
:10219000000000000000000000000000000000003F
:1021A00000000000000000000F90000000A14002AD
:1021B000C99040000058B00000000001621C881067
:1021C000000000887F40D830002440000510000047
:1021D000000000C30200000000000000000000003A
:1021E00000000000000000000000000000000000EF
:1021F0000000000000000000000000000000501778
:1022000001688004E80000B6040000070000000038
:1022100000000E02EA0100000038AB620D200082CF
:10222000660CA05000000000000C30000000000010
:10223000000000000000000000000000000000009E
:10224000000000000000000000000000000000008E
:10225000000000000000000000000000300000004E
:10226000000000036F81810001421E92E000000027
:10227000005F814000000434CB00400000000000FB
:10228000C302000000000000000000000000000089
:10229000000000000000000000000000000000003E
:1022A000000000000000000000300070000000008E
:1022B000C000024000000300010016A0101C002412
:1022C000067B5E0030020005701000C002005C1248
:1022D0004400000000000C3000000000000000007E
:1022E00000000000000000000000000000000000EE
:1022F00000000000000000000000000000000000DE
:102300002800000000000000002AFFC1400001007A
:10231000000000000000038C05A000080B1A5B0100
:102320005620800601F900410000000000C30200B1
:10233000000000000000000000000000000000009D
:10234000000000000000000000000000000000008D
:1023500000000000000001040180000000000003F4
:10236000F598041000201E00000000061431400003
:10237000000100808762150400C1401FD8040400DA
:102380000000000C30000000000000000000000011
:10239000000000000000000000000000000000003D
:1023A000000000000000000000000000000000002D
:1023B000000000000000300000000000000BA70D2E
:1023C0008200006035F24000000D8E903300000066
:1023D0000036DE25000000000000C30200000000FF
:1023E00000000000000000000000000000000000ED
:1023F00000000000000000000000000000000000DD
:10240000000000000000000000000000004000008C
:102410000000001A97B09000002678EF040000003A
:10242000500820CC0000000647A00000000000007B
:102430000C30000000000000000000000000000060
:10244000000000000000000000000000000000008C
:10245000000000000000000000000000000000007C
:1024600000A0002C000000000009CBAD6021000599
:102470004017A3F00000039E03F30000060041E9AB
:1024800042400000000000C3020000000000000005
:10249000000000000000000000000000000000003C
:1024A000000000000000000000000000000000002C
:1024B00000000000000000040006400000000001D1
:1024C0001D36C904600080636E1A000018D0B02069
:1024D000CE0000146216000400000000000C300062
:1024E00000000000000000000000000000000000EC
:1024F00000000000000000000000000000000000DC
:1025000000000000000000000000042BC80000369E
:10251000017F2040000078000000000008222C0508
:1025200004080007000B3300000080624B204000CD
:1025300000000000C30200000000000000000000D6
:10254000000000000000000000000000000000008B
:10255000000000000000000000000000000000007B
:10256000E7EABC200000601EFA140000038E0000A1
:102570000000005C020EA0400000800724CE000096
:1025800004075C904400000000000C3000000000D4
:10259000000000000000000000000000000000003B
:1025A000000000000000000000000000000000002B
:1025B000000000030000000A485850003422FF8049
:1025C00040000070ED280900C40BE7C100F00020B6
:1025D00053000B73000C62804000CC000000000030
:1025E00000C3020000000000000000000000000026
:1025F00000000000000000000000000000000000DB
:102600000000000000000000000030000001A08574
:1026100081C0000064FC1403000000D36850040073
:102620003E680C0F08310490E320CE004800021EE3
:10263000833800000000000C3000000000000000A3
:10264000000000000000000000000000000000008A
:10265000000000000000000000000000000000007A
:102660000000000092049410000040187A0000005E
:1026700000000000000000024C8E708010200F024D
:10268000B3000000342C1DCC000000000000C30289
:10269000000000000000000000000000000000003A
:1026A000000000000000000000000000000000002A
:1026B00000000000000000080000E82087812000E2
:1026C0000296C7A08080000000000002011E7A016F
:1026D000DB000A0558F3A4CE0020000001D3380027
:1026E000000000000C3000000000000000000000AE
:1026F00000000000000000000000000000000000DA
:102700000000000000000000000000000000005178
:1027100008D2049D10000042EFC1400080509F2F5E
:1027200009000083C01F8CF00000800002730100CC
:102730008140202000020000000000C302000000D1
:102740000000000000000000000000000000000089
:102750000000000000000000000000000000000079
:1027600000000000000298182087810000E2ADB848
:10277000040011880F32E0100000207BC84A0000DE
:1027800000000324CE000400065E000800000000E4
:10279000000C3000000000000000000000000000FD
:1027A0000000000000000000000000000000000029
:1027B00000000000000000000000000000005814AD
:1027C0001A100000246000680000F0F0028101008F
:1027D0000003BC942400000B0002F30000000C0076
:1027E000CFAD000000000000C302000000000000A8
:1027F00000000000000000000000000000000000D9
:1028000000000000000000000000000000000000C8
:10281000003000018FA01781C00000540A5403004B
:1028200008003728100C2E04000081400000D80753
:10283000A4CE00C003660DC1D000000000000C3023
:102840000000000000000000000000000000000088
:102850000000000000000000000000000000000078
:10286000000000000000000000000D12449830003D
:102870000241C00040400100E0B205000015C64220
:102880000A040000270003F30800003C28000000B1
:102890000000000000C30200000000000000000073
:1028A0000000000000000000000000000000000028
:1028B0000000000000000000000000000000000018
:1028C0000198248781000066040A560000000C78F5
:1028D000605010042021CEA040023991E7A0CE0024
:1028E000000A0000000000000000000C30000000A2
:1028F00000000000000000000000000000000000D8
:1029000000000000000000000000000000000000C7
:1029100000000000000001005304980000240000A3
:1029200000000000F090A4600000C043BCC740005D
:1029300000051003B30000001401EC0A4080000001
:102940000000C302000000000000000000000000C2
:102950000000000000000000000000000000000077
:1029600000000000000000000000000000980824A3
:10297000870000020000000000000001384600004F
:102980000016065D7A000000B9C520CE0000016087
:102990002CB85600000000000C30000000000000C1
:1029A0000000000000000000000000000000000027
:1029B0000000000000000000000000000000000017
:1029C00000000000001304980000003940006080FF
:1029D0000070E033010000000002D814000140093B
:1029E000027300000016234E5040C000000000C3D8
:1029F00002000000000000000000000000000000D5
:102A000000000000000000000000000000000000C6
:102A10000000000000000000000000082487000003
:102A20000000440A540410080107F01010000001CF
:102A3000C1814000020001A4CE000001403DFD061E
:102A400000000000000C300000000000000000004A
:102A50000000000000000000000000000000000076
:102A60000000000000000000000000000000000066
:102A70000F000BF01800000003C8424000000000E7
:102A80004281020003C7FD05040000808A03330071
:102A900000002601FA0A490000000000C3020000FD
:102AA0000000000000000000000000000000000026
:102AB0000000000000000000000000000000000016
:102AC0000000000000000000A7200F000000002010
:102AD00008168000001E3EA810000034380AA040EE
:102AE00000381013A4CE010003E226B8568000007F
:102AF00000000C300000000000000000000000009A
:102B000000000000000000000000000000000000C5
:102B10000000000000000000000000030000181A80
:102B2000449004004003C000403000008073010264
:102B300000C00035A2E0001000000BB30010062C0E
:102B400040DC1A000000000000C30200000000008A
:102B50000000000000000000000000000000000075
:102B60000000000000000000000000000000000065
:102B70000000100018BD221380C00163840A568330
:102B800002000103F0100446006A5B5E00028058F8
:102B90000120CE00C036660793F000000000000C54
:102BA00030000000000000000000000000000000F5
:102BB0000000000000000000000000000000000015
:102BC000000000000000000000000F085604900004
:102BD00000000008814040000100828101000000E7
:102BE00002F8140000008E0B7300100894256A058B
:102BF000000000000000C302000000000000000010
:102C000000000000000000000000000000000000C4
:102C100000000000000000000000000000000008AC
:102C200000001D6A13002000000E08160080001826
:102C300037281002000600408140008479B324CE7A
:102C400000281266BFA04000000000000C30000009
:102C50000000000000000000000000000000000074
:102C60000000000000000000000000000000000064
:102C700000000000000000008902C0008001420046
:102C8000000000001D0000403C000409C6BCE240FA
:102C9000000020000AB30100000000E81D00000051
:102CA000000000C30200000000000000000000005F
:102CB0000000000000000000000000000000000014
:102CC00000000000000000000000000000001810DC
:102CD00004020000E840000000000000000283C27F
:102CE00000001E2C7B0420000001A1A4CE2000A027
:102CF0000725B5E000000000000C300000000000D7
:102D000000000000000000000000000000000000C3
:102D100000000000000000000000000000000000B3
:102D2000000000000500003C00000000037B0700DD
:102D300000000000816800000B4401000500000D48
:102D40008002F3004000943A681D0000000000007B
:102D5000C3020000000000000000000000000000AE
:102D60000000000000000000000000000000000063
:102D70000000000000000000003000800023C200BE
:102D8000C00000059030030000185816800C004069
:102D90002018106000003887A0CE00C0174057F5FB
:102DA000E000000000000C30000000000000000007
:102DB0000000000000000000000000000000000013
:102DC0000000000000000000000000000000000003
:102DD0000001105A44900000000040084000020822
:102DE0000020F0000A08063C0CC00022D0000BF3C3
:102DF0000800213C026C05000000000000C3020036
:102E000000000000000000000000000000000000C2
:102E100000000000000000000000000000000000B2
:102E2000000000000000000099C5261300041800EF
:102E300020000400004700004F0000400E720833DD
:102E400001000200A5A4CE000023C62FA040000070
:102E50000000000C30000000000000000000000036
:102E60000000000000000000000000000000000062
:102E70000000000000000000000000000000010051
:102E800013449000000028083C0000080000403C6B
:102E900000000006C0FCC000102B0003B3000000BF
:102EA000163C2050418000000000C30200000000DA
:102EB0000000000000000000000000000000000012
:102EC0000000000000000000000000000000000002
:102ED000000000000081A5A213800000000003C0D4
:102EE000000000000283C000000028083380028137
:102EF000D883A4CE000002E61CE504000000000018
:102F00000C30000000000000000000000000000085
:102F100000000000000000000000000000000000B1
:102F20000000000000000000000000000A5B0490A8
:102F30000000002C292400000008000015010A00F0
:102F4000201605000400000003F300000C142040CC
:102F5000A5000000000000C3020000000000000007
:102F60000000000000000000000000000000000061
:102F70000000000000000000000000000000000051
:102F8000000001B3A613000000005612400008071D
:102F90000032015000441403C8058000300085A0B1
:102FA000CE0004A2604E000000000000000C3000C3
:102FB0000000000000000000000000000000000011
:102FC0000000000000000000000000000000000001
:102FD000000000000000000000001A449000008083
:102FE000236B5A000000318328490500082406C1DC
:102FF0002000000B1A0B730000000428DF500000B3
:1030000000000000C30200000000000000000000FB
:1030100000000000000000000000000000000000B0
:103020000000000000000000000000000000001888
:10303000052213000010004614200000080B02486F
:103040007000011E73C884A000008181A0CE000022
:1030500002021ED20000000000000C300000000040
:103060000000000000000000000000000000000060
:103070000000000000000000000000000000000050
:10308000000000030000895244900480002A5A384E
:1030900000002851073C498140080016E12000014A
:1030A000070C0AF300002A242CEDB80000000000F1
:1030B00000C302000000000000000000000000004B
:1030C0000000000000000000000000000000000000
:1030D0000000000000000000000030007187A21313
:1030E00001C0006000A3400100080A02487004010A
:1030F0000002E8848040005013A4CE00C014E6967D
:10310000B7A000000000000C30000000000000002C
:1031100000000000000000000000000000000000AF
:10312000000000000000000000000000000000009F
:103130000000000812449000000C3F60FF000000F7
:10314000D003284980000023029CC000100009031E
:10315000330000001C3DE92E000000000000C30207
:10316000000000000000000000000000000000005F
:10317000000000000000000000000000000000004F
:1031800000000000000000080000172213002002C9
:1031900000260A500080000002087802001E04E8A1
:1031A00033880238001124CE0020016074A5E000AD
:1031B000000000000C3000000000000000000000D3
:1031C00000000000000000000000000000000000FF
:1031D00000000000000000000000000000000200ED
:1031E0008853449140000232C0A5000000000781CE
:1031F000419008000754B12040108B0002B300003A
:103200000004406C05000000000000C30200000044
:1032100000000000000000000000000000000000AE
:10322000000000000000000000000000000000009E
:1032300000000000000071F722130000214060052B
:10324000A0000300005A01700000007FE984A00084
:1032500000800500CE8000800234F04000000000B5
:10326000000C300000000000000000000000000022
:10327000000000000000000000000000000000004E
:103280000000000000000000000000000500FB84BA
:103290009200000020100F000000080528490100DE
:1032A00000C774A12080100B80FB680000A1767B12
:1032B000CA42488000000000C30200000000000075
:1032C00000000000000000000000000000000000FE
:1032D00000000000000000000000000000000000EE
:1032E0000030009987A61300C0000001C0F003035E
:1032F000050082087000002E3C498480320098034B
:103300006C8000C4C84245DC2600000000000C3080
:1033100000000000000000000000000000000000AD
:10332000000000000000000000000000000000009D
:10333000000000000000000000000E1A4490200071
:103340000000205A00000038098141810C00C24E63
:1033500091200400030C02C9106004462D5C057026
:103360008000000000C30200000000000000000018
:10337000000000000000000000000000000000004D
:10338000000000000000000000000000000000003D
:1033900000FD2613000000021E05A0000009009A8F
:1033A00001700081207AC98480028091F504910423
:1033B000001C4057B85400000000000C3000000012
:1033C00000000000000000000000000000000000FD
:1033D00000000000000000000000000000000000ED
:1033E000000000000000010053449010000C300069
:1033F0005A000030000538498000004000ACC2008F
:1034000010201F76CFC0000E1601CE2E0000000047
:103410000000C302000000000000000000000000E7
:10342000000000000000000000000000000000009C
:1034300000000000000000000000000000800FA25B
:1034400013000002004E05A000000000820870403A
:103450008C0071E83380020159D33C680000E1C060
:1034600037E5E000000000000C3000000000000024
:10347000000000000000000000000000000000004C
:10348000000000000000000000000000000000003C
:10349000000000010A1B049000000202695A0000AB
:1034A00000000938498000000780ACC2000007080E
:1034B0001EF810002E403A40CC010000000000C36E
:1034C00002000000000000000000000000000000FA
:1034D00000000000000000000000000000000000EC
:1034E0000000000000000000000058AD2613010499
:1034F0001840179520002800008248700000002521
:10350000C8338000000099B201800075E00C833060
:1035100000000000000C300000000000000000006F
:10352000000000000000000000000000000000009B
:10353000000000000000000000000000000000008B
:103540000B005A44900000003B705A000002F0A5A6
:103550000141810001C002FCC000000B081680D2AE
:1035600000203C2C2CCC004000000000C3020000D6
:10357000000000000000000000000000000000004B
:10358000000000000000000000000000000000003B
:1035900000000000000000800D22138000000026C3
:1035A0008F5200001D81DA0170000020014933882C
:1035B00000009983620D810400400C8338000000F4
:1035C00000000C30000000000000000000000000BF
:1035D00000000000000000000000000000000000EB
:1035E00000000000000000000000000300000F12B7
:1035F00044900C000203400841400050090141057D
:10360000000FE782DCC00420011C536B40008B00DC
:10361000382DCC000000000000C3020000000000B4
:10362000000000000000000000000000000000009A
:10363000000000000000000000000000000000008A
:1036400000003000019B221380C0494700000401A4
:103650001088009A017000015E20E8338030005924
:10366000B7EC7400C454401E833A00000000000C04
:10367000300000000000000000000000000000001A
:10368000000000000000000000000000000000003A
:10369000000000000000000000000B08FA04901079
:1036A00000002C105000010008E52C4980000003A8
:1036B00082ECC00000290ADAA050600080002CCC07
:1036C000200000000000C302000000000000000015
:1036D00000000000000000000000000000000000EA
:1036E00000000000000000000000000000000008D2
:1036F00000801322130020014014850000A0051B48
:1037000082487000000001C93380080101C13309FB
:10371000802004001E933800000000000C300000E0
:103720000000000000000000000000000000000099
:103730000000000000000000000000000000000089
:1037400000000000000000010832109010800020EE
:10375000000F00002800093849110001C002FCC018
:103760004002008B738C00000614302ECC05000044
:10377000000000C302000000000000000000000084
:103780000000000000000000000000000000000039
:10379000000000000000000000000000000099F799
:1037A00080930000000040C0F0000100008208701B
:1037B00000008001C933808000500DF040000A16DF
:1037C0000054833800000000000C300000000000AE
:1037D00000000000000000000000000000000000E9
:1037E00000000000000000000000000000000000D9
:1037F000000000000100D2400000000000005A005C
:103800000000000581418100006282FCC0000020B0
:10381000080BE050100024642BCC000000000000D6
:10382000C3020000000000000000000000000000D3
:103830000000000000000000000000000000000088
:1038400000000000000000000030000005E008005B
:10385000C000400405A0030000009A017000001C95
:1038600001493380700400038605000000439C93E7
:103870003810000000000C300000000000000000C4
:103880000000000000000000000000000000000038
:103890000000000000000000000000000000000028
:1038A0000000005E00000000000000000000027048
:1038B0000D8141010A01C3C0BCC0000000995A49F2
:1038C00040004000002DCC000000000000C30200BA
:1038D00000000000000000000000000000000000E8
:1038E00000000000000000000000000000000000D8
:1038F00000000000000000000005E01000000000D3
:103900000000000000480052017000443401E93317
:10391000804000199D3000000800421E83381000CE
:103920000000000C3000000000000000000000005B
:103930000000000000000000000000000000000087
:103940000000000000000000000000000000000077
:1039500000000000000000000441000000052449B0
:103960008000004000ECC00000190C03F010400083
:103970001C240BCC004000000000C302000000002B
:103980000000000000000000000000000000000037
:103990000000000000000000000000000000000027
:1039A00000000000000000000000000000140004FF
:1039B0001800000082487040000001E833800000D9
:1039C00080106701000003E204833800000000005B
:1039D0000C300000000000000000000000000000AB
:1039E00000000000000000000000000000000000D7
:1039F00000000000000000000000000000000000C7
:103A0000000040026E00000000700D284980000098
:103A10000000CCC01000000002C010000C00380DE7
:103A2000CC004000000000C30200000000000000C5
:103A30000000000000000000000000000000000086
:103A40000000000000000000000000000000000076
:103A500000000180000000000000361C3004000857
:103A6000000248700002002849338000003800003E
:103A700009040020404E933800000000000C300084
:103A80000000000000000000000000000000000036
:103A90000000000000000000000000000000000026
:103AA0000000000000000000000A7349102000140C
:103AB000281A84000000B9952C4980000000029C5F
:103AC000C00000008003F010100140240DCC010064
:103AD00000000000C3020000000000000000000021
:103AE00000000000000000000000000000000000D6
:103AF0000000000000000000000000000000005076
:103B0000080061000000001EB840100009998248BA
:103B100070000000386833800000700077010000FA
:103B200008001C933800000000000C30000000006A
:103B30000000000000000000000000000000000085
:103B40000000000000000000000000000000000075
:103B50000000000000000A00000004000000000057
:103B600000000000AD204980000402828CC00000EB
:103B7000000A07B010404000380FCC0000000000E1
:103B800000C3020000000000000000000000000070
:103B90000000000000000000000000000000000025
:103BA00000000000000000000000000018000000FD
:103BB000004000420000000100000E0248780000B2
:103BC0000071C93380100000A07B01000C04001EAE
:103BD000933808000000000C3000000000000000D6
:103BE00000000000000000000000000000000000D5
:103BF00000000000000000000000000000000000C5
:103C000000000500700150000000340000000000BA
:103C100050A581418000014380BCC200002F000BF1
:103C2000E050100500000CCC000000000000C302B2
:103C30000000000000000000000000000000000084
:103C40000000000000000000000000000000000074
:103C500000000000000000080000AD21410020002D
:103C6000004000000080001ADB017800000001C85D
:103C70003380080580070605000008038E8338009E
:103C8000000000000C3000000000000000000000F8
:103C90000000000000000000000000000000000024
:103CA0000000000000000000000000000000000113
:103CB0000002331100001C28000000020000000078
:103CC0000008000140028CC20000000A0C281040CD
:103CD000001C002ECC040000000000C30200000005
:103CE00000000000000000000000000000000000D4
:103CF00000000000000000000000000000000000C4
:103D000000000000000080A020CF000002000000A2
:103D1000000001000070002000021428C033800061
:103D2000000017BA810000200006933800000072DE
:103D3000015011020101000000000000000000001D
:103D40000000000000000000000000000000000073
:103D50000000000000000040000000000000000023
:103D60000000000000000000000000000000000053
:103D70000000000000000000000000000000000043
:103D80000000000000000000000000000000000033
:103D90000000000000000000000000000000000023
:103DA0000000000000000000000000000000000013
:103DB0000000000000000000000000000000000003
:103DC00000000000000000000000000000000000F3
:103DD00000000000000000000000000000000000E3
:103DE00000000000000000000000000000000000D3
:103DF00000000000000000000000000000000000C3
:103E00000000000080000000000000000000000032
:103E100000000000000000000000000000000000A2
:103E20000000000000000000000000000000000092
:103E300000000000000002C00000000000000000C0
:103E40000000000000000000000000000000000072
:103E5000000000000000080000000000000000005A
:103E60000000000000000000000000000000000052
:103E70000000000000000000000000000000000042
:103E80000000000000000000000000000000000032
:103E90000000000000000000000000000000000022
:103EA0000000000000000000000000000010000002
:103EB00000400000000000000000000000000000C2
:103EC00000000000000000000000000000000000F2
:103ED00000000000000000000000000000000000E2
:103EE00000000000000000000000000000000000D2
:103EF00000000000000000000000000000000000C2
:103F000000000002000000000000000000000000AF
:103F100000000000000000000000000000000000A1
:103F20000000000000000000000000000000000091
:103F30000000000000000000000000000000000081
:103F40000000000000000000000000000000000071
:103F50000000000000000000000000002000000041
:103F60000000000000000000280000000000000029
:103F70000000000000000000000000000000000041
:103F80000000000000000000000000000000000031
:103F90000000000000000000000000000000000021
:103FA0000000000000000000000000000000000011
:103FB0000000004000000000000000000000004081
:103FC00000000000000000000000000000000000F1
:103FD00000000000000000000000000000000000E1
:103FE00000000000000000000000000000000000D1
:103FF00000000000000000000000000000000000C1
:1040000000000000000000001000000000000000A0
:1040100000000000000000000000000000000000A0
:1040200008020000000000200000000000008020C6
:104030000000000000000000000000000000000080
:104040000000000000000000000000000000000070
:104050000000000000000000000000000000000060
:104060000000000000000000000000000000000050
:104070000000000000000000000000000000000040
:104080000000000000000000000000000000000030
:104090000000000000000000000000000000000020
:1040A0000000000000000000000000000000000010
:1040B0000000000000000000000000000000000000
:1040C00040000000000000000000000000000000B0
:1040D0000000000008000C000000000000000000CC
:1040E00000000000000000000C00000000000000C4
:1040F00000000000000000000000000000000000C0
:1041000000000000000000000000000000000000AF
:104110000000000000000800000000000000000097
:1041200000000000000000000000008000100100FE
:1041300000000000000000000000000000000080FF
:10414000000000000000000000000000000000006F
:10415000000000000000000000000000000000005F
:10416000000000000000000000000000000000004F
:10417000000000000000000000000000000000003F
:10418000000000000000000000000000000000002F
:10419000000000000000000000000000000000001F
:1041A000000000000000000000000000000000000F
:1041B00000000000000000000000000000000000FF
:1041C00000000000000000000000000000000000EF
:1041D000000002000080000000000002000000015A
:1041E00000000800000000000000000000000000C7
:1041F00000000000000000000000000000000000BF
:1042000000000000000000000000000000000000AE
:10421000000000000000000000000000000000009E
:104220000000000000000002020000000000000882
:10423000000000000000200000000000000000005E
:10424000000000000000000000000000000000006E
:10425000000000000000000000000000000000005E
:10426000000000000000000000000000000000004E
:10427000000000000000000000000000000000003E
:10428000000000000000000001000000000000002D
:1042900000000000000000000000000000001030DE
:1042A000C00000000000000000000000000000004E
:1042B000000000000000000000004001E8000000D5
:1042C00002F05000000000000000000000000000AC
:1042D00000000000000000000000000000000000DE
:1042E00000000000000000000000000000000000CE
:1042F0000000000000030C000000000000000000AF
:1043000000000000000000000000000000000001AC
:1043100000001010000000AF0000000000000000CE
:10432000000000000000000000000000000000008D
:10433000000000000000000000000000000000007D
:1043400000000000000000000000001030C000006D
:10435000000000000000000000000000000000005D
:1043600000000000000000F306080000100000003C
:1043700000000040000000000000000000000000FD
:10438000000000000000000000000000000000002D
:10439000000000000000000000000000000000001D
:1043A0000000030C000000000000000000000000FE
:1043B0000000000000000000000000000008CCE049
:1043C00010000000000000000000000000000000DD
:1043D00000000000000000000000000000000000DD
:1043E00000000000000000000000000000000000CD
:1043F00000000000000000001030C00000000000BD
:1044000000000000000000000000000000000000AC
:1044100000000000B30400000000000000000400E1
:10442000300000000000000000000000000000005C
:10443000000000000000000000000000000000007C
:104440000000000000000000000000000000000369
:104450000C00000000000000000000000000000050
:104460000000000000000000000008CE4000000036
:104470000000000002000200000000000000000038
:1044800000000000000000000000000000000030FC
:10449000000000000000000000000000000000001C
:1044A00000000000001030C000000000000000000C
:1044B00000000000000000000000000000000000FC
:1044C00000000000000000000000000000000000EC
:1044D00000000000000000000000000000000000DC
:1044E00000000000000000000000000000000000CC
:1044F000000000000000000000000000030C0000AD
:1045000000000000000000000000000000000000AB
:10451000000000000000000000000000000000009B
:10452000000000000000000000000000000000008B
:10453000000000000000000000000000000000007B
:10454000000000000000000000000000000000006B
:1045500000001030C000000000000000000000005B
:10456000000000000000000000000000000000004B
:104570000018000000000000000000000000000023
:10458000000000000000000000000000000000002B
:10459000000000000000000000000000000000001B
:1045A000000000000000000000030C0000000000FC
:1045B00000000000000000000000000000000000FB
:1045C00000000000000000000000000000004000AB
:1045D00000000000000000000000000000000000DB
:1045E00000000000000000000000000000000000CB
:1045F00000000000000000000000000000000010AB
:1046000030C00000000000000000000000000000BA
:104610000000000000000000000000040410000082
:10462000000000000000000000000000000000008A
:10463000000000000000000000000000000000007A
:10464000000000000000000000000000000000006A
:10465000000000000000030C00000000000000004B
:10466000000000000000000000000000000000004A
:10467000004080EF0000000000000000000000008B
:10468000000000000000000000000000000000002A
:10469000000000000000000000000000000000001A
:1046A0000000000000000000000000001030C0000A
:1046B00000000000000000000000000000000000FA
:1046C0000000000000000000BC1E00000000000010
:1046D00000000000000000000000000000000000DA
:1046E00000000000000000000000000000000000CA
:1046F00000000000000000000000000000000000BA
:10470000000000030C00000000000000000000009A
:1047100000000000000000000000000000000BC0CE
:104720002000000000000000000000000000000069
:104730000000000000000000000000000000000079
:104740000000000000000000000000000000000069
:104750000000000000000000001030C00000000059
:104760000000000000000000000000000000000049
:10477000000000000000000800000C000000000025
:1047800000300000000000000000000100000000F8
:104790000000000000000000000000000000000019
:1047A0000000000000000000000000000000000009
:1047B000030C0000000000000000000000000000EA
:1047C00000000000000000000000000000001000D9
:1047D00000000000000000000000000000000000D9
:1047E00000002000000000000000000000000000A9
:1047F00000000000000000000000000000080000B1
:104800000000000000001030C000000000000000A8
:104810000000000000000000000000000000000098
:104820000000000000000000000000000000000088
:104830000000000000000000000000000000000078
:104840000000000000000000000000000000000068
:1048500000000000000000000000000000030C0049
:104860000000000000000000000000000000000048
:104870000000000000000000000000000000000038
:104880000000000000000000000000000000000028
:104890000000000000000000000000000000000018
:1048A0000000000000000000000000000000000008
:1048B0000000001030C000000000000000000000F8
:1048C00000000000000000000000000000000000E8
:1048D00000000000000000000000000000000000D8
:1048E00000000000000000000000000000000000C8
:1048F00000000000000000000000000000000000B8
:1049000000000000000000000000030C0000000098
:104910000000000000000000000000000000000097
:104920000000000000000000000000000000000087
:104930000000000000000000000000000000000077
:104940000000000000000000000000000000000067
:104950000000000000000000000000000000000057
:104960001030C00000000000000000000000000047
:104970000000000000000000000000000000000037
:104980000000000000000000000000000000000027
:104990000000000000000000000000000000000017
:1049A0000000000000000000000000000000000007
:1049B00000000000000000030C00000000000000E8
:1049C00000000000000000000000000000000000E7
:1049D00000000000000000000000000000000000D7
:1049E00000000000000000000000000000000000C7
:1049F00000000000000000000000000000000000B7
:104A0000000000000000000000000000001030C0A6
:104A10000000000000000000000000000000000096
:104A20000000000000000000000000000000000086
:104A30000000000000000000000000000000000076
:104A40000000000000000000000000000000000066
:104A50000000000000000000000000000000000056
:104A600000000000030C0000000000000000000037
:104A70000000000000000000000000000000000036
:104A80000000000000000000000000000000000026
:104A90000000000000000000000000000000000016
:104AA0000000000000000000000000000000000006
:104AB000000000000000000000001030C0000000F6
:104AC00000000000000000000000000000000000E6
:104AD00000000000000000000000000000000000D6
:104AE00000000000000000000000000000000000C6
:104AF00000000000000000000000000000000000B6
:104B000000000000000000000000000000000000A5
:104B100000030C0000000000000000000000000086
:104B20000000000000000000000000000000000085
:104B30000000000000000000000000000000000075
:104B40000000000000000000000000000000000065
:104B50000000000000000000000000000000000055
:104B6000000000000000001030C000000000000045
:104B70000000000000000000000000000000000035
:104B80000000000000000000000000000000000025
:104B90000000000000000000000000000000000015
:104BA0000000000000000000000000000000000005
:104BB0000000000000000000000000000000030CE6
:104BC00000000000000000000000000000000000E5
:104BD00000000000000000000000000000000000D5
:104BE00000000000000000000000000000000000C5
:104BF00000000000000000000000000000000000B5
:104C000000000000000000000000000000000000A4
:104C1000000000001030C000000000000000000094
:104C20000000000000000000000000000000000084
:104C30000000000000000000000000000000000074
:104C40000000000000000000000000000000000064
:104C50000000000000000000000000000000000054
:104C60000000000000000000000000030C00000035
:104C70000000000000000000000000000000000034
:104C80000000000000000000000000000000000024
:104C90000000000000000000000000000000000014
:104CA0000000000000000000000000000000000004
:104CB00000000000000000000000000000000000F4
:104CC000001030C0000000000000000000000000E4
:104CD00000000000000000000000000000000000D4
:104CE00000000000000000000000000000000000C4
:104CF00000000000000000000000000000000000B4
:104D000000000000000000000000000000000000A3
:104D10000000000000000000030C00000000000084
:104D20000000000000000000000000000000000083
:104D30000000000000000000000000000000000073
:104D40000000000000000000000000000000000063
:104D50000000000000000000000000000000000053
:104D60000000000000000000000000000000103003
:104D7000C000000000000000000000000000000073
:104D80000000000000000000000000000000000023
:104D90000000000000000000000000000000000013
:104DA0000000000000000000000000000000000003
:104DB00000000000000000000000000000000000F3
:104DC0000000000000030C000000000000000000D4
:104DD00000000000000000000000000000000000D3
:104DE00000000000000000000000000000000000C3
:104DF000000000000000000000000000000014009F
:104E000000000000000000000000000000000000A2
:104E100000000000000000000000001030C0000092
:104E20000000000000000000000000000000000082
:104E30000000000000000000000000000000000072
:104E40000000000000000000000000000000000062
:104E50000000000000000000000000000000000052
:104E60000000000000000000000000000000000042
:104E70000000030C00000000000000000000000023
:104E80000000000000000000000000000000000022
:104E90000000000000000000000000000000000012
:104EA0000000000000000000000000000000000002
:104EB00000000000000000000000000000000000F2
:104EC00000000000000000001030C00000000000E2
:104ED00000000000000000000000000000000000D2
:104EE00000000000000000000000000000000000C2
:104EF00000000000000000000000000000000000B2
:104F000000000000000000000000000000000000A1
:104F1000000000000000000000000000000000038E
:104F20000C00000000000000000000000000000075
:104F30000000000000000000000000000000000071
:104F40000000000000000000000000000000000061
:104F50000000000000000000000000000000000051
:104F60000000000000000000000000000000000041
:104F700000000000001030C0000000000000000031
:104F80000000000000000000000000000000000021
:104F90000000000000000000000000000000000011
:104FA0000000000000000000000000000000000001
:104FB00000000000000000000000000000000000F1
:104FC000000000000000000000000000030C0000D2
:104FD00000000000000000000000000000000000D1
:104FE00000000000000000000000000000000000C1
:104FF00000000000000000000000000000000000B1
:1050000000000000000000000000000000000000A0
:105010000000000000000000000000000000000090
:1050200000001030C0000000000000000000000080
:105030000000000000000000000000000000000070
:105040000000000000000000000000000000000060
:105050000000000000000000000000000000000050
:105060000000000000000000000000000000000040
:10507000000000000000000000030C000000000021
:105080000000000000000000000000000000000020
:105090000000000000000000000000000000000010
:1050A0000000000000000000000000000000000000
:1050B00000000000000000000000000000000000F0
:1050C00000000000000000000000000000000010D0
:1050D00030C00000000000000000000000000000E0
:1050E00000000000000000000000000000000000C0
:1050F00000000000000000000000000000000000B0
:10510000000000000000000000000000000000009F
:10511000000000000000000000000000000000008F
:10512000000000000000030C000000000000000070
:10513000000000000000000000000000000000006F
:10514000000000000000000000000000000000005F
:10515000000000000000000000000000000000004F
:10516000000000000000000000000000000000003F
:105170000000000000000000000000001030C0002F
:10518000000000000000000000000000000000001F
:10519000000000000000000000000000000000000F
:1051A00000000000000000000000000000000000FF
:1051B00000000000000000000000000000000000EF
:1051C00000000000000000000000000000000000DF
:1051D000000000030C0000000000000000000000C0
:1051E00000000000000000000000000000000000BF
:1051F00000000000000000000000000000000000AF
:10520000000000000000000000000000000000009E
:10521000000000000000000000000000000000008E
:105220000000000000000000001030C0000000007E
:10523000000000000000000000000000000000006E
:10524000000000000000000000000000000000005E
:10525000000000000000000000000000000000004E
:10526000000000000000000000000000000000003E
:10527000000000000000000000000000000000002E
:10528000030C00000000000000000000000000000F
:10529000000000000000000000000000000000000E
:1052A00000000000000000000000000000000000FE
:1052B00000000000000000000000000000000000EE
:1052C00000000000000000000000000000000000DE
:1052D0000000000000001030C000000000000000CE
:1052E00000000000000000000000000000000000BE
:1052F00000000000000000000000000000000000AE
:10530000000000000000000000000000000000009D
:10531000000000000000000000000000000000008D
:1053200000000000000000000000000000030C006E
:10533000000000000000000000000000000000006D
:10534000000000000000000000000000000000005D
:10535000000000000000000000000000000000004D
:10536000000000000000000000000000000000003D
:10537000000000000000000000000000000000002D
:105380000000001030C0000000000000000000001D
:10539000000000000000000000000000000000000D
:1053A00000000000000000000000000000000000FD
:1053B00000000000000000000000000000000000ED
:1053C00000000000000000000000000000000000DD
:1053D00000000000000000000000030C00000000BE
:1053E00000000000000000000000000000000000BD
:1053F00000000000000000000000000000000000AD
:10540000000000000000000000000000000000009C
:10541000000000000000000000000000000000008C
:10542000000000000000000000000000000000007C
:105430001030C0000000000000000000000000006C
:10544000000000000000000000000000000000005C
:10545000000000000000000000000000000000004C
:10546000000000000000000000000000000000003C
:10547000000000000000000000000000000000002C
:1054800000000000000000030C000000000000000D
:10549000000000000000000000000000000000000C
:1054A00000000000000000000000000000000000FC
:1054B00000000000000000000000000000000000EC
:1054C00000000000000000000000000000000000DC
:1054D000000000000000000000000000001030C0CC
:1054E00000000000000000000000000000000000BC
:1054F00000000000000000000000000000000000AC
:10550000000000000000000000000000000000009B
:10551000000000000000000000000000000000008B
:10552000000000000000000000000000000000007B
:1055300000000000030C000000000000000000005C
:10554000000000000000000000000000000000005B
:10555000000000000000000000000000000000004B
:10556000000000000000000000000000000000003B
:10557000000000000000000000000000000000002B
:10558000000000000000000000001030C000000219
:1055900000000000000008000000000000200000E3
:1055A0000000000080000000000002000000000079
:1055B00000080000000002000000000000080000D9
:1055C000000000002000000000000080000000003B
:1055D00000020000000000000800000000000020A1
:1055E00000030C000000200000000000008000000C
:1055F00000000002000000000000080000000000A1
:1056000000200000000000008000000000200000DA
:105610000000000080000000000002000000000008
:1056200000080000000000002000000000000080D2
:10563000000000000002001030C000000200000066
:105640000000000800000000000020000000000032
:1056500000800000000000020000000000000800C0
:105660000000000200000000000008000000000030
:105670000020000000000000800000000000020088
:105680000000000000080000000000002000030CE3
:10569000000000200000000000008000000000006A
:1056A00002000000000000080000000000002000D0
:1056B000000000000080000000002000000000004A
:1056C0000080000000000002000000000000080050
:1056D000000000000020000000000000800000002A
:1056E000000003401030C000000200000000000075
:1056F0000800000000000020000000000000800002
:10570000000000000200000000000008000000008F
:10571000020000000000000800000000000020005F
:1057200000000000008000000000000200000000F7
:105730000000080000000000002000030C00000032
:1057400020000000000000800000000000020000B7
:105750000000000008000000000000200000000021
:105760000000800000000020000000000000800019
:10577000000000000200000000000008000000001F
:105780000000200000000000008000000000000277
:10579000001030C0000002000000000000080000FF
:1057A0000000000020000000000000800000000059
:1057B00000020000000000000800000000020000DD
:1057C00000000000080000000000012000000000B0
:1057D000000080000000000002000000000000083F
:1057E0000000000000002000030C0000002000006A
:1057F0000000000080000000000002000000000027
:1058000000080000000000002000000000000080F0
:1058100000000000200000000000008000000000E8
:10582000000200000000000008000000000000204E
:1058300000000000000080000000000002001030A6
:10584000C000000000000000000000000000000098
:105850000000000000000000000000000000000048
:105860000000000000000000000000000000000038
:105870000000000000000000000000000000000028
:105880000000000000000000000000000000000018
:105890000000000000030C000000000000000000F9
:1058A00000000000000000000000000000000000F8
:1058B00000000000000000000000000000000000E8
:1058C00000000000000000000000000000000000D8
:1058D00000000000000000000000000000000000C8
:1058E00000000000000000000000001030C00000B8
:1058F00000000000000000000000000000000000A8
:105900000000000000000000000000000000000097
:105910000000000000000000000000000000000087
:105920000000000000000000000000000000000077
:105930000000000000000000000000000000000067
:105940000000030C00000000000000000000000048
:105950000000000000000000000000000000000047
:105960000000000000000000000000000000000037
:105970000000000000000000000000000000000027
:105980000000000000000000000000000000000017
:1059900000000000000000001030C0000000000007
:1059A00000000000000000000000000000000000F7
:1059B00000000000000000000000000000000000E7
:1059C00000000000000000000000000000000000D7
:1059D00000000000000000000000000000000000C7
:1059E00000000000000000000000000000000003B4
:1059F0000C0000000000000000000000000000009B
:105A00000000000000000000000000000000000096
:105A10000000000000000000000000000000000086
:105A20000000000000000000000000000000000076
:105A30000000000000000000000000000000000066
:105A400000000000001030C0000000000000000056
:105A50000000000000000000000000000000000046
:105A60000000000000000000000000000000000036
:105A70000000000000000000000000000000000026
:105A80000000000000000000000000000000000016
:105A9000000000000000000000000000030C0000F7
:105AA00000000000000000000000000000000000F6
:105AB00000000000000000000000000000000000E6
:105AC00000000000000000000000000000000000D6
:105AD00000000000000000000000000000000000C6
:105AE00000000000000000000000000000000000B6
:105AF00000001030C000000200000000000008009C
:105B000000000000002000000000000080000000F5
:105B10000000020000000000000800000000020079
:105B2000000000000008000000000000200000004D
:105B300000000080000000000002000000000000E3
:105B4000080000000000002000030C0000002000FE
:105B500000000000008000000000000200000000C3
:105B6000000008000000000000200000000000000D
:105B70008000000000200000000000008000000005
:105B8000000002000000000000080000000000000B
:105B90002000000000000080000000000002001053
:105BA00030C00000020000000000000800000000FB
:105BB0000000200000000000008000000000000243
:105BC00000000000000008000000000200000000CB
:105BD000000008000000000000200000000000009D
:105BE000800000000000020000000000000800002B
:105BF000000000002000030C000000200000000056
:105C0000000080000000000002000000000000080A
:105C100000000000000020000000000000800000E4
:105C200000002000000000000080000000000002D2
:105C3000000000000000080000000000002000003C
:105C40000000000080000000000002001030C000D2
:105C5000000200000000000008000000000000201A
:105C600000000000000080000000000002000000B2
:105C70000000000800000000020000000000000812
:105C80000000000000002000000000000080000074
:105C900000000002000000000000080000000000FA
:105CA000002000030C000000200000000000008025
:105CB00000000000000200000000000008000000DA
:105CC0000000002000000000000080000000002014
:105CD0000000000000008000000000000200000042
:105CE000000000080000000000002000000000008C
:105CF0000080000000000002001030C00000020020
:105D0000000000000008000000000000200000006B
:105D10000000008000000000000200000000000001
:105D20000800000000020000000000000800000061
:105D300000000020000000000000800000000000C3
:105D40000200000000000008000000000000200029
:105D5000030C000000200000000000008000000094
:105D60000000020000000000000800000000000029
:105D70002000000000000080000000002000000063
:105D80000000008000000000000200000000000091
:105D9000080000000000002000000000000080005B
:105DA0000000000002001030C000000000000000F1
:105DB00000000000000000000000000000000000E3
:105DC00000000000000000000000000000000000D3
:105DD00000000000000000000000000000000000C3
:105DE00000000000000000000000000000000000B3
:105DF00000000000000000000000000000030C0094
:105E00000000000000000000000000000000000092
:105E10000000000000000000000000000000000082
:105E20000000000000000000000000000000000072
:105E30000000000000000000000000000000000062
:105E40000000000000000000000000000000000052
:105E50000000001030C00000000000000000000042
:105E60000000000000000000000000000000000032
:105E70000000000000000000000000000000000022
:105E80000000000000000000000000000000000012
:105E90000000000000000000000000000000000002
:105EA00000000000000000000000030C00000000E3
:105EB00000000000000000000000000000000000E2
:105EC00000000000000000000000000000000000D2
:105ED00000000000000000000000000000000000C2
:105EE00000000000000000000000000000000000B2
:105EF00000000000000000000000000000000000A2
:105F00001030C00000000000000000000000000091
:105F10000000000000000000000000000000000081
:105F20000000000000000000000000000000000071
:105F30000000000000000000000000000000000061
:105F40000000000000000000000000000000000051
:105F500000000000000000030C0000000000000032
:105F60000000000000000000000000000000000031
:105F70000000000000000000000000000000000021
:105F80000000000000000000000000000000000011
:105F90000000000000000000000000000000000001
:105FA000000000000000000000000000001030C0F1
:105FB00000000000000000000000000000000000E1
:105FC00000000000000000000000000000000000D1
:105FD00000000000000000000000000000000000C1
:105FE00000000000000000000000000000000000B1
:105FF00000000000000000000000000000000000A1
:1060000000000000030C0000000000000000000081
:106010000000000000000000000000000000000080
:106020000000000000000000000000000000000070
:106030000000000000000000000000000000000060
:106040000000000000000000000000000000000050
:10605000000000000000000000001030C000000040
:106060000000000000000000000000000000000030
:106070000000000000000000000000000000000020
:106080000000000000000000000000000000000010
:106090000000000000000000000000000000000000
:1060A00000000000000000000000000000000000F0
:1060B00000030C00000000000000000000000000D1
:1060C00000000000000000000000000000000000D0
:1060D00000000000000000000000000000000000C0
:1060E00000000000000000000000000000000000B0
:1060F00000000000000000000000000000000000A0
:10610000000000000000001030C00000000000008F
:10611000000000000000000000000000000000007F
:10612000000000000000000000000000000000006F
:10613000000000000000000000000000000000005F
:10614000000000000000000000000000000000004F
:106150000000000000000000000000000000030C30
:10616000000000000000000000000000000000002F
:10617000000000000000000000000000000000001F
:10618000000000000000000000000000000000000F
:1061900000000000000000000000000000000000FF
:1061A00000000000000000000000000000000000EF
:1061B000000000001030C0000000000000000000DF
:1061C00000000000000000000000000000000000CF
:1061D00000000000000000000000000000000000BF
:1061E00000000000000000000000000000000000AF
:1061F000000000000000000000000000000000009F
:106200000000000000000000000000030C0000007F
:10621000000000000000000000000000000000007E
:10622000000000000000000000000000000000006E
:10623000000000000000000000000000000000005E
:10624000000000000000000000000000000000004E
:10625000000000000000000000000000000000003E
:10626000001030C00000000000000000000000002E
:10627000000000000000000000000000000000001E
:10628000000000000000000000000000000000000E
:1062900000000000000000000000000000000000FE
:1062A00000000000000000000000000000000000EE
:1062B0000000000000000000030C000000000000CF
:1062C00000000000000000000000000000000000CE
:1062D00000000000000000000000000000000000BE
:1062E00000000000000000000000000000000000AE
:1062F000000000000000000000000000000000009E
:10630000000000000000000000000000000010304D
:10631000C0000000000000000000000000000000BD
:10632000000000000000000000000000000000006D
:10633000000000000000000000000000000000005D
:10634000000000000000000000000000000000004D
:10635000000000000000000000000000000000003D
:106360000000000000030C0000000000000000001E
:10637000000000000000000000000000000000001D
:10638000000000000000000000000000000000000D
:1063900000000000000000000000000000000000FD
:1063A00000000000000000000000000000000000ED
:1063B00000000000000000000000001030C00000DD
:1063C00000000000000000000000000000000000CD
:1063D00000000000000000000000000000000000BD
:1063E00000000000000000000000000000000000AD
:1063F000000000000000000000000000000000009D
:10640000000000000000000000000000000000008C
:106410000000030C0000000000000000000000006D
:10642000000000000000000000000000000000006C
:10643000000000000000000000000000000000005C
:10644000000000000000000000000000000000004C
:10645000000000000000000000000000000000003C
:1064600000000000000000001030C000000000002C
:10647000000000000000000000000000000000001C
:10648000000000000000000000000000000000000C
:1064900000000000000000000000000000000000FC
:1064A00000000000000000000000000000000000EC
:1064B00000000000000000000000000000000003D9
:1064C0000C000000000000000000000000000000C0
:1064D00000000000000000000000000000000000BC
:1064E00000000000000000000000000000000000AC
:1064F000000000000000000000000000000000009C
:10650000000000000000000000000000000000008B
:1065100000000000001030C000000000000000007B
:10652000000000000000000000000000000000006B
:10653000000000000000000000000000000000005B
:10654000000000000000000000000000000000004B
:10655000000000000000000000000000000000003B
:10656000000000000000000000000000030C00001C
:10657000000000000000000000000000000000001B
:10658000000000000000000000000000000000000B
:1065900000000000000000000000000000000000FB
:1065A00000000000000000000000000000000000EB
:1065B00000000000000000000000000000000000DB
:1065C00000001030C00000000000000000000000CB
:1065D00000000000000000000000000000000000BB
:1065E00000000000000000000000000000000000AB
:1065F000000000000000000000000000000000009B
:10660000000000000000000000000000000000008A
:10661000000000000000000000030C00000000006B
:10662000000000000000000000000000000000006A
:10663000000000000000000000000000000000005A
:10664000000000000000000000000000000000004A
:10665000000000000000000000000000000000003A
:10666000000000000000000000000000000000101A
:1066700030C000000000000000000000000000002A
:10668000000000000000000000000000000000000A
:1066900000000000000000000000000000000000FA
:1066A00000000000000000000000000000000000EA
:1066B00000000000000000000000000000000000DA
:1066C000000000000000030C0000000000000000BB
:1066D00000000000000000000000000000000000BA
:1066E00000000000000000000000000000000000AA
:1066F000000000000000000000000000000000009A
:106700000000000000000000000000000000000089
:106710000000000000000000000000001030C00079
:106720000000000000000000000000000000000069
:106730000000000000000000000000000000000059
:106740000000000000000000000000000000000049
:106750000000000000000000000000000000000039
:106760000000000000000000000000000000000029
:10677000000000030C00000000000000000000000A
:106780000000000000000000000000000000000009
:1067900000000000000000000000000000000000F9
:1067A00000000000000000000000000008000000E1
:1067B00000000000000000000000000000000000D9
:1067C0000000000000000000001030C000000000C9
:1067D00000000000000000000000000000000000B9
:1067E00000000000000000000000000000000000A9
:1067F0000000000000000000000000000000000099
:106800000000000000000000000000000000000088
:106810000000000000000000000000000000000078
:10682000030C000000000000000000000000000059
:106830000000000000000000000000000000000058
:106840000000000000000000000000000000000048
:106850000000000000000000000000000000000038
:106860000000000000000000000000000000000028
:106870000000000000001030C00000000000000018
:106880000000000000000000000000000000000008
:1068900000000000000000000000000000000000F8
:1068A00000000000000000000000000000000000E8
:1068B00000000000000000000000000000000000D8
:1068C00000000000000000000000000000030C00B9
:1068D00000000000000000000000000000000000B8
:1068E00000000000000000000000000000000000A8
:1068F0000000000000000000000000000000000098
:106900000000000000000000000000000000000087
:106910000000000000000000000000000000000077
:106920000000001030C00000000000000000000067
:106930000000000000000000000000000000000057
:106940000000000000000000000000000000000047
:106950000000000000000000000000000000000037
:106960000000000000000000000000000000000027
:1069700000000000000000000000030C0000000008
:106980000000000000000000000000000000000007
:1069900000000000000000000000000000000000F7
:1069A00000000000000000000000000000000000E7
:1069B00000000000000000000000000000000000D7
:1069C00000000000000000000000000000000000C7
:1069D0001030C000000000000000000000000000B7
:1069E00000000000000000000000000000000000A7
:1069F0000000000000000000000000000000000097
:106A00000000000000000000000000000000000086
:106A10000000000000000000000000000000000076
:106A200000000000000000030C0000000000000057
:106A30000000000000000000000000000000000056
:106A40000000000000000000000000000000000046
:106A50000000000000000000000000000000000036
:106A60000000000000000000000000000000000026
:106A7000000000000000000000000000001030C016
:106A80000000000000000000000000000000000006
:106A900000000000000000000000000000000000F6
:106AA00000000000000000000000000000000000E6
:106AB00000000000000000000000000000000000D6
:106AC00000000000000000000000000000000000C6
:106AD00000000000030C00000000000000000000A7
:106AE00000000000000000000000000000000000A6
:106AF0000000000000000000000000000000000096
:106B00000000000000000000000000000000000085
:106B10000000000000000000000000000000000075
:106B2000000000000000000000001030C000000065
:106B30000000000000000000000000000000000055
:106B40000000000000000000000000000000000045
:106B50000000000000000000000000000000000035
:106B60000000000000000000000000000000000025
:106B70000000000000000000000000000000000015
:106B800000030C00000000000000000000000000F6
:106B900000000000000000000000000000000000F5
:106BA00000000000000000000000000000000000E5
:106BB00000000000000000000000000000000000D5
:106BC00000000000000000000000000000000000C5
:106BD000000000000000001030C0000000000000B5
:106BE00000000000000000000000000000000000A5
:106BF0000000000000000000000000000000000095
:106C00000000000000000000000000000000000084
:106C10000000000000000000000000000000000074
:106C20000000000000000000000000000000030C55
:106C30000000000000000000000000000000000054
:106C40000000000000000000000000000000000044
:106C50000000000000000000000000000000000034
:106C60000000000000000000000000000000000024
:106C70000000000000000000000000000000000014
:106C8000000000001030C000000000000000000004
:106C900000000000000000000000000000000000F4
:106CA00000000000000000000000000000000000E4
:106CB00000000000000000000000000000000000D4
:106CC00000000000000000000000000000000000C4
:106CD0000000000000000000000000030C000000A5
:106CE00000000000000000000000000000000000A4
:106CF0000000000000000000000000000000000094
:106D00000000000000000000000000000000000083
:106D10000000000000000000000000000000000073
:106D20000000000000000000000000000000000063
:106D3000001030C000000000000000000000000053
:106D40000000000000000000000000000000000043
:106D50000000000000000000000000000000000033
:106D60000000000000000000000000000000000023
:106D70000000000000000000000000000000000013
:106D80000000000000000000030C000000000000F4
:106D900000000000000000000000000000000000F3
:106DA00000000000000000000000000000000000E3
:106DB00000000000000000000000000000000000D3
:106DC00000000000000000000000000000000000C3
:106DD0000000000000000000000000000000103073
:106DE000C0000000000000000000000000000000E3
:106DF0000000000000000000000000000000000093
:106E00000000000000000000000000000000000082
:106E10000000000000000000000000000000000072
:106E20000000000000000000000000000000000062
:106E30000000000000030C00000000000000000043
:106E40000000000000000000000000000000000042
:106E50000000000000000000000000000000000032
:106E60000000000000000000000000000000000022
:106E70000000000000000000000000000000000012
:106E800000000000000000000000001030C0000002
:106E900000000000000000000000000000000000F2
:106EA00000000000000000000000000000000000E2
:106EB00000000000000000000000000000000000D2
:106EC00000000000000000000000000000000000C2
:106ED00000000000000000000000000000000000B2
:106EE0000000030C00000000000000000000000093
:106EF0000000000000000000000000000000000092
:106F00000000000000000000000000000000000081
:106F10000000000000000000000000000000000071
:106F20000000000000000000000000000000000061
:106F300000000000000000001030C0000000000051
:106F40000000000000000000000000000000000041
:106F50000000000000000000000000000000000031
:106F60000000000000000000000000000000000021
:106F70000000000000000000000000000000000011
:106F800000000000000000000000000000000003FE
:106F90000C000000000000000000000000000000E5
:106FA00000000000000000000000000000000000E1
:106FB00000000000000000000000000000000000D1
:106FC00000000000000000000000000000000000C1
:106FD00000000000000000000000000000000000B1
:106FE00000000000001030C00000000000000000A1
:106FF0000000000000000000000000000000000091
:107000000000000000000000000000000000000080
:107010000000000000000000000000000000000070
:107020000000000000000000000000000000000060
:10703000000000000000000000000000030C000041
:107040000000000000000000000000000000000040
:107050000000000000000000000000000000000030
:107060000000000000000000000000000000000020
:107070000000000000000000000000000000000010
:107080000000000000000000000000000000000000
:1070900000001030C00000000000000000000000F0
:1070A00000000000000000000000000000000000E0
:1070B00000000000000000000000000000000000D0
:1070C00000000000000000000000000000000000C0
:1070D00000000000000000000000000000000000B0
:1070E000000000000000000000030C000000000091
:1070F0000000000000000000000000000000000090
:10710000000000000000000000000000000000007F
:10711000000000000000000000000000000000006F
:10712000000000000000000000000000000000005F
:10713000000000000000000000000000000000103F
:1071400030C000000000000000000000000000004F
:10715000000000000000000000000000000000002F
:10716000000000000000000000000000000000001F
:10717000000000000000000000000000000000000F
:1071800000000000000000000000000000000000FF
:10719000000000000000030C0000000000000000E0
:1071A00000000000000000000000000000000000DF
:1071B00000000000000000000000000000000000CF
:1071C00000000000000000000000000000000000BF
:1071D00000000000000000000000000000000000AF
:1071E0000000000000000000000000001030C0009F
:1071F000000000000000000000000000000000008F
:10720000000000000000000000000000000000007E
:10721000000000000000000000000000000000006E
:10722000000000000000000000000000000000005E
:10723000000000000000000000000000000000004E
:10724000000000030C00000000000000000000002F
:10725000000000000000000000000000000000002E
:10726000000000000000000000000000000000001E
:10727000000000000000000000000000000000000E
:1072800000000000000000000000000000000000FE
:107290000000000000000000001030C000000000EE
:1072A00000000000000000000000000000000000DE
:1072B00000000000000000000000000000000000CE
:1072C00000000000000000000000000000000000BE
:1072D00000000000000000000000000000000000AE
:1072E000000000000000000000000000000000009E
:1072F000030C00000000000000000000000000007F
:10730000000000000000000000000000000000007D
:10731000000000000000000000000000000000006D
:10732000000000000000000000000000000000005D
:10733000000000000000000000000000000000004D
:107340000000000000001030C0000000000000003D
:10735000000000000000000000000000000000002D
:10736000000000000000000000000000000000001D
:10737000000000000000000000000000000000000D
:1073800000000000000000000000000000000000FD
:1073900000000000000000000000000000030C00DE
:1073A00000000000000000000000000000000000DD
:1073B00000000000000000000000000000000000CD
:1073C00000000000000000000000000000000000BD
:1073D00000000000000000000000000000000000AD
:1073E000000000000000000000000000000000009D
:1073F0000000001030C0000000000000000000008D
:10740000000000000000000000000000000000007C
:10741000000000000000000000000000000000006C
:10742000000000000000000000000000000000005C
:10743000000000000000000000000000000000004C
:1074400000000000000000000000030C000000002D
:10745000000000000000000000000000000000002C
:10746000000000000000000000000000000000001C
:10747000000000000000000000000000000000000C
:1074800000000000000000000000000000000000FC
:1074900000000000000000000000000000000000EC
:1074A0001030C000000000000000000000000000DC
:1074B00000000000000000000000000000000000CC
:1074C00000000000000000000000000000000000BC
:1074D00000000000000000000000000000000000AC
:1074E000000000000000000000000000000000009C
:1074F00000000000000000030C000000000000007D
:10750000000000000000000000000000000000007B
:10751000000000000000000000000000000000006B
:10752000000000000000000000000000000000005B
:10753000000000000000000000000000000000004B
:10754000000000000000000000000000001030C03B
:10755000000000000000000000000000000000002B
:10756000000000000000000000000000000000001B
:10757000000000000000000000000000000000000B
:1075800000000000000000000000000000000000FB
:1075900000000000000000000000000000000000EB
:1075A00000000000030C00000000000000000000CC
:1075B00000000000000000000000000000000000CB
:1075C00000000000000000000000000000000000BB
:1075D00000000000000000000000000000000000AB
:1075E000000000000000000000000000000000009B
:1075F000000000000000000000001030C00000008B
:10760000000000000000000000000000000000007A
:10761000000000000000000000000000000000006A
:10762000000000000000000000000000000000005A
:10763000000000000000000000000000000000004A
:10764000000000000000000000000000000000003A
:1076500000030C000000000000000000000000001B
:10766000000000000000000000000000000000001A
:10767000000000000000000000000000000000000A
:1076800000000000000000000000000000000000FA
:1076900000000000000000000000000000000000EA
:1076A000000000000000001030C0000000000000DA
:1076B00000000000000000000000000000000000CA
:1076C00000000000000000000000000000000000BA
:1076D00000000000000000000000000000000000AA
:1076E000000000000000000000000000000000009A
:1076F0000000000000000000000000000000030C7B
:107700000000000000000000000000000000000079
:107710000000000000000000000000000000000069
:107720000000000000000000000000000000000059
:107730000000000000000000000000000000000049
:107740000000000000000000000000000000000039
:10775000000000001030C000000000000000000029
:107760000000000000000000000000000000000019
:107770000000000000000000000000000000000009
:1077800000000000000000000000000000000000F9
:1077900000000000000000000000000000000000E9
:1077A0000000000000000000000000030C000000CA
:1077B00000000000000000000000000000000000C9
:1077C00000000000000000000000000000000000B9
:1077D00000000000000000000000000000000000A9
:1077E0000000000000000000000000000000000099
:1077F0000000000000000000000000000000000089
:10780000001030C000000000000000000000000078
:107810000000000000000000000000000000000068
:107820000000000000000000000000000000000058
:107830000000000000000000000000000000000048
:107840000000000000000000000000000000000038
:107850000000000000000000030C00000000000019
:107860000000000000000000000000000000000018
:107870000000000000000000000000000000000008
:1078800000000000000000000000000000000000F8
:1078900000000000000000000000000000000000E8
:1078A0000000000000000000000000000000103098
:1078B000C000000000000000000000000000000008
:1078C00000000000000000000000000000000000B8
:1078D00000000000000000000000000000000000A8
:1078E0000000000000000000000000000000000098
:1078F0000000000000000000000000000000000088
:107900000000000000030C00000000000000000068
:107910000000000000000000000000000000000067
:107920000000000000000000000000000000000057
:107930000000000000000000000000000000000047
:107940000000000000000000000000000000000037
:1079500000000000000000000000001030C0000027
:107960000000000000000000000000000000000017
:107970000000000000000000000000000000000007
:1079800000000000000000000000000000000000F7
:1079900000000000000000000000000000000000E7
:1079A00000000000000000000000000000000000D7
:1079B0000000030C000000000000000000000000B8
:1079C00000000000000000000000000000000000B7
:1079D00000000000000000000000000000000000A7
:1079E0000000000000000000000000000000000097
:1079F0000000000000000000000000000000000087
:107A000000000000000000001030C0000000000076
:107A10000000000000000000000000000000000066
:107A20000000000000000000000000000000000056
:107A30000000000000000000000000000000000046
:107A40000000000000000000000000000000000036
:107A50000000000000000000000000000000000323
:107A60000C0000000000000000000000000000000A
:107A70000000000000000000000000000000000006
:107A800000000000000000000000000000000000F6
:107A900000000000000000000000000000000000E6
:107AA00000000000000000000000000000000000D6
:107AB00000000000001030C00000000000000000C6
:107AC00000000000000000000000000000000000B6
:107AD00000000000000000000000000000000000A6
:107AE0000000000000000000000000000000000096
:107AF0000000000000000000000000000000000086
:107B0000000000000000000000000000030C000066
:107B10000000000000000000000000000000000065
:107B20000000000000000000000000000000000055
:107B30000000000000000000000000000000000045
:107B40000000000000000000000000000000000035
:107B50000000000000000000000000000000000025
:107B600000001030C0000000000000000000000015
:107B70000000000000000000000000000000000005
:107B800000000000000000000000000000000000F5
:107B900000000000000000000000000000000000E5
:107BA00000000000000000000000000000000000D5
:107BB000000000000000000000030C0000000000B6
:107BC00000000000000000000000000000000000B5
:107BD00000000000000000000000000000000000A5
:107BE0000000000000000000000000000000000095
:107BF0000000000000000000000000000000000085
:107C00000000000000000000000000000000001064
:107C100030C0000000000000000000000000000074
:107C20000000000000000000000000000000000054
:107C30000000000000000000000000000000000044
:107C40000000000000000000000000000000000034
:107C50000000000000000000000000000000000024
:107C6000000000000000030C000000000000000005
:107C70000000000000000000000000000000000004
:107C800000000000000000000000000000000000F4
:107C900000000000000000000000000000000000E4
:107CA00000000000000000000000000000000000D4
:107CB0000000000000000000000000001030C000C4
:107CC00000000000000000000000000000000000B4
:107CD00000000000000000000000000000000000A4
:107CE0000000000000000000000000000000000094
:107CF0000000000000000000000000000000000084
:107D00000000000000000000000000000000000073
:107D1000000000030C000000000000000000000054
:107D20000000000000000000000000000000000053
:107D30000000000000000000000000000000000043
:107D4000000000000000000000000000180000001B
:107D50000000000000000000000000000000000023
:107D60000000000000000000001030C00000000013
:107D70000000000000000000000000000000000003
:107D800000000000000000000000000000000000F3
:107D900000000000000000000000000000000000E3
:107DA00000000000000000000000000000000000D3
:107DB00000000000000000000000000000000000C3
:107DC000030C0000000000000000000000000000A4
:107DD00000000000000000000000000000000000A3
:107DE0000000000000000000000000000000000093
:107DF0000000000000000000000000000000000083
:107E00000000000000000000000000000000000072
:107E10000000000000001030C00000000000000062
:107E20000000000000000000000000000000000052
:107E30000000000000000000000000000000000042
:107E40000000000000000000000000000000000032
:107E50000000000000000000000000000000000022
:107E600000000000000000000000000000030C0003
:107E70000000000000000000000000000000000002
:107E800000000000000000000000000000000000F2
:107E900000000000000000000000000000000000E2
:107EA00000000000000000000000000000000000D2
:107EB00000000000000000000000000000000000C2
:107EC0000000001030C000000000000000000000B2
:107ED00000000000000000000000000000000000A2
:107EE0000000000000000000000000000000000092
:107EF0000000000000000000000000000000000082
:107F00000000000000000000000000000000000071
:107F100000000000000000000000030C0000000052
:107F20000000000000000000000000000000000051
:107F30000000000000000000000000000000000041
:107F40000000000000000000000000000000000031
:107F50000000000000000000000000000000000021
:107F60000000000000000000000000000000000011
:107F70001030C00000000000000000000000000001
:107F800000000000000000000000000000000000F1
:107F900000000000000000000000000000000000E1
:107FA00000000000000000000000000000000000D1
:107FB00000000000000000000000000000000000C1
:107FC00000000000000000030C00000000000000A2
:107FD00000000000000000000000000000000000A1
:107FE0000000000000000000000000000000000091
:107FF0000000000000000000000000000000000081
:108000000000000000000000000000000000000070
:10801000000000000000000000000000001030C060
:108020000000000000000000000000000000000050
:108030000000000000000000000000000000000040
:108040000000000000000000000000000000000030
:108050000000000000000000000000000000000020
:108060000000000000000000000000000000000010
:1080700000000000030C00000000000000000000F1
:1080800000000000000000000000000000000000F0
:1080900000000000000000000000000000000000E0
:1080A00000000000000000000000000000000000D0
:1080B00000000000000000000000000000000000C0
:1080C000000000000000000000001030C0000000B0
:1080D00000000000000000000000000000000000A0
:1080E0000000000000000000000000000000000090
:1080F0000000000000000000000000000000000080
:10810000000000000000000000000000000000006F
:10811000000000000000000000000000000000005F
:1081200000030C0000000000000000000000000040
:10813000000000000000000000000000000000003F
:10814000000000000000000000000000000000002F
:10815000000000000000000000000000000000001F
:10816000000000000000000000000000000000000F
:10817000000000000000001030C0000000000000FF
:1081800000000000000000000000000000000000EF
:1081900000000000000000000000000000000000DF
:1081A00000000000000000000000000000000000CF
:1081B00000000000000000000000000000000000BF
:1081C0000000000000000000000000000000030CA0
:1081D000000000000000000000000000000000009F
:1081E000000000000000000000000000000000008F
:1081F000000000000000000000000000000000007F
:10820000000000000000000000000000000000006E
:10821000000000000000000000000000000000005E
:10822000000000001030C00000000000000000004E
:10823000000000000000000000000000000000003E
:10824000000000000000000000000000000000002E
:10825000000000000000000000000000000000001E
:10826000000000000000000000000000000000000E
:108270000000000000000000000000030C000000EF
:1082800000000000000000000000000000000000EE
:1082900000000000000000000000000000000000DE
:1082A00000000000000000000000000000000000CE
:1082B00000000000000000000000000000000000BE
:1082C00000000000000000000000000000000000AE
:1082D000001030C00000000000000000000000009E
:1082E000000000000000000000000000000000008E
:1082F000000000000000000000000000000000007E
:10830000000000000000000000000000000000006D
:10831000000000000000000000000000000000005D
:108320000000000000000000030C0000000000003E
:10833000000000000000000000000000000000003D
:10834000000000000000000000000000000000002D
:10835000000000000000000000000000000000001D
:10836000000000000000000000000000000000000D
:1083700000000000000000000000000000001030BD
:10838000C00000000000000000000000000000002D
:1083900000000000000000000000000000000000DD
:1083A00000000000000000000000000000000000CD
:1083B00000000000000000000000000000000000BD
:1083C00000000000000000000000000000000000AD
:1083D0000000000000030C0000000000000000008E
:1083E000000000000000000000000000000000008D
:1083F000000000000000000000000000000000007D
:10840000000000000000000000000000000000006C
:10841000000000000000000000000000000000005C
:1084200000000000000000000000001030C000004C
:10843000000000000000000000000000000000003C
:10844000000000000000000000000000000000002C
:10845000000000000000000000000000000000001C
:10846000000000000000000000000000000000000C
:1084700000000000000000000000000000000000FC
:108480000000030C000000000000000000000000DD
:1084900000000000000000000000000000000000DC
:1084A00000000000000000000000000000000000CC
:1084B00000000000000000000000000000000000BC
:1084C00000000000000000000000000000000000AC
:1084D00000000000000000001030C000000000009C
:1084E000000000000000000000000000000000008C
:1084F000000000000000000000000000000000007C
:10850000000000000000000000000000000000006B
:10851000000000000000000000000000000000005B
:108520000000000000000000000000000000000348
:108530000C0000000000000000000000000000002F
:10854000000000000000000000000000000000002B
:10855000000000000000000000000000000000001B
:10856000000000000000000000000000000000000B
:1085700000000000000000000000000000000000FB
:1085800000000000001030C00000000000000000EB
:1085900000000000000000000000000000000000DB
:1085A00000000000000000000000000000000000CB
:1085B00000000000000000000000000000000000BB
:1085C00000000000000000000000000000000000AB
:1085D000000000000000000000000000030C00008C
:1085E000000000000000000000000000000000008B
:1085F000000000000000000000000000000000007B
:10860000000000000000000000000000000000006A
:10861000000000000000000000000000000000005A
:10862000000000000000000000000000000000004A
:1086300000001030C000000000000000000000003A
:10864000000000000000000000000000000000002A
:10865000000000000000000000000000000000001A
:10866000000000000000000000000000000000000A
:1086700000000000000000000000000000000000FA
:10868000000000000000000000030C0000000000DB
:1086900000000000000000000000000000000000DA
:1086A00000000000000000000000000000000000CA
:1086B00000000000000000000000000000000000BA
:1086C00000000000000000000000000000000000AA
:1086D000000000000000000000000000000000108A
:1086E00030C000000000000000000000000000009A
:1086F000000000000000000000000000000000007A
:108700000000000000000000000000000000000069
:108710000000000000000000000000000000000059
:108720000000000000000000000000000000000049
:10873000000000000000030C00000000000000002A
:108740000000000000000000000000000000000029
:108750000000000000000000000000000000000019
:108760000000000000000000000000000000000009
:1087700000000000000000000000000000000000F9
:108780000000000000000000000000001030C000E9
:1087900000000000000000000000000000000000D9
:1087A00000000000000000000000000000000000C9
:1087B00000000000000000000000000000000000B9
:1087C00000000000000000000000000000000000A9
:1087D0000000000000000000000000000000000099
:1087E000000000030C00000000000000000000007A
:1087F0000000000000000000000000000000000079
:108800000000000000000000000000000000000068
:108810000000000000000000000000000000000058
:108820000000000000000000000000000000000048
:108830000000000000000000001030C00000000038
:108840000000000000000000000000000000000028
:108850000000000000000000000000000000000018
:108860000000000000000000000000000000000008
:1088700000000000000000000000000000000000F8
:1088800000000000000000000000000000000000E8
:10889000030C0000000000000000000000000000C9
:1088A00000000000000000000000000000000000C8
:1088B00000000000000000000000000000000000B8
:1088C00000000000000000000000000000000000A8
:1088D0000000000000000000000000000000000098
:1088E0000000000000000000000000000000000088
:1088F0000000000000000000000000000000000078
:108900000000000000000000000000000000000067
:108910000000000000000000000000000000000057
:108920000000000000000000000000000000000047
:108930000000000000000000000000000000000037
:108940000000000000000000000000000000000027
:108950000000000000000000000000000000000017
:108960000000000000000000000000000000000007
:1089700000000000000000000000000000000000F7
:1089800000000000000000000000000000000000E7
:1089900000000000000000000000000000000000D7
:1089A00000000000000000000000000000000000C7
:1089B00000000000000000000000000000000000B7
:1089C00000000000000000000000000000000000A7
:1089D0000000000000000000000000000000000097
:1089E0000000000000000000000000000000000087
:1089F0000000000000000000000000000000000077
:108A00000000000000000000000000000000000066
:108A10000000000000000000000000000000000056
:108A20000000000000000000000000000000000046
:108A30000000000000000000000000000000000036
:108A40000000000000000000000000000000000026
:108A50000000000000000000000000000000000016
:108A60000000000000000000000000000000000006
:108A700000000000000000000000000000000000F6
:108A800000000000000000000000000000000000E6
:108A900000000000000000000000000000000000D6
:108AA00000000000000000000000000000000000C6
:108AB00000000000000000000000000000000000B6
:108AC00000000000000000000000000000000000A6
:108AD0000000000000000000000000000000000096
:108AE0000000000000000000000000000000000086
:108AF0000000000000000000000000000000000076
:108B00000000000000000000000000000000000065
:108B10000000000000000000000000000000000055
:108B20000000000000000000000000000000000045
:108B30000000000000000000000000000000000035
:108B40000000000000000000000000000000000025
:108B50000000000000000000000000000000000015
:108B60000000000000000000000000000000000005
:108B700000000000000000000000000000000000F5
:108B800000000000000000000000000000000000E5
:108B900000000000000000000000000000000002D3
:108BA000000000000000080000000000002000009D
:108BB0000000000080000000000002000000000033
:108BC0000008000000000200000000000008000093
:108BD00000000000200000000000008000000000F5
:108BE000000200000000000008000000000000205B
:108BF00000000000000020000000000000800000D5
:108C0000000000020000000000000800000000005A
:108C10000020000000000000800000000020000094
:108C200000000000800000000000020000000000C2
:108C3000000800000000000020000000000000808C
:108C40000000000000020000000000000200000020
:108C500000000008000000000000200000000000EC
:108C6000008000000000000200000000000008007A
:108C700000000002000000000000080000000000EA
:108C80000020000000000000800000000000020042
:108C900000000000000800000000000020000000AC
:108CA0000000002000000000000080000000000024
:108CB000020000000000000800000000000020008A
:108CC0000000000000800000000020000000000004
:108CD000008000000000000200000000000008000A
:108CE00000000000002000000000000080000000E4
:108CF0000000020000000000000200000000000070
:108D000008000000000000200000000000008000BB
:108D10000000000002000000000000080000000049
:108D20000200000000000008000000000000200019
:108D300000000000008000000000000200000000B1
:108D400000000800000000000020000000000000FB
:108D50002000000000000080000000000002000071
:108D600000000000080000000000002000000000DB
:108D700000008000000000200000000000008000D3
:108D800000000000020000000000000800000000D9
:108D90000000200000000000008000000000000231
:108DA00000000000000002000000000000080000B9
:108DB0000000000020000000000000800000000013
:108DC0000002000000000000080000000002000097
:108DD000000000000800000000000020000000006B
:108DE00000008000000000000200000000000008F9
:108DF0000000000000002000000000000020000033
:108E000000000000800000000000020000000000E0
:108E100000080000000000002000000000000080AA
:108E200000000000200000000000008000000000A2
:108E30000002000000000000080000000000002008
:108E40000000000000008000000000000200103060
:108E5000C000000000000000000000000000000052
:108E60000000000000000000000000000000000002
:108E700000000000000000000000000000000000F2
:108E800000000000000000020000000000000000E0
:108E900000000000000000000000000000000000D2
:108EA0000000000000030C000000000000000000B3
:108EB00000000000000000000000000000000000B2
:108EC00000000000000000000000000000000000A2
:108ED0000000000000000000000000000000400052
:108EE0000000000000000000000000000000000082
:108EF00000000000000000000000001030C0000072
:108F00000000000000000000000000000000000061
:108F10000000000000000000000000000000000051
:108F20000000000000000000000000000000000041
:108F30000000000000000000000000000000000031
:108F40000000000000000000000000000000000021
:108F50000000030C00000000000000000000000002
:108F60000000000000000000000000000000000001
:108F700000000000000000000000000000000000F1
:108F800000000000000000000000000000000000E1
:108F900000000000000000000000000000000000D1
:108FA00000000000000000001030C00000000000C1
:108FB00000000000000000000000000000000000B1
:108FC00000000000000000000000000000000000A1
:108FD0000000000000000000000000000000000091
:108FE0000000000000000000000000000000000081
:108FF000000000000000000000000000000000036E
:109000000C00000000000000000000000000000054
:109010000000000000000000000000000000000050
:109020000000000000000000000000000000000040
:109030000000000000000000000000000000000030
:109040000000000000000000000000000000000020
:1090500000000000001030C0000000000000000010
:109060000000000000000000000000000000000000
:1090700000000000000000000000000000000000F0
:1090800000000000000000000000000000000000E0
:1090900000000000000000000000000000000000D0
:1090A000000000000000000000000000030C0000B1
:1090B00000000000000000000000000000000000B0
:1090C00000000000000000000000000000000000A0
:1090D0000000000000000000000000000000000090
:1090E0000000000000000000000000000000000080
:1090F0000000000000000000000000000000000070
:1091000000001030C0000002000000000000080055
:1091100000000000002000000000000080000000AF
:109120000000020000000000000800000000020033
:109130000000000000080000000000002000000007
:10914000000000800000000000020000000000009D
:10915000080000000000002000030C0000002000B8
:10916000000000000080000000000002000000007D
:1091700000000800000000000020000000000000C7
:1091800080000000002000000000000080000000BF
:1091900000000200000000000008000000000000C5
:1091A000200000000000008000000000000200100D
:1091B00030C00000020000000000000800000000B5
:1091C00000002000000000000080000000000002FD
:1091D0000000000000000800000000020000000085
:1091E0000000080000000000002000000000000057
:1091F00080000000000002000000000000080000E5
:10920000000000002000030C00000020000000000F
:1092100000008000000000000200000000000008C4
:10922000000000000000200000000000008000009E
:10923000000020000000000000800000000000028C
:1092400000000000000008000000000000200000F6
:109250000000000080000000000002001030C0008C
:1092600000020000000000000800000000000020D4
:10927000000000000000800000000000020000006C
:1092800000000008000000000200000000000008CC
:10929000000000000000200000000000008000002E
:1092A00000000002000000000000080000000000B4
:1092B000002000030C0000002000000000000080DF
:1092C0000000000000020000000000000800000094
:1092D00000000020000000000000800000000020CE
:1092E00000000000000080000000000002000000FC
:1092F0000000000800000000000020000000000046
:109300000080000000000002001030C000000200D9
:109310000000000000080000000000002000000025
:1093200000000080000000000002000000000000BB
:10933000080000000002000000000000080000001B
:10934000000000200000000000008000000000007D
:1093500002000000000000080000000000002000E3
:10936000030C00000020000000000000800000004E
:1093700000000200000000000008000000000000E3
:10938000200000000000008000000000200000001D
:10939000000000800000000000020000000000004B
:1093A0000800000000000020000000000000800015
:1093B0000000000002001030C000000000000000AB
:1093C000000000000000000000000000000000009D
:1093D000000000000000000000000000000000008D
:1093E000000000000000000000000000000000007D
:1093F000000000000000000000000000000000006D
:1094000000000000000000000000000000030C004D
:10941000000000000000000000000000000000004C
:10942000000000000000000000000000000000003C
:10943000000000000000000000000000000000002C
:10944000000000000000000000000000000000001C
:10945000000000000000000000000000000000000C
:109460000000001030C000000000000000000000FC
:1094700000000000000000000000000000000000EC
:1094800000000000000000000000000000000000DC
:1094900000000000000000000000000000000000CC
:1094A00000000000000000000000000000000000BC
:1094B00000000000000000000000030C000000009D
:1094C000000000000000000000000000000000009C
:1094D000000000000000000000000000000000008C
:1094E000000000000000000000000000000000007C
:1094F000000000000000000000000000000000006C
:10950000000000000000000000000000000000005B
:109510001030C0000000000000000000000000004B
:10952000000000000000000000000000000000003B
:10953000000000000000000000000000000000002B
:10954000000000000000000000000000000000001B
:10955000000000000000000000000000000000000B
:1095600000000000000000030C00000000000000EC
:1095700000000000000000000000000000000000EB
:1095800000000000000000000000000000000000DB
:1095900000000000000000000000000000000000CB
:1095A00000000000000000000000000000000000BB
:1095B000000000000000000000000000001030C0AB
:1095C000000000000000000000000000000000009B
:1095D000000000000000000000000000000000008B
:1095E000000000000000000000000000000000007B
:1095F000000000000000000000000000000000006B
:10960000000000000000000000000000000000005A
:1096100000000000030C000000000000000000003B
:10962000000000000000000000000000000000003A
:10963000000000000000000000000000000000002A
:10964000000000000000000000000000000000001A
:10965000000000000000000000000000000000000A
:10966000000000000000000000001030C0000000FA
:1096700000000000000000000000000000000000EA
:1096800000000000000000000000000000000000DA
:1096900000000000000000000000000000000000CA
:1096A00000000000000000000000000000000000BA
:1096B00000000000000000000000000000000000AA
:1096C00000030C000000000000000000000000008B
:1096D000000000000000000000000000000000008A
:1096E000000000000000000000000000000000007A
:1096F000000000000000000000000000000000006A
:109700000000000000000000000000000000000059
:10971000000000000000001030C000000000000049
:109720000000000000000000000000000000000039
:109730000000000000000000000000000000000029
:109740000000000000000000000000000000000019
:109750000000000000000000000000000000000009
:109760000000000000000000000000000000030CEA
:1097700000000000000000000000000000000000E9
:1097800000000000000000000000000000000000D9
:1097900000000000000000000000000000000000C9
:1097A00000000000000000000000000000000000B9
:1097B00000000000000000000000000000000000A9
:1097C000000000001030C000000000000000000099
:1097D0000000000000000000000000000000000089
:1097E0000000000000000000000000000000000079
:1097F0000000000000000000000000000000000069
:109800000000000000000000000000000000000058
:109810000000000000000000000000030C00000039
:109820000000000000000000000000000000000038
:109830000000000000000000000000000000000028
:109840000000000000000000000000000000000018
:109850000000000000000000000000000000000008
:1098600000000000000000000000000000000000F8
:10987000001030C0000000000000000000000000E8
:1098800000000000000000000000000000000000D8
:1098900000000000000000000000000000000000C8
:1098A00000000000000000000000000000000000B8
:1098B00000000000000000000000000000000000A8
:1098C0000000000000000000030C00000000000089
:1098D0000000000000000000000000000000000088
:1098E0000000000000000000000000000000000078
:1098F0000000000000000000000000000000000068
:109900000000000000000000000000000000000057
:109910000000000000000000000000000000103007
:10992000C000000000000000000000000000000077
:109930000000000000000000000000000000000027
:109940000000000000000000000000000000000017
:109950000000000000000000000000000000000007
:1099600000000000000000000000000000000000F7
:109970000000000000030C000000000000000000D8
:1099800000000000000000000000000000000000D7
:1099900000000000000000000000000000000000C7
:1099A00000000000000000000000000000000000B7
:1099B00000000000000000000000000000000000A7
:1099C00000000000000000000000001030C0000097
:1099D0000000000000000000000000000000000087
:1099E0000000000000000000000000000000000077
:1099F0000000000000000000000000000000000067
:109A00000000000000000000000000000000000056
:109A10000000000000000000000000000000000046
:109A20000000030C00000000000000000000000027
:109A30000000000000000000000000000000000026
:109A40000000000000000000000000000000000016
:109A50000000000000000000000000000000000006
:109A600000000000000000000000000000000000F6
:109A700000000000000000001030C00000000000E6
:109A800000000000000000000000000000000000D6
:109A900000000000000000000000000000000000C6
:109AA00000000000000000000000000000000000B6
:109AB00000000000000000000000000000000000A6
:109AC0000000000000000000000000000000000393
:109AD0000C0000000000000000000000000000007A
:109AE0000000000000000000000000000000000076
:109AF0000000000000000000000000000000000066
:109B00000000000000000000000000000000000055
:109B10000000000000000000000000000000000045
:109B200000000000001030C0000000000000000035
:109B30000000000000000000000000000000000025
:109B40000000000000000000000000000000000015
:109B50000000000000000000000000000000000005
:109B600000000000000000000000000000000000F5
:109B7000000000000000000000000000030C0000D6
:109B800000000000000000000000000000000000D5
:109B900000000000000000000000000000000000C5
:109BA00000000000000000000000000000000000B5
:109BB00000000000000000000000000000000000A5
:109BC0000000000000000000000000000000000095
:109BD00000001030C0000000000000000000000085
:109BE0000000000000000000000000000000000075
:109BF0000000000000000000000000000000000065
:109C00000000000000000000000000000000000054
:109C10000000000000000000000000000000000044
:109C2000000000000000000000030C000000000025
:109C30000000000000000000000000000000000024
:109C40000000000000000000000000000000000014
:109C50000000000000000000000000000000000004
:109C600000000000000000000000000000000000F4
:109C700000000000000000000000000000000010D4
:109C800030C00000000000000000000000000000E4
:109C900000000000000000000000000000000000C4
:109CA00000000000000000000000000000000000B4
:109CB00000000000000000000000000000000000A4
:109CC0000000000000000000000000000000000094
:109CD000000000000000030C000000000000000075
:109CE0000000000000000000000000000000000074
:109CF0000000000000000000000000000000000064
:109D00000000000000000000000000000000000053
:109D10000000000000000000000000000000000043
:109D20000000000000000000000000001030C00033
:109D30000000000000000000000000000000000023
:109D40000000000000000000000000000000000013
:109D50000000000000000000000000000000000003
:109D600000000000000000000000000000000000F3
:109D700000000000000000000000000000000000E3
:109D8000000000030C0000000000000000000000C4
:109D900000000000000000000000000000000000C3
:109DA00000000000000000000000000000000000B3
:109DB00000000000000000000000000000000000A3
:109DC0000000000000000000000000000000000093
:109DD0000000000000000000001030C00000000083
:109DE0000000000000000000000000000000000073
:109DF0000000000000000000000000000000000063
:109E00000000000000000000000000000000000052
:109E10000000000000000000000000000000000042
:109E20000000000000000000000000000000000032
:109E3000030C000000000000000000000000000013
:109E40000000000000000000000000000000000012
:109E50000000000000000000000000000000000002
:109E600000000000000000000000000000000000F2
:109E700000000000000000000000000000000000E2
:109E80000000000000001030C000000000000000D2
:109E900000000000000000000000000000000000C2
:109EA00000000000000000000000000000000000B2
:109EB00000000000000000000000000000000000A2
:109EC0000000000000000000000000000000000092
:109ED00000000000000000000000000000030C0073
:109EE0000000000000000000000000000000000072
:109EF0000000000000000000000000000000000062
:109F00000000000000000000000000000000000051
:109F10000000000000000000000000000000000041
:109F20000000000000000000000000000000000031
:109F30000000001030C00000000000000000000021
:109F40000000000000000000000000000000000011
:109F50000000000000000000000000000000000001
:109F600000000000000000000000000000000000F1
:109F7000000000000000000000000C0000000000D5
:109F800000000000000000000100030C00000000C1
:109F900000000000000000000000000000000000C1
:109FA00000000000000000000000000000000000B1
:109FB00000000000000000000000000000000000A1
:109FC0000000000000000000000000000000000091
:109FD0000000000000000000000000000000000081
:109FE0001030C00000000000000000000000000071
:109FF0000000000000000000000000000000000061
:10A000000000000000000000000000000000000050
:10A010000000000000000000000000000000000040
:10A020000000000000000000000000000000000030
:10A0300000000001E000C0030C0000000000000070
:10A040000000000000000000000000000000000010
:10A050000000000000000000000000000000000000
:10A0600000000000000000000000000000000000F0
:10A0700000000000000000000000000000000000E0
:10A08000000000000000000000001B00001030C0B5
:10A0900000000000000000000000000000000000C0
:10A0A00000000000000000000000000000000000B0
:10A0B00000000000000000000000000000000000A0
:10A0C0000000000000000000000000000000000090
:10A0D0000000000000000000000000000000000080
:10A0E00000000000030C0000000000000000000061
:10A0F0000000000000000000000000000000000060
:10A10000000000000000000000000000000000004F
:10A11000000000000000000000000000000000003F
:10A12000000000000000000000000000000000002F
:10A13000000000000000000000001030C00000001F
:10A14000000000000000000000000000000000000F
:10A1500000000000000000000000000000000000FF
:10A1600000000000000000000000000000000000EF
:10A1700000000000000000000000000000000000DF
:10A18000000000000000000000001A154C00E00074
:10A1900000030C00000000000000000000000000B0
:10A1A00000000000000000000000000000000000AF
:10A1B000000000000000000000000000000000009F
:10A1C000000000000000000000000000000000008F
:10A1D000000000000000000000000000000000007F
:10A1E00000823CA01000001030C000000000000001
:10A1F000000000000000000000000000000000005F
:10A20000000000000000000000000000000000004E
:10A21000000000000000000000000000000000003E
:10A22000000000000000000000000000000000002E
:10A230000000000000000000000000000000030C0F
:10A24000000000000000000000000000000000000E
:10A2500000000000000000000000000000000000FE
:10A2600000000000000000000000000000000000EE
:10A2700000000000000000000000000000000000DE
:10A2800000000000000000000000000000000000CE
:10A29000000000001030C0000000000000000000BE
:10A2A00000000000000000000000000000000000AE
:10A2B000000000000000000000000000000000009E
:10A2C000000000000000000000000000000000008E
:10A2D000000000000000000000000000000000007E
:10A2E0000000000000000010000000030C0000004F
:10A2F000000000000000000000000000000000005E
:10A30000000000000000000000000000000000004D
:10A31000000000000000000000000000000000003D
:10A32000000000000000000000000000000000002D
:10A33000000000000000000000000000000000001D
:10A34000001030C00000000000000000000000000D
:10A3500000000000000000000000000000000000FD
:10A3600000000000000000000000000000000000ED
:10A3700000000000000000000000000000000000DD
:10A3800000000000000000000000000000000000CD
:10A3900000000000000000C0030C000000000000EE
:10A3A00000000000000000000000000000000000AD
:10A3B000000000000000000000000000000000009D
:10A3C000000000000000000000000000000000008D
:10A3D000000000000000000000000000000000007D
:10A3E000000000000000000000000000000010302D
:10A3F000C00000000000000000000000000000009D
:10A40000000000000000000000000000000000004C
:10A41000000000000000000000000000000000003C
:10A42000000000000000000000000000000000002C
:10A4300000A87EE1800000020BFA607C000004921C
:10A440000C00000000030C000000000000000000F1
:10A4500000000000000000000000000000000000FC
:10A4600000000000000000000000000000000000EC
:10A4700000000000000000000000000000000000DC
:10A48000000000000000023A82EB00000020A0A1C2
:10A49000254220000039DDC00000001030C000005F
:10A4A00000000000000000000000000000000000AC
:10A4B000000000000000000000000000000000009C
:10A4C000000000000000000000000000000000008C
:10A4D000000000000000000000000000000000007C
:10A4E000001A001000FCB2C674304007305E7000E5
:10A4F0000000030C0000000000000000000000004D
:10A50000000000000000000000000000000000004B
:10A51000000000000000000000000000000000003B
:10A52000000000000000000000000000000000002B
:10A5300000000000000000000000000581B1C280A2
:10A5400000000CD4000000001030C000000000002B
:10A5500000000000000000000000000000000000FB
:10A5600000000000000000000000000000000000EB
:10A5700000000000000000000000000000000000DB
:10A58000000000000000000000000114A6D78000B9
:10A590000C00A01AE02A823007324E00100000039F
:10A5A0000C0000000000000000000000000000009F
:10A5B000000000000000000000000000000000009B
:10A5C000000000000000000000000000000000008B
:10A5D000000000000000000000000000000000007B
:10A5E0000003CDDB080000000A503046C010000C0C
:10A5F000DC000E00001030C0000000000000000071
:10A60000000000000000000000000000000000004A
:10A61000000000000000000000000000000000003A
:10A62000000000000000000000000000000000002A
:10A6300000000000000000008055AF990080024338
:10A64000967670000007325E80000000030C000068
:10A6500000000000000000000000000000000000FA
:10A6600000000000000000000000000000000000EA
:10A6700000000000000000000000000000000000DA
:10A680000000000000000000000000000008296B2E
:10A69000EE70A004002817E5400000010CF407004C
:10A6A00000001030C00000000000000000000000AA
:10A6B000000000000000000000000000000000009A
:10A6C000000000000000000000000000000000008A
:10A6D000000000000000000000000000000000007A
:10A6E00000000000000000079E0002020BFAE000DC
:10A6F000060007325C58A00000030C0000000000B8
:10A700000000000000000000000000000000000049
:10A710000000000000000000000000000000000039
:10A720000000000000000000000000000000000029
:10A730000000000000000000000000000000090010
:10A740000000A0A96DC3C020000CDC000E000010AA
:10A7500030C0000000000000000000000000000009
:10A7600000000000000000000000000000000000E9
:10A7700000000000000000000000000000000000D9
:10A7800000000000000000000000000000000000C9
:10A7900000003F37F000000002439BC02400000788
:10A7A000325E01A00000030C000000000000000069
:10A7B0000000000000000000000000000000000099
:10A7C0000000000000000000000000000000000089
:10A7D0000000000000000000000000000000000079
:10A7E000000000000000000002936AF0000020A4B6
:10A7F00027AC078000010CDC000000001030C00016
:10A800000000000000000000000000000000000048
:10A810000000000000000000000000000000000038
:10A820000000000000000000000000000000000028
:10A830000000000000020000000000000000003FD7
:10A840002C980000000074774064000007324C78B8
:10A85000100000030C0000000000000000000000D9
:10A8600000000000000000000000000000000000E8
:10A8700000000000000000000000000000000000D8
:10A880000000000000000000000000004000000088
:10A89000000000000001635E70E000000B532BC25B
:10A8A0008000000CDC000A00001030C00000000036
:10A8B0000000000000000000000000000000000098
:10A8C0000000000000000000000000000000000088
:10A8D0000000000000000000000000000000000078
:10A8E0000000000000000000000000000000081C44
:10A8F0001C0C00FC5A4000003007324E0190000052
:10A90000030C000000000000000000000000000038
:10A910000000000000000000000000000000000037
:10A920000000000000000000000000000000000027
:10A930000000000000000000000000000000000017
:10A94000000000000011000000058F3002400000F0
:10A950000CE5001A00001030C000000000000000EC
:10A9600000000000000000000000000000000000E7
:10A9700000000000000000000000000000000000D7
:10A9800000000000000000000000000000000000C7
:10A99000000000000000000000A166E000000000D0
:10A9A00038907C00000007305870140000030C0041
:10A9B0000000000000000000000000000000000097
:10A9C0000000000000000000000000000000000087
:10A9D0000000000000000000000000000000000077
:10A9E000000000000000000000000000000000085F
:10A9F00010FE00000000034FB0400000080CFC00F7
:10AA00000F20001030C00000000000000000000017
:10AA10000000000000000000000000000000000036
:10AA20000000000000000000000000000000000026
:10AA30000000000000000000000000000000000016
:10AA4000000000000000805DC1800010022576CE6D
:10AA500060004007325A38E00000030C000000009C
:10AA600000000000000000000000000000000000E6
:10AA700000000000000000000000000000000000D6
:10AA800000000000000000000000000000000000C6
:10AA9000000000000000000000000000190FCE00C0
:10AAA000000001A24B3D63C000020CFD00800000CD
:10AAB0001030C00000000000000000000000000096
:10AAC0000000000000000000000000000000000086
:10AAD0000000000000000000000000000000000076
:10AAE0000000000000000000000000000000000066
:10AAF00000000000000000000C007AFAC0044030A2
:10AB000007324800E00000030C00000000000000D5
:10AB10000000000000000000000000000000000035
:10AB20000000000000000000000000000000000025
:10AB30000000000000000000000000000000000015
:10AB40000000000000000000000000000000000005
:10AB500007412C028000020CFD000000001030C0F4
:10AB600000000000000000000000000000000000E5
:10AB700000000000000000000000000000000000D5
:10AB800000000000000000000000000000000000C5
:10AB900000000000000000000000000000000000B5
:10ABA0000000080040000008975E20000007325EA9
:10ABB000F0000000030C0000000000000000000096
:10ABC0000000000000000000000000000000000085
:10ABD0000000000000000000000000000000000075
:10ABE0000000000000000000000000000000000065
:10ABF0000000000000000000005008000000C1A498
:10AC0000040000200CE40F0000001030C000000021
:10AC10000000000000000000000000000000000034
:10AC20000000000000000000000000000000000024
:10AC30000000000000000000000000000000000014
:10AC40000000000000000000000000000000000004
:10AC50000000008281804660000207305A00000038
:10AC600000030C00000000000000000000000000D5
:10AC700000000000000000000000000000000000D4
:10AC800000000000000000000000000000000000C4
:10AC900000000000000000000000000000000000B4
:10ACA0000000000000000000000824253804000017
:10ACB000000CD5000000001030C0000000000000B3
:10ACC0000000000000000000000000000000000084
:10ACD0000000000000000000000000000000000074
:10ACE0000000000000000000000000000000000064
:10ACF0000000000000000000000000000000000054
:10AD0000000A386E04000207324EF9E00000030C1E
:10AD10000000000000000000000000000000000033
:10AD20000000000000000000000000000000000023
:10AD30000000000000000000000000000000000013
:10AD40000000000000000000000000000000000003
:10AD500000000000E000000050B5C34000000CCC33
:10AD6000071000001030C0000000000000000000CC
:10AD700000000000000000000000000000000000D3
:10AD800000000000000000000000000000000000C3
:10AD900000000000000000000000000000000000B3
:10ADA000000000000000000000081D0000002483D7
:10ADB0004E3A000207325E71E00000030C00000012
:10ADC0000000000000000000000000000000000083
:10ADD0000000000000000000000000000000000073
:10ADE0000000000000000000000000000000000063
:10ADF0000000000000000000000000000000000053
:10AE00003080000005A124200000000CEC00801C14
:10AE1000001030C000000000000000000000000032
:10AE20000000000000000000000000000000000022
:10AE30000000000000000000000000000000000012
:10AE40000000000000000000000000000000000002
:10AE500000000000896EE000000C000573C6710060
:10AE60003007324839C00000030C00000000000029
:10AE700000000000000000000000000000000000D2
:10AE800000000000000000000000000000000000C2
:10AE900000000000000000000000000000000000B2
:10AEA0000000000000000000000008434F00000008
:10AEB000000A5075C78800040CEC079F00000000D2
:10AEC0007200B0110301010000000000000000004A
:10AED0000000000000000000000000000000000072
:10AEE0000000000000000000000000000000000062
:10AEF0000000000000000000000000000000000052
:10AF00000000000000000000000000000000000041
:10AF10000000000000000000000000000000000031
:10AF20000000000000000000000000000000000021
:10AF30000000000000000000000000000000000011
:10AF40000000000000000000000000000000000001
:10AF500000000000000000000000000000000000F1
:10AF600000000000000000000000000000000000E1
:10AF700000000000000000000000000000000000D1
:10AF800000000000000000000000000000000000C1
:10AF900000000000000000000000000000000000B1
:10AFA0000080000000000000000000000000000021
:10AFB0000000000000000000000000000000000091
:10AFC0000000000000000000000000000000000081
:10AFD0000000000000000000000000000000000071
:10AFE0000000000000000000000000000000000061
:10AFF0000000000800000000000000000000000049
:10B000000000000000000000000000000000000040
:10B010000000000000000000000000000000000030
:10B020000000000000000000000000000000000020
:10B030000000000000000000000000000000000010
:10B040000000000000000000000000000000000000
:10B0500000000000000000000000000000000000F0
:10B0600000000000000000000000000000000000E0
:10B070000000000000400000000000000000000090
:10B0800000000000000000000000000000000000C0
:10B0900000000000000000000000000000000000B0
:10B0A0000000200000000000000000000000000080
:10B0B0000000000000000000000000000000000090
:10B0C0000000000000000000000000300000000050
:10B0D0000000000000000000000000000000000070
:10B0E0000000000000000000000000000000000060
:10B0F00000000000000000002040000000000000F0
:10B10000000000000000000000000000000000003F
:10B11000000000000000000000000000000000002F
:10B12000000000000000000000000000000000001F
:10B13000000000000000000000000000000000000F
:10B1400000000000000000000000000000000007F8
:10B1500000000000000000000000000000000000EF
:10B1600000000000000000000000000000000000DF
:10B1700000000000000000000000000000000000CF
:10B1800000000000000000000000000000000000BF
:10B1900000000000000000000000000000000000AF
:10B1A000000000008010000000000200000000000D
:10B1B000000000000000000000000000000000008F
:10B1C000000000000000000000000000000000007F
:10B1D000000000000000000000000000000000006F
:10B1E000000000000000000000000000000000005F
:10B1F000000000000000000000000000000000004F
:10B20000000000000000000000000000000000003E
:10B21000000000000000000000000000000000002E
:10B22000000000000000000000000000000000001E
:10B23000000000000000000000000000000000000E
:10B2400000000000000000000000000000000000FE
:10B2500000200000000000008000F000000000005E
:10B2600000000000000000000000000000000000DE
:10B2700000000000000000000004000000000000CA
:10B2800000000000000000000000000000000000BE
:10B2900000000000000000000000000000000000AE
:10B2A0000000000000000001000000040000080091
:10B2B000000010000000000000000000000000007E
:10B2C000000000000000000000000000000000007E
:10B2D000C0000000000000000000000000000000AE
:10B2E000000000000000000000000000000000005E
:10B2F000000000000000000000000000000000004E
:10B30000000000000000000000000000000000003D
:10B31000000000000000000000000000000000002D
:10B32000000000000000000000000000000000001D
:10B33000000000000000000000000000000000000D
:10B3400000000000000000000000000000000000FD
:10B3500000000000000000000800000000000020C5
:10B3600000000000000000000000000000000000DD
:10B3700000000000000000000000000000000000CD
:10B3800000000000000000000000000000000000BD
:10B3900000000000000000000000000000000000AD
:10B3A000000000000000000000000000200000007D
:10B3B000000000800000000000000000000000000D
:10B3C000000000000000000000000000000000007D
:10B3D000000000000000000000000000000000006D
:10B3E000000000000000000000000000000000005D
:10B3F000000000000000000000000000000000004D
:10B400000000000000040000000000001000000028
:10B41000000000000000000000000000000000002C
:10B42000000000000000000000000000000000001C
:10B4300030C000000000000000000000000000001C
:10B4400000000000000000000000000000000000FC
:10B4500000000000000000000000000000000000EC
:10B4600000000000000000000000000000000000DC
:10B4700000000000000000000000000000000000CC
:10B48000000000000001030C0000000000000000AC
:10B4900000000000000000000000000000000000AC
:10B4A000000000000000000000000000000000009C
:10B4B000000000000000000000000000000000008C
:10B4C000000000000000000000000000000000007C
:10B4D00000000000000000000000000C0030C00070
:10B4E000000000000000000000000000000000005C
:10B4F000000000000000000000000000000000004C
:10B50000000000000000000000000000000000003B
:10B51000000000000000000000000000000000002B
:10B52000000000000000000000000000000000001B
:10B53000800001030C00000000000000000000007B
:10B5400000000000000000000000000000000000FB
:10B5500000000000000000000000000000000000EB
:10B5600000000000000000000000000000000000DB
:10B5700000000000000000000000000000000000CB
:10B580000000000000000100000030C000000000CA
:10B5900000000000000000000000000000000000AB
:10B5A000000000000000000000000000000000009B
:10B5B000000000000000000000000000000000008B
:10B5C000000000000000000000000000000000007B
:10B5D000004000000000000000000000000000012A
:10B5E000030C00000000000000000000000000004C
:10B5F000000000000000000000000000000000004B
:10B60000000000000000000000000000000000003A
:10B61000000000000000000000000000000000002A
:10B620000000000000000008000000000000000012
:10B630000000000000000030C0000000000000001A
:10B6400000000000000000000000000000000000FA
:10B6500000000000000000000000000000000000EA
:10B6600000000000000000000000000000000000DA
:10B6700000000000000000000000000000000000CA
:10B6800000000000000000000000000001030C00AA
:10B6900000000000000000000000000000000000AA
:10B6A000000000000000000000000000000000009A
:10B6B000000000000000000000000000000000008A
:10B6C000000000000000000000000000000000007A
:10B6D000000000000000000000000000000000006A
:10B6E0000000000030C0000000000000000000006A
:10B6F000000000000000000000000000000000004A
:10B700000000000000000000000000000000000138
:10B7100040000000000000000000000000000000E9
:10B720000000000000000000000000000000000019
:10B7300000000000000000000001030C00000000F9
:10B7400000000000000000000000000000000000F9
:10B7500000000000000000000000000000000000E9
:10B7600000000000000008000000000000000000D1
:10B7700000000000000000000000000000000000C9
:10B7800000000000000000000000000000000000B9
:10B790000030C000000000000000000000000000B9
:10B7A0000000000000000000000000000000000099
:10B7B0000000000000000000000000000000000089
:10B7C0000000000000000000000000000000000079
:10B7D00000000000000000008000000000000000E9
:10B7E00000000000000001030C0000000000000049
:10B7F0000000000000000000000000000000000049
:10B800000000000000000000000000000000000038
:10B810000000000000000000000000000000000028
:10B820000000000000000000000000000000000018
:10B83000000000000000000000000000000030C018
:10B8400000000000000000000000000000000000F8
:10B8500000000000000000000000000000000000E8
:10B8600000000000000000000000000000000000D8
:10B8700000000000000000000000000000000000C8
:10B8800000000000000000000000000000000000B8
:10B8900000000001030C0000000000000000000098
:10B8A0000000000000000000000000000000000098
:10B8B0000000000000000000000000000000000088
:10B8C0000000000000000000000000000000000078
:10B8D0000000000000000000000000000000000068
:10B8E000000000000000000000100030C000000058
:10B8F0000000000000000000000000000000000048
:10B900000000000000000000000000000000000037
:10B910000000000000000000000000000000000027
:10B920000000000000000000000000000000000017
:10B930000000000000000000000088CC00000000B3
:10B9400001030C00000000000000000000000000E7
:10B9500000000000000000000000000000000000E7
:10B9600000000000000000000000000000000000D7
:10B9700000000000000000000000000000000000C7
:10B9800000000000000000000000000000000000B7
:10B9900004B304E00000000030C00000000000001C
:10B9A0000000000000000000000000000000000097
:10B9B0000000000000000000000000000000000087
:10B9C0000000000000000000000000000000000077
:10B9D0000000000000000000000000000000000067
:10B9E0000000000000040008CE4000020001030C2B
:10B9F0000000000000000000000000000000000047
:10BA00000000000000000000000000000000000036
:10BA10000000000000000000000000000000000026
:10BA200000000000000000000000000000000030E6
:10BA30000000000000000000000000000300F324EC
:10BA40000000000C0030C0000000000000000000FA
:10BA500000000000000000000000000000000000E6
:10BA600000000000000000000000000000000000D6
:10BA700000000000000000000000000000000000C6
:10BA80002241400000000000000000000000000013
:10BA90000200000008CC1000000001030C000000B0
:10BAA0000000000000000000000000000000000096
:10BAB0000000000000000000000000000000000086
:10BAC0000000000000000000000000000000000076
:10BAD0000000000000000624868C0000000000002A
:10BAE0000000000000000040000000F305A0180066
:10BAF000000030C000000000000000000000000056
:10BB00000000000000000000000000000000000035
:10BB10000000000000000000000000000000000025
:10BB20000000000000000000000000000000000015
:10BB30000000000000000000000000000000000005
:10BB40000008CCC000800001030C000000000000D1
:10BB500000000000000000000000000000000000E5
:10BB600000000000000000000000000000000000D5
:10BB700000000000000000000000000000000000C5
:10BB800000000000000000000000000000000000B5
:10BB90000000000000000000F32400190000003045
:10BBA000C0000000000000000000000000000000D5
:10BBB0000000000000000000000000000000000085
:10BBC0000000000000000000000000000000000075
:10BBD0000000000000000000000000000000000065
:10BBE000000000000000000000000000000008CC81
:10BBF000C010000001030C00000000000000000065
:10BC00000000000000000000000000000000000034
:10BC10000000000000000000000000000000000024
:10BC20000000000000000000000000000000000014
:10BC30000000000000000000000000000000000004
:10BC40000000000000F324080000000030C00000E5
:10BC500000000000000000000000000000000000E4
:10BC600000000000000000000000000000000000D4
:10BC700000000000000000000000000000001000B4
:10BC80000000000000000000000140000000000073
:10BC90000009000003F0080000000008CE4010007A
:10BCA0000001030C00000000000000000000000084
:10BCB0000000000000000000000000000000000084
:10BCC0000000000000000000000000000000000074
:10BCD0000000000000000000000000000000000064
:10BCE00000000000000000001000006F05000000D0
:10BCF0000000F304080000000030C0000000000055
:10BD00000000000000000000000000000000000033
:10BD10000000000000000000000000000000000023
:10BD20000000000000000000000000000000000013
:10BD3000000000000000000000030020640000007C
:10BD4000000000000000003008CEC05000000103D9
:10BD50000C000000000000000000000000000000D7
:10BD600000000000000000000000000000000000D3
:10BD700000000000000000000000000000000000C3
:10BD800000000000000000000000000000000000B3
:10BD90003012061A0000000000000060000300F3EB
:10BDA00004000000000030C000000000000000009F
:10BDB0000000000000000000000000000000000083
:10BDC0000000000000000000000000000000000073
:10BDD0000000000000000000000000000000000063
:10BDE00000000000028000000000090000000000C8
:10BDF000000000000008CC2000000001030C00003F
:10BE00000000000000000000000000000000000032
:10BE10000000000000000000000000000000000022
:10BE20000000000000000000000000000000000012
:10BE30000000000000000000000000000070000092
:10BE4000008000000000000000000700F304E18013
:10BE500000100030C00000000000000000000000E2
:10BE600000000000000000000000000000000000D2
:10BE700000000000000000000000000000000000C2
:10BE800000000000000000000000000000000000B2
:10BE900000000000000000000000000000000000A2
:10BEA000000100001050000001030C000000000021
:10BEB0000000000000000000000000000000000082
:10BEC0000000000000000000000000000000000072
:10BED0000000000000000000000000000000000062
:10BEE0000000000000000000000000000000000052
:10BEF0000000000000000000004000A180000000E1
:10BF000030C0000000000000000000000000000041
:10BF10000000000000000000000000000000000021
:10BF20000000000000000000000000000000000011
:10BF30000000000000000000000000000000000001
:10BF400000000000000000000210020000000000DD
:10BF5000017800000001030C000000000000000058
:10BF600000000000000000000000000000000000D1
:10BF700000000000000000000000000000000000C1
:10BF800000000000000000000000000000000000B1
:10BF900000000000000000300000000180000020D0
:10BFA00000040000030000749180000C0030C00009
:10BFB0000000000000000000000000000000000081
:10BFC0000000000000000000000000000000000071
:10BFD0000000000000000000000000000000000061
:10BFE0000000000000000000002DA4000000000080
:10BFF00000050000000000000000000008007C10A8
:10C00000000001030C000000000000000000000020
:10C010000000000000000000000000000000000020
:10C020000000000000000000000000000000000010
:10C0300000000000000000000000000000010001FE
:10C04000B0000000000000008000000000000000C0
:10C050000000008047A80000000030C00000000081
:10C0600000000000000000000000000000000000D0
:10C0700000000000000000000000000000000000C0
:10C0800000000000000000000000000000000000B0
:10C0900000000000000000000200000010ACF00AE8
:10C0A00000800000000000000000000010000001FF
:10C0B000030C000000000000000000000000000071
:10C0C0000000000000000000000000000000000070
:10C0D0000000000000000000000000000000000060
:10C0E000000000000000000000000000000000044C
:10C0F000000000001C001014000000000000000000
:10C100000000080000000030C00000000000000037
:10C11000000000000000000000000000000000001F
:10C12000000000000000000000000000000000000F
:10C1300000000000000000000000000000000000FF
:10C140000000333300000000000000000000000089
:10C15000000000000004090A4D00C00001030C00AB
:10C1600000000000000000000000000000000000CF
:10C1700000000000000000000000000000000000BF
:10C1800000000000000000000000000000000000AF
:10C19000000000000000000002CC9006000000003B
:10C1A00000005800000000000000000001A0601026
:10C1B0000100000030C0000000000000000000008E
:10C1C000000000000000000000000000000000006F
:10C1D000000000000000000000000000000000005F
:10C1E000000000000000000000000000000000331C
:10C1F0003B000000000000000009000000000000FB
:10C20000000000010950D0B00001030C0000000044
:10C21000000000000000000000000000000000001E
:10C22000000000000000000000000000000000000E
:10C2300000000000000000000000000000000000FE
:10C24000000000000003CC101400000000000000FB
:10C25000100000000000000400001081A500000094
:10C260000030C000000000000000000000000000DE
:10C2700000000000000000000000000000000000BE
:10C2800000000000000000000000000000000000AE
:10C290000000000000000000000000003339000032
:10C2A000000000000000000000000000000000305E
:10C2B0000BC02008A00001030C00000000000000DB
:10C2C000000000000000000000000000000000006E
:10C2D000000000000000000000000000000000005E
:10C2E000000000000000000000000000000000004E
:10C2F000000013CC1000000000000000000000004F
:10C3000000000160000200BC1C050000000030C0FD
:10C31000000000000000000000000000000000001D
:10C32000000000000000000000000000000000000D
:10C3300000000000000000000000000000000000FD
:10C34000000000000000000000000000028000006B
:10C3500000000000000000000000000000000000DD
:10C36000F9000001030C00000000000000000000C4
:10C3700000000000000000000000000000000000BD
:10C3800000000000000000000000000000000000AD
:10C39000000000000000000000000000000000019C
:10C3A0000006000000700000000000000000000017
:10C3B0000280040000000D0A00100030C0000000E0
:10C3C000000000000000000000000000000000006D
:10C3D000000000000000000000000000000000005D
:10C3E000000000000000000000000000000000004D
:10C3F000000000000004000000400000010280E096
:10C400001000000000000000000000002FD180009C
:10C4100001030C000000000000000000000000000C
:10C42000000000000000000000000000000000000C
:10C4300000000000000000000000000000000000FC
:10C4400000000000000000000000000001000220C9
:10C4500028000000016901800000000000000000C9
:10C4600000015C900B00000030C0000002000000E2
:10C470000000000800000000000020000000000094
:10C480000080000000000002000000000000080022
:10C490000000000280000000000008000000000012
:10C4A000002000003100000080000000000A0200AF
:10C4B0000000003C000800012BE9D0002001030C23
:10C4C00000000020000000000000800000000000CC
:10C4D0000200000000000008000000000000200032
:10C4E00000000000008000000000200000000000AC
:10C4F00000800000000000020000033800600830E7
:10C50000000000001020C000000000008300206D2B
:10C51000A000020C0030C00000020000000000007B
:10C520000800000000000020000000000000800063
:10C5300000000000020000000000000800000000F1
:10C5400002000000000000080000000000002000C1
:10C55000000000000080008400C0080E0000000001
:10C56000000008000000009000E001030C00000043
:10C570002000000000000080000000000002000019
:10C580000000000008000000000000200000000083
:10C59000000080000000002000000000000080007B
:10C5A0000000000002000000000000080008000178
:10C5B00001B0200000000000008000000008000220
:10C5C000000030C000000200000000000008000071
:10C5D00000000000200000000000008000000000BB
:10C5E000000200000000000008000000000200003F
:10C5F000000000000800000000000020000C2D20BA
:10C6000002008000101CE00802000042D3C00008B5
:10C610000000000000002001030C000000200000CA
:10C620000000000080000000000002000000000088
:10C630000008000000000000200000000000008052
:10C64000000000002000000000000080000000004A
:10C6500000020000C33E000408000215DB001020A9
:10C6600000081004000080000000001A02000030E2
:10C67000C0000002000000000000080000000000F0
:10C680000020000000000000800000000000020008
:10C690000000000000080000000002000000000090
:10C6A000000800000000000020013330300200804C
:10C6B00000800400000200000000243C0800102854
:10C6C0003010012001030C000000200000000000D9
:10C6D00000800000000000020000000000000800D0
:10C6E00000000000002000000000000080000000AA
:10C6F0000020000000000000800000000000020098
:10C7000002CC02467C080009000000002000000066
:10C7100002000080000296E80002000030C0000025
:10C720000000000000000000000000000000000009
:10C7300000000000000000000000000000000000F9
:10C7400000000000000000000000000000000000E9
:10C75000000000000000000F0D24000000000A1D72
:10C7600085100000000000040000000000005000E0
:10C770000001030C000000000000000000000000A9
:10C7800000000000000000000000000000000000A9
:10C790000000000000000000000000000000000099
:10C7A0000000000000000000000000000000E03673
:10C7B000806800000093D801800000000000E000C5
:10C7C00000000000081C00000030C0000000000055
:10C7D0000000000000000000000000000000000059
:10C7E0000000000000000000000000000000000049
:10C7F0000000000000000000000000000000000039
:10C80000000000002B596F628000008002050A00C2
:10C8100004000000140002300880100000088103AA
:10C820000C000000000000000000000000000000FC
:10C8300000000000000000000000000000000000F8
:10C8400000000000000000000000000000000000E8
:10C85000000000000000000000000620D3140000CB
:10C8600000182140000000800000024000520080BB
:10C8700001850001480030C00000000000000000F9
:10C8800000000000000000000000000000000000A8
:10C890000000000000000000000000000000000098
:10C8A0000000000000000000000000000000000088
:10C8B000103A5021428000008400A1000001107055
:10C8C000F642020000300CE000B40001030C00004E
:10C8D0000000000000000000000000000000000058
:10C8E0000000000000000000000000000000000048
:10C8F0000000000000000000000000000000000038
:10C9000000000000000000025A000600007008004D
:10C9100000800001C0030B254000048000F401806A
:10C92000A0100030C0000000000000000000000067
:10C9300000000000000000000000000000000000F7
:10C9400000000000000000000000000000000000E7
:10C9500000000000000000000000000000000807C8
:10C96000A5400000008002000A00000284DF54009D
:10C97000000803D42898000001030C000000000008
:10C9800000000000000000000000000000000000A7
:10C990000000000000000000000000000000000097
:10C9A0000000000000000000000000000000000087
:10C9B0000000000000429B1660000008216001900A
:10C9C0000000221DFA000000003E841780000000D5
:10C9D00030C000000200000000000008000000005D
:10C9E00000002000000000000080000000000002A5
:10C9F000000000000000080000000002000000002D
:10CA000000000800000000000020000F01280000C6
:10CA10008000000000080200003C7702400800008F
:10CA2000000091002001030C000000200000000025
:10CA3000000080000000000002000000000000086C
:10CA40000000000000002000000000000080000046
:10CA50000000200000000000008000000000000234
:10CA60000C00D03E06000830000000001020C00D71
:10CA7000B079C60083000000081C02000030C0002E
:10CA8000000200000000000008000000000000207C
:10CA90000000000000008000000000000200000014
:10CAA0000000000800000000020000000000000874
:10CAB00000000000000020000803254400800084DE
:10CAC00000A000028000000002380A000080000878
:10CAD000F02001030C000000200000000000008096
:10CAE000000000000002000000000000080000003C
:10CAF0000000002000000000000080000000002076
:10CB00000000000000008000000000000200004063
:10CB1000D82060080008000100002400000001C0C7
:10CB200040D0018000E70002000030C00000020099
:10CB300000000000000800000000000020000000CD
:10CB40000000008000000000000200000000000063
:10CB500008000000000200000000000008000000C3
:10CB60000000002000200900030080008002000077
:10CB7000020000EE3F80400800000000000020019D
:10CB8000030C0000002000000000000080000000F6
:10CB9000000002000000000000080000000000008B
:10CBA00020000000000000800000000020000000C5
:10CBB00000000080000000000002000240000004AD
:10CBC0000800082140000020000AE779E600800004
:10CBD0000000000002000030C00000020000000061
:10CBE000000008000000000000200000000000001D
:10CBF00080000000000002000000000000080000AB
:10CC0000000002000000000000080000000000001A
:10CC10002000200080000080008801000042000207
:10CC200008BA9C40380000904C01802001030C00A1
:10CC30000000200000000000008000000000000252
:10CC400000000000000008000000000000200000BC
:10CC50000000000080000000002000000000000034
:10CC60008000000000000200020830066008000892
:10CC7000000A000A20002063F60380800008068076
:10CC80000802000030C000000000000000000000AA
:10CC90000000000000000000000000000000000094
:10CCA0000000000000000000000000000000000084
:10CCB0000000000000000000000000000000002252
:10CCC00000016280000088000500010000193F801B
:10CCD0000000000203DC00000001030C0000000063
:10CCE0000000000000000000000000000000000044
:10CCF0000000000000000000000000000000000034
:10CD00000000000000000000000000000000000023
:10CD100000000000000200039468000008001800F2
:10CD2000A008000D177806000000003EE00000009B
:10CD30000030C00000000000000000000000000003
:10CD400000000000000000000000000000000000E3
:10CD500000000000000000000000000000000000D3
:10CD600000000000000801400000004008152002FB
:10CD70008001008000050A0C0402007F40000010C2
:10CD800000400900A00081030C000000000000002A
:10CD90000000000000000000000000000000000093
:10CDA0000000000000000000000000000000000083
:10CDB0000000000000000000000000009000000ED5
:10CDC0000008000A3240680020082140500000801E
:10CDD00020EBA0000003008000100E00080030C00F
:10CDE0000000000000000000000000000000000043
:10CDF0000000000000000000000000000000000033
:10CE00000000000000000000000000000000000022
:10CE100000000000000000000022000002C000002E
:10CE2000801C000A0000000000000000000000005C
:10CE3000F1000001030C00000000000000000000F1
:10CE400000000000000000000000000000000000E2
:10CE500000000000000000000000000000000000D2
:10CE600000000000000000000000000000001C02A4
:10CE7000000680000070090200000001C0000000F0
:10CE8000000004000000081C00100030C00000007A
:10CE90000000000000000000000000000000000092
:10CEA0000000000000000000000000000000000082
:10CEB0000000000000000000000000000000000072
:10CEC00000000000C0000C0FED44000000880100CD
:10CED00000400000000000000000030140708000DE
:10CEE00001030C0000000000000000000000000032
:10CEF0000000000000000000000000000000000032
:10CF00000000000000000000000000000000000021
:10CF10000000000000000000000000000040DBD620
:10CF200028000008001A000800000000006000004F
:10CF3000003014000B18000030C00000000000009A
:10CF400000000000000000000000000000000000E1
:10CF500000000000000000000000000000000000D1
:10CF600000000000000000000000000000000000C1
:10CF7000000000200F024000002003C0000000005D
:10CF8000000070243C00026B03C800000001030C89
:10CF90000000000000000000000000000000000091
:10CFA0000000000000000000000000000000000081
:10CFB0000000000000000000000000000000000071
:10CFC00000000000000000000C02400020000030C3
:10CFD000043C40000000C024000000400000B056A7
:10CFE000B000000C0030C000000000000000000095
:10CFF0000000000000000000000000000000000031
:10D000000000000000000000000000000000000020
:10D010000000000000000000000000009000000080
:10D020000143E2434000009224A900008000000078
:10D030003C3C0000023BEED800D401030C00000091
:10D0400000000000000000000000000000000000E0
:10D0500000000000000000000000000000000000D0
:10D0600000000000000000000000000000000000C0
:10D07000000008000000002413200400000C844974
:10D08000B8001400000003C00000002A0FC70E0003
:10D09000000030C0000000000000000000000000A0
:10D0A0000000000000000000000000000000000080
:10D0B0000000000000000000000000000000000070
:10D0C0000000000000000000000000000021003C03
:10D0D000000000009224900B0000000000000000FF
:10D0E000040090C919800001030C0000000000003A
:10D0F0000000000000000000000000000000000030
:10D10000000000000000000000000000000000001F
:10D11000000000000000000000000000000000000F
:10D12000000000020000400000000C845D100000C0
:10D1300000000000000000000620178E00000030F4
:10D14000C00000000000000000000000000000001F
:10D1500000000000000000000000000000000000CF
:10D1600000000000000000000000000000000000BF
:10D170000000000000000000000000B57543400002
:10D18000009234AD090C0000A0DE800104006102B1
:10D19000ED10000001030C00000000000000000082
:10D1A000000000000000000000000000000000007F
:10D1B000000000000000000000000000000000006F
:10D1C000000000000000000000000000000000005F
:10D1D000000172260400000C865B00100000024D66
:10D1E000B8002020812036000000000030C0000080
:10D1F000000000000000000000000000000000002F
:10D20000000000000000000000000000000000001E
:10D21000000000000000000000000000000000000E
:10D2200000000000000000210020000000009234F7
:10D23000900D00000010039600000028624F7888CF
:10D240000001030C000000000000000000000000CE
:10D2500000000000000000000000000000000000CE
:10D2600000000000000000000000000000000000BE
:10D2700000000000000000000000000000020000AC
:10D28000400000000C844D58F000002000054000D4
:10D29000000589000F9B11000030C0000000000055
:10D2A000000000000000000000000000000000007E
:10D2B000000000000000000000000000000000006E
:10D2C00000000000000000000000000000088010C6
:10D2D000000008400859B0000001009235A5800008
:10D2E0008C0020040040703028306B0000000103E7
:10D2F0000C00000000000000000000000000000022
:10D30000000000000000000000000000000000001D
:10D31000000000000000000000000000000000000D
:10D32000000000008000E000014800409214280046
:10D33000200C845DF9A004C02000780380030483DE
:10D340007D839C000C0030C0000000000000000045
:10D3500000000000000000000000000000000000CD
:10D3600000000000000000000000000000000000BD
:10D3700000000000000000000000000000000000AD
:10D380000021002540000000923C90800000000039
:10D39000900002000001D06A00F00001030C0000C0
:10D3A000000000000000000000000000000000007D
:10D3B000000000000000000000000000000000006D
:10D3C000000000000000000000000000000000005D
:10D3D0000000000000001C020000466000700C8489
:10D3E0004B39C00100240000000004001EB7D78B99
:10D3F00040100030C00000000000000000000000ED
:10D40000000000000000000000000000000000001C
:10D41000000000000000000000000000000000000C
:10D420000000000000000000000000040000200DCB
:10D430000003400008922CAB001C0000000000001C
:10D4400000082376ED00080001030C000000000036
:10D4500000000000000000000000000000000000CC
:10D4600000000000000000000000000000000000BC
:10D4700000000000000000000000000000000000AC
:10D4800000008000024000046400000C8459D8E0D1
:10D490000000000001C00600853BB605004000000A
:10D4A00030C000000000000000000000000000008C
:10D4B000000000000000000000000000000000006C
:10D4C000000000000000000000000000000000005C
:10D4D0000000000000000000000000200500000027
:10D4E00000009205CF0040000008FBC4200100109E
:10D4F000801000800401030C000000000000000008
:10D50000000000000000000000000000000000001B
:10D51000000000000000000000000000000000000B
:10D5200000000000000000000000000000000000FB
:10D530000C024000000000300C8458900000C00035
:10D54000C7AEE62803008001C01800000030C0000C
:10D5500000000000000000000000000000000000CB
:10D5600000000000000000000000000000000000BB
:10D5700000000000000000000000000000000000AB
:10D5800000080DC00000000022000003C00000924F
:10D5900034E11E00000075180400700000FE4E709B
:10D5A000000001030C00000000000000000000006B
:10D5B000000000000000000000000000000000006B
:10D5C000000000000000000000000000000000005B
:10D5D000000000000000000180D4001C00000200D8
:10D5E00007000000000C864E01F00000075578008F
:10D5F0000000000695980000000030C00000000008
:10D60000000000000000000000000000000000001A
:10D61000000000000000000000000000000000000A
:10D6200000000000000000000000000000000000FA
:10D63000000000000021002440000000922DC700DF
:10D6400000000048D2B400010E210A4D18E8000184
:10D65000030C0000000000000000000000000000BB
:10D6600000000000000000000000000000000000BA
:10D6700000000000000000000000000000000000AA
:10D680000000000000000000000000020000046034
:10D6900000000C845C80000000084580061000013A
:10D6A0000900B78100000030C00000000000000049
:10D6B000000000000000000000000000000000006A
:10D6C000000000000000000000000000000000005A
:10D6D000000000000000000000000000000000004A
:10D6E0000020210023C0070000922DC11D00000072
:10D6F000000A0000000010801079000001030C00F7
:10D700000000000000000000000000000000000019
:10D710000000000000000000000000000000000009
:10D7200000000000000000000000000000000000F9
:10D730000000000000000000020000400000000C9B
:10D74000844E11F000000505F4000210008000C1B5
:10D750001C14000030C000000000000000000000A9
:10D7600000000000000000000000000000000000B9
:10D7700000000000000000000000000000000000A9
:10D780000000000000000000000000000000002079
:10D790000100000000009225F00000000224541453
:10D7A0002000000015E808B04001030C0000000054
:10D7B0000000000000000000000000000000000069
:10D7C0000000000000000000000000000000000059
:10D7D0000000000000000000000000000000000049
:10D7E0000000000000024080060000000C865F5030
:10D7F00000000022487943C0000001268700000095
:10D800000030C00000000000000000000000000028
:10D810000000000000000000000000000000000008
:10D8200000000000000000000000000000000000F8
:10D83000000000000000000000A4C04021002802F9
:10D840008001009214E30D00080240FF7C3D0010AF
:10D8500002D74C01B80081030C000000000000005A
:10D8600000000000000000000000000000000000B8
:10D8700000000000000000000000000000000000A8
:10D880000000000000000000000000000000000197
:10D89000800C020000006C00200C844AD9D000806B
:10D8A000282F2403A803002E36B018440C0030C0E3
:10D8B0000000000000000000000000000000000068
:10D8C0000000000000000000000000000000000058
:10D8D0000000000000000000000000000000000048
:10D8E0000000000000000000002000800280000016
:10D8F0009235F38F000002A00C002C00000000C045
:10D9000010000001030C00000000000000000000F7
:10D910000000000000000000000000000000000007
:10D9200000000000000000000000000000000000F7
:10D9300000000000000000000000000000001002D5
:10D940000858006C00700C844BB80001002A05F8E0
:10D95000000004809000081C00100030C00000008F
:10D9600000000000000000000000000000000000B7
:10D9700000000000000000000000000000000000A7
:10D980000000000000000000000000000000000097
:10D99000000000000000012BB4000000009085EFA3
:10D9A0000000000202FF803E050000282051A00870
:10D9B00001030C0000000000000000000000000057
:10D9C0000000000000000000000000000000000057
:10D9D0000000000000000000000000000000000047
:10D9E00000000000000000000000000000403BD6E6
:10D9F0000000000C9208B9A00000241F2540100070
:10DA000000029CA10901400030C00000000000009D
:10DA10000000000000000000000000000000000006
:10DA200000000000000000000000000000000000F6
:10DA300000000000000000000000000000000000E6
:10DA4000000000010DA00000000092ACA10E00003B
:10DA50000096BEC038000469686808F40001030C31
:10DA600000000000000000000000000000000000B6
:10DA700000000000000000000000000000000000A6
:10DA80000000000000000000000000000000000096
:10DA9000000000000000000000002018000000301E
:10DAA000091EDBD81000C0097168000003008076F1
:10DAB0008701000C0030C0000000000000000000E2
:10DAC0000000000000000000000000000000000056
:10DAD0000000000000000000000000000000000046
:10DAE0000000000000000000000000000000000036
:10DAF0000835424208100015EED00008800000D71B
:10DB0000C4010000016349F0D1C001030C00000012
:10DB10000000000000000000000000000000000005
:10DB200000000000000000000000000000000000F5
:10DB300000000000000000000000000000000000E5
:10DB40000000000000000083F3A020020003CADEF2
:10DB500059C00400020D2BE7A800000017E81B00C5
:10DB6000000030C0000000000000000000000000C5
:10DB700000000000000000000000000000000000A5
:10DB80000000000000000000000000000000000095
:10DB9000000000000000000000000000000F00A8CE
:10DBA00020000000121FD78000000003B03C0030AE
:10DBB0000003F1C810EA1001030C0000000000008F
:10DBC0000000000000000000000000000000000055
:10DBD0000000000000000000000000000000000045
:10DBE0000000000000000000000000000000000035
:10DBF00000000000505394000000004AECD0E00008
:10DC00000000370006000000160EB8190080003032
:10DC1000C000000000000000000000000000000044
:10DC200000000000000000000000000000000000F4
:10DC300000000000000000000000000000000000E4
:10DC40000000000000000004000000000040000090
:10DC500000205C0F0800000000001E00000400917E
:10DC60005E00840801030C000000000000000000BA
:10DC700000000000000000000000000000000000A4
:10DC80000000000000000000000000000000000094
:10DC90000000000000000000000000000000A000E4
:10DCA0000000002000000002041CB810000000006A
:10DCB00002E00010210020E001A1400030C000007F
:10DCC0000000000000000000000000000000000054
:10DCD0000000000000000000000000000000000044
:10DCE0000000000000000000000000000000000034
:10DCF0000000000000000000253802800080B9D735
:10DD00009008000000500B4228000000616C008069
:10DD10000001030C000000000000000000000000F3
:10DD200000000000000000000000000000000000F3
:10DD300000000000000000000000000000000000E3
:10DD4000000000000000000000000000000001D8FA
:10DD5000006400000ABFEE01900000000738400098
:10DD60000000081ED10900800030C0000000000043
:10DD700000000000000000000000000000000000A3
:10DD80000000000000000000000000000000000093
:10DD90000000000000000000000000000000000083
:10DDA00000000000220041C3C00120819DB000009E
:10DDB000040004782438500A0A944D01B00001038D
:10DDC0000C00000000000000000000000000000047
:10DDD0000000000000000000000000000000000043
:10DDE0000000000000000000000000000000000033
:10DDF000000000000000000000000200071E0000FC
:10DE0000200808FE580000C00041AA0000138080CE
:10DE100066971C000C0030C00000000000000000ED
:10DE200000000000000000000000000000000000F2
:10DE300000000000000000000000000000000000E2
:10DE400000000000000000000000000000000000D2
:10DE500000000000400000209681A0000000820128
:10DE60005F8000000000000001C00801030C0000FA
:10DE700000000000000000000000000000000000A2
:10DE80000000000000000000000000000000000092
:10DE90000000000000000000000000000000000082
:10DEA00000000000000000000000200000701800CA
:10DEB0000B000001012A1B75C00004000000000BCC
:10DEC00000500030C0000000000000000000000012
:10DED0000000000000000000000000000000000042
:10DEE0000000000000000000000000000000000032
:10DEF00000000000000000000000000000082100F9
:10DF00003400001000332ED00000000052FB5400FB
:10DF1000020C30615ED1A94001030C00000000003A
:10DF200000000000000000000000000000000000F1
:10DF300000000000000000000000000000000000E1
:10DF400000000000000000000000000000000000D1
:10DF50000000000002000000780200023ADE5000DB
:10DF600000000207740000108110A0E00F100000F4
:10DF700030C00000000000000000000000000000B1
:10DF80000000000000000000000000000000000091
:10DF90000000000000000000000000000000000081
:10DFA00000000000000000000000000E0D600000F6
:10DFB00000808487C70800000000003E01100003B5
:10DFC000F1C800FA0801030C000000000000000086
:10DFD0000000000000000000000000000000000041
:10DFE0000000000000000000000000000000000031
:10DFF0000000000000000000000000000000000021
:10E00000000030DA800000300806DFD81000C000C1
:10E010000001C60003011606870140000030C00061
:10E0200000000000000000000000000000000000F0
:10E0300000000000000000000000000000000000E0
:10E0400000000000000000000000000000000000D0
:10E05000000000000000000005506C0000100000EF
:10E0600000008F00000000000001000011D06800D7
:10E0700090C001030C000000000000000000000040
:10E080000000000000000000000000000000000090
:10E090000000000000000000000000000000000080
:10E0A000000000000000000000000000000000F57B
:10E0B00056800002000000007810040000000000FC
:10E0C0002000001EB4C00F80000030C0000000001F
:10E0D0000000000000000000000000000000000040
:10E0E0000000000000000000000000000000000030
:10E0F0000000000000000000000000000000000020
:10E100000000000000200030420000000283EB1DF0
:10E110000000008F3FC00102000211CD00F0080195
:10E12000030C0000000000000000000000000000E0
:10E1300000000000000000000000000000000000DF
:10E1400000000000000000000000000000000000CF
:10E150000000000000000000000000820A372004D8
:10E1600000000280EE81F000000A5FB40700008129
:10E170000864878115000030C00000000000000026
:10E18000000000000000000000000000000000008F
:10E19000000000000000000000000000000000007F
:10E1A000000000000000000000000000000000006F
:10E1B00000000A55E8022010000001D7000000020C
:10E1C00010022C38500000CCC009040801030C00D8
:10E1D000000000000000000000000000000000003F
:10E1E000000000000000000000000000000000002F
:10E1F000000000000000000000000000000000001F
:10E20000000000000000000000215E406552000098
:10E210003DDF00000000200003E04000807325A7E0
:10E2200018A1000030C00000000000000000000045
:10E2300000000000000000000000000000000000DE
:10E2400000000000000000000000000000000000CE
:10E2500000000000000000000000000000000000BE
:10E260000003C7C00000025FF00000000205534039
:10E2700000020200CD4000D20001030C00000000AB
:10E28000000000000000000000000000000000008E
:10E29000000000000000000000000000000000007E
:10E2A000000000000000000000000000000000006E
:10E2B0000000000000000000003800000011DD0038
:10E2C0000000006A47B0000040007325C001000054
:10E2D0000030C0000000000000000000000000004E
:10E2E000000000000000000000000000000000002E
:10E2F000000000000000000000000000000000001E
:10E3000000000000000000000000000000000023EA
:10E31000885100062C05000004009ABBC02C001296
:10E3200000CFD058054001030C00000000000000A1
:10E3300000000000000000000000000000000000DD
:10E3400000000000000000000000000000000000CD
:10E3500000000000000000000000000000000000BD
:10E3600000000000001C7C503000620E800A00C0DB
:10E370000927F4000003007325C70020800030C087
:10E38000000000000000000000000000000000008D
:10E39000000000000000000000000000000000007D
:10E3A000000000000000000000000000000000006D
:10E3B0000000000000000000000109E3E000008010
:10E3C000A0CDB00000000000000000540200CE40CC
:10E3D00000B00001030C000000000000000000007D
:10E3E000000000000000000000000000000000002D
:10E3F000000000000000000000000000000000001D
:10E40000000000000000000000000000000000000C
:10E4100004961C0000400902FE018001000000007B
:10E42000000024007324E70E00000030C00000004C
:10E4300000000000000000000000000000000000DC
:10E4400000000000000000000000000000000000CC
:10E4500000000000000000000000000000000000BC
:10E46000000000000000025BA940000020893CD0B1
:10E47000000001020A0F002C7000A0CF4000940899
:10E4800001030C000000000000000000000000007C
:10E49000000000000000000000000000000000007C
:10E4A000000000000000000000000000000000006C
:10E4B00000000000000000000000000000A59EA079
:10E4C0007800000817FC00080020EA03780000002C
:10E4D000007305800AA1400030C000000000000069
:10E4E000000000000000000000000000000000002C
:10E4F000000000000000000000000000000000001C
:10E50000000000000000000000000000000000000B
:10E510000000000000000000008008000000000073
:10E520000000000000000000CFD039E00001030C23
:10E5300000000000000000000000000000000000DB
:10E5400000000000000000000000000000000000CB
:10E5500000000000000000000000000000000000BB
:10E5600000000000000000000000000000000000AB
:10E5700008000A0000000000000000000080732571
:10E58000CF88A0000030C0000000000000000000A4
:10E59000000000000000000000000000000000007B
:10E5A000000000000000000000000000000000006B
:10E5B000000000000000000000000000000000005B
:10E5C0000000000000000000000000000100A41C8A
:10E5D0000C00000200CFC000F9C801030C000000CD
:10E5E000000000000000000000000000000000002B
:10E5F000000000000000000000000000000000001B
:10E60000000000000000000000000000000000000A
:10E6100000000000000000000000000000000000FA
:10E62000000000000A4F33C00000007325C0010144
:10E63000000030C0000000000000000000000000EA
:10E6400000000000000000000000000000000000CA
:10E6500000000000000000000000000000000000BA
:10E6600000000000000000000000000000000000AA
:10E670000000000000000000000200100282000004
:10E680000000CEC079E00001030C00000000000093
:10E69000000000000000000000000000000000007A
:10E6A000000000000000000000000000000000006A
:10E6B000000000000000000000000000000000005A
:10E6C000000000000000000000000000001000003A
:10E6D00000200005C00000207325C11D000000308F
:10E6E000C00000000000000000000000000000006A
:10E6F000000000000000000000000000000000001A
:10E700000000000000000000000000000000000009
:10E7100000000000000000000000000000000000F9
:10E720000000000B000000080C580200020000CDA1
:10E73000D000040801030C000000000000000000ED
:10E7400000000000000000000000000000000000C9
:10E7500000000000000000000000000000000000B9
:10E7600000000000000000000000000000000000A9
:10E77000000000000000000000008000000000CB4E
:10E7800081C200502073258000A0400030C00000EE
:10E790000000000000000000000000000000000079
:10E7A0000000000000000000000000000000000069
:10E7B0000000000000000000000000000000000059
:10E7C0000000000000000000000000000020001415
:10E7D000000000020010030034000000CDD009004A
:10E7E0000001030C00000000000000000000000019
:10E7F0000000000000000000000000000000000019
:10E800000000000000000000000000000000000008
:10E8100000000000000000000000000000000000F8
:10E82000000000000900000008000020000007C0F0
:10E8300050807325A39C00000030C0000000000041
:10E8400000000000000000000000000000000000C8
:10E8500000000000000000000000000000000000B8
:10E8600000000000000000000000000000000000A8
:10E8700000000000000000000000200801000D0062
:10E88000090020040000003000CD500001C0010349
:10E890000C0000000000000000000000000000006C
:10E8A0000000000000000000000000000000000068
:10E8B0000000000000000000000000000000000058
:10E8C0000000000000000000000000000000000048
:10E8D0000008001C71D000C020007000000300730D
:10E8E00024800000000030C0000000000000000094
:10E8F0000000000000000000000000000000000018
:10E900000000000000000000000000000000000007
:10E9100000000000000000000000000000000000F7
:10E9200000000000000000010002000040000000A4
:10E93000000028000000CDD070E00001030C0000B2
:10E9400000000000000000000000000000000000C7
:10E9500000000000000000000000000000000000B7
:10E9600000000000000000000000000000000000A7
:10E97000000000000000000000000000000008216E
:10E980004000080100000000000004007305870F2C
:10E9900000000030C0000000000000000000000087
:10E9A0000000000000000000000000000000000067
:10E9B0000000000000000000000000000000000057
:10E9C0000000000000000000000000000000000047
:10E9D0000000000000000000000000000000000136
:10E9E0000000A0CC4000040001030C000000000067
:10E9F0000000000000000000000000000000000017
:10EA00000000000000000000000000000000000006
:10EA100000000000000000000000000000000000F6
:10EA200000000000000000000000000000000000E6
:10EA300000000000000020000073258780A08000F7
:10EA400000720080110082000062009F010300003C
:10EA500000000000000000000000000000000000B6
:10EA600000000000000000000000000000000000A6
:10EA70000000000000000000000000000000000096
:10EA80000000000000000000000000000000000086
:10EA90000000000000000000000000000000000076
:10EAA0000000000000000000000000000000000066
:10EAB0000000000000000000000000000000000056
:10EAC0000000000000000000000000000000000046
:10EAD0000000000000000000000000000000000036
:10EAE0000000000000000000000000000000000026
:10EAF0000000000000000000000000000000000016
:10EB00000000000000000000000000000000000005
:10EB100000000000000000000000000000000000F5
:10EB200000000000000000000000000000000000E5
:10EB300000000000000000000000000000000000D5
:10EB400000000000000000000000000000000000C5
:10EB500000000000000000000000000000000000B5
:10EB600000000000000000000000000000000000A5
:10EB70000000000000000000000000000000000095
:10EB80000000000000000000000000000000000085
:10EB90000000000000000000000000000000000075
:10EBA0000000000000000000000000000000000065
:10EBB0000000000000000000000000000000000055
:10EBC0000000000000000000000000000000000045
:10EBD0000000000000000000000000000000000035
:10EBE0000000000000000000000000000000000025
:10EBF0000000000000000000000000000000000015
:10EC00000000000000000000000000000000000004
:10EC100000000000000000000000000000000000F4
:10EC200000000000000000000000000000000000E4
:10EC300000000000000000000000000000000000D4
:10EC400000000000000000000000000000000000C4
:10EC500000000000000000000000000000000000B4
:10EC600000000000000000000000000000000000A4
:10EC70000000000000000000000000000000000094
:10EC80000000000000000000000000000000000084
:10EC90000000000000000000000000000000000074
:10ECA0000000000000000000000000000000000064
:10ECB0000000000000000000000000000000000054
:10ECC0000000000000000000000000000000000044
:10ECD0000000000000000000000000000000000034
:10ECE0000000000000000000000000000000000024
:10ECF0000000000000000000000000000000000014
:10ED00000000000000000000000000000000000003
:10ED100000000000000000000000000000000000F3
:10ED200000000000000000000000000000000000E3
:10ED300000000000000000000000000000000000D3
:10ED400000000000000000000000000000000000C3
:10ED500000000000000000000000000000000000B3
:10ED600000000000000000000000000000000000A3
:10ED70000000000000000000000000000000000093
:10ED80000000000000000000000000000000000083
:10ED90000000000000000000000000000000000073
:10EDA0000000000000000000000000000000000063
:10EDB0000000000000000000000000000000000053
:10EDC0000000000000000000000000000000000043
:10EDD0000000000000000000000000000000000033
:10EDE0000000000000000000000000000000000023
:10EDF0000000000000000000000000000000000013
:10EE00000000000000000000000000000000000002
:10EE100000000000000000000000000000000000F2
:10EE200000000000000000000000000000000000E2
:10EE300000000000000000000000000000000000D2
:10EE400000000000000000000000000000000000C2
:10EE500000000000000000000000000000000000B2
:10EE600000000000000000000000000000000000A2
:10EE70000000000000000000000000000000000092
:10EE80000000000000000000000000000000000082
:10EE90000000000000000000000000000000000072
:10EEA0000000000000000000000000000000000062
:10EEB0000000000000000000000000000000000052
:10EEC0000000000000000000000000000000000042
:10EED0000000000000000000000000000000000032
:10EEE0000000000000000000000000000000000022
:10EEF0000000000000000000000000000000000012
:10EF00000000000000000000000000000000000001
:10EF100000000000000000000000000000000000F1
:10EF200000000000000000000000000000000000E1
:10EF300000000000000000000000000000000000D1
:10EF400000000000000000000000000000000000C1
:10EF500000000000000000000000000000000000B1
:10EF600000000000000000000000000000000000A1
:10EF70000000000000000000000000000000000091
:10EF80000000000000000000000000000000000081
:10EF90000000000000000000000000000000000071
:10EFA0000000000000000000000000000000000061
:10EFB0000000000000000000000000000000000051
:10EFC0000000000000000000000000000000000041
:10EFD0000000000000000000000000000000000031
:10EFE0000000000000000000000000000000000021
:10EFF0000000000000000000000000000000000011
:10F000000000000000000000000000000000000000
:10F0100000000000000000000000000000000000F0
:10F0200000000000000000000000000000000000E0
:10F0300000000000000000000000000000000000D0
:10F0400000000000000000000000000000000000C0
:10F0500000000000000000000000000000000000B0
:10F0600000000000000000000000000000000000A0
:10F070000000000000000000000000000000000090
:10F080000000000000000000000000000000000080
:10F090000000000000000000000000000000000070
:10F0A0000000000000000000000000000000000060
:10F0B0000000000000000000000000000000000050
:10F0C0000000000000000000000000000000000040
:10F0D0000000000000000000000000000000000030
:10F0E0000000000000000000000000000000000020
:10F0F0000000000000000000000000000000000010
:10F1000000000000000000000000000000000000FF
:10F1100000000000000000000000000000000000EF
:10F1200000000000000000000000000000000000DF
:10F1300000000000000000000000000000000000CF
:10F1400000000000000000000000000000000000BF
:10F1500000000000000000000000000000000000AF
:10F16000000000000000000000000000000000009F
:10F17000000000000000000000000000000000008F
:10F18000000000000000000000000000000000007F
:10F19000000000000000000000000000000000006F
:10F1A000000000000000000000000000000000005F
:10F1B000000000000000000000000000000000004F
:10F1C000000000000000000000000000000000003F
:10F1D000000000000000000000000000000000002F
:10F1E000000000000000000000000000000000001F
:10F1F000000000000000000000000000000000000F
:10F2000000000000000000000000000000000000FE
:10F2100000000000000000000000000000000000EE
:10F2200000000000000000000000000000000000DE
:10F2300000000000000000000000000000000000CE
:10F2400000000000000000000000000000000000BE
:10F2500000000000000000000000000000000000AE
:10F26000000000000000000000000000000000009E
:10F27000000000000000000000000000000000008E
:10F28000000000000000000000000000000000007E
:10F29000000000000000000000000000000000006E
:10F2A000000000000000000000000000000000005E
:10F2B000000000000000000000000000000000004E
:10F2C000000000000000000000000000000000003E
:10F2D000000000000000000000000000000000002E
:10F2E000000000000000000000000000000000001E
:10F2F000000000000000000000000000000000000E
:10F3000000000000000000000000000000000000FD
:10F3100000000000000000000000000000000000ED
:10F3200000000000000000000000000000000000DD
:10F3300000000000000000000000000000000000CD
:10F3400000000000000000000000000000000000BD
:10F3500000000000000000000000000000000000AD
:10F36000000000000000000000000000000000009D
:10F37000000000000000000000000000000000008D
:10F38000000000000000000000000000000000007D
:10F39000000000000000000000000000000000006D
:10F3A000000000000000000000000000000000005D
:10F3B000000000000000000000000000000000004D
:10F3C000000000000000000000000000000000003D
:10F3D000000000000000000000000000000000002D
:10F3E000000000000000000000000000000000001D
:10F3F000000000000000000000000000000000000D
:10F4000000000000000000000000000000000000FC
:10F4100000000000000000000000000000000000EC
:10F4200000000000000000000000000000000000DC
:10F4300000000000000000000000000000000000CC
:10F4400000000000000000000000000000000000BC
:10F4500082008062009F01030000000000000000A5
:10F46000000000000000000000000000000000009C
:10F47000000000000000000000000000000000008C
:10F48000000000000000000000000000000000007C
:10F49000000000000000000000000000000000006C
:10F4A000000000000000000000000000000000005C
:10F4B000000000000000000000000000000000004C
:10F4C000000000000000000000000000000000003C
:10F4D000000000000000000000000000000000002C
:10F4E000000000000000000000000000000000001C
:10F4F000000000000000000000000000000000000C
:10F5000000000000000000000000000000000000FB
:10F5100000000000000000000000000000000000EB
:10F5200000000000000000000000000000000000DB
:10F5300000000000000000000000000000000000CB
:10F5400000000000000000000000000000000000BB
:10F5500000000000000000000000000000000000AB
:10F56000000000000000000000000000000000009B
:10F57000000000000000000000000000000000008B
:10F58000000000000000000000000000000000007B
:10F59000000000000000000000000000000000006B
:10F5A000000000000000000000000000000000005B
:10F5B000000000000000000000000000000000004B
:10F5C000000000000000000000000000000000003B
:10F5D000000000000000000000000000000000002B
:10F5E000000000000000000000000000000000001B
:10F5F000000000000000000000000000000000000B
:10F6000000000000000000000000000000000000FA
:10F6100000000000000000000000000000000000EA
:10F6200000000000000000000000000000000000DA
:10F6300000000000000000000000000000000000CA
:10F6400000000000000000000000000000000000BA
:10F6500000000000000000000000000000000000AA
:10F66000000000000000000000000000000000009A
:10F67000000000000000000000000000000000008A
:10F68000000000000000000000000000000000007A
:10F69000000000000000000000000000000000006A
:10F6A000000000000000000000000000000000005A
:10F6B000000000000000000000000000000000004A
:10F6C000000000000000000000000000000000003A
:10F6D000000000000000000000000000000000002A
:10F6E000000000000000000000000000000000001A
:10F6F000000000000000000000000000000000000A
:10F7000000000000000000000000000000000000F9
:10F7100000000000000000000000000000000000E9
:10F7200000000000000000000000000000000000D9
:10F7300000000000000000000000000000000000C9
:10F7400000000000000000000000000000000000B9
:10F7500000000000000000000000000000000000A9
:10F760000000000000000000000000000000000099
:10F770000000000000000000000000000000000089
:10F780000000000000000000000000000000000079
:10F790000000000000000000000000000000000069
:10F7A0000000000000000000000000000000000059
:10F7B0000000000000000000000000000000000049
:10F7C0000000000000000000000000000000000039
:10F7D0000000000000000000000000000000000029
:10F7E0000000000000000000000000000000000019
:10F7F0000000000000000000000000000000000009
:10F8000000000000000000000000000000000000F8
:10F8100000000000000000000000000000000000E8
:10F8200000000000000000000000000000000000D8
:10F8300000000000000000000000000000000000C8
:10F8400000000000000000000000000000000000B8
:10F8500000000000000000000000000000000000A8
:10F860000000000000000000000000000000000098
:10F870000000000000000000000000000000000088
:10F880000000000000000000000000000000000078
:10F890000000000000000000000000000000000068
:10F8A0000000000000000000000000000000000058
:10F8B0000000000000000000000000000000000048
:10F8C0000000000000000000000000000000000038
:10F8D0000000000000000000000000000000000028
:10F8E0000000000000000000000000000000000018
:10F8F0000000000000000000000000000000000008
:10F9000000000000000000000000000000000000F7
:10F9100000000000000000000000000000000000E7
:10F9200000000000000000000000000000000000D7
:10F9300000000000000000000000000000000000C7
:10F9400000000000000000000000000000000000B7
:10F9500000000000000000000000000000000000A7
:10F960000000000000000000000000000000000097
:10F970000000000000000000000000000000000087
:10F980000000000000000000000000000000000077
:10F990000000000000000000000000000000000067
:10F9A0000000000000000000000000000000000057
:10F9B0000000000000000000000000000000000047
:10F9C0000000000000000000000000000000000037
:10F9D0000000000000000000000000000000000027
:10F9E0000000000000000000000000000000000017
:10F9F0000000000000000000000000000000000007
:10FA000000000000000000000000000000000000F6
:10FA100000000000000000000000000000000000E6
:10FA200000000000000000000000000000000000D6
:10FA300000000000000000000000000000000000C6
:10FA400000000000000000000000000000000000B6
:10FA500000000000000000000000000000000000A6
:10FA60000000000000000000000000000000000096
:10FA70000000000000000000000000000000000086
:10FA80000000000000000000000000000000000076
:10FA90000000000000000000000000000000000066
:10FAA0000000000000000000000000000000000056
:10FAB0000000000000000000000000000000000046
:10FAC0000000000000000000000000000000000036
:10FAD0000000000000000000000000000000000026
:10FAE0000000000000000000000000000000000016
:10FAF0000000000000000000000000000000000006
:10FB000000000000000000000000000000000000F5
:10FB100000000000000000000000000000000000E5
:10FB200000000000000000000000000000000000D5
:10FB300000000000000000000000000000000000C5
:10FB400000000000000000000000000000000000B5
:10FB500000000000000000000000000000000000A5
:10FB60000000000000000000000000000000000095
:10FB70000000000000000000000000000000000085
:10FB80000000000000000000000000000000000075
:10FB90000000000000000000000000000000000065
:10FBA0000000000000000000000000000000000055
:10FBB0000000000000000000000000000000000045
:10FBC0000000000000000000000000000000000035
:10FBD0000000000000000000000000000000000025
:10FBE0000000000000000000000000000000000015
:10FBF0000000000000000000000000000000000005
:10FC000000000000000000000000000000000000F4
:10FC100000000000000000000000000000000000E4
:10FC200000000000000000000000000000000000D4
:10FC300000000000000000000000000000000000C4
:10FC400000000000000000000000000000000000B4
:10FC500000000000000000000000000000000000A4
:10FC60000000000000000000000000000000000094
:10FC70000000000000000000000000000000000084
:10FC80000000000000000000000000000000000074
:10FC90000000000000000000000000000000000064
:10FCA0000000000000000000000000000000000054
:10FCB0000000000000000000000000000000000044
:10FCC0000000000000000000000000000000000034
:10FCD0000000000000000000000000000000000024
:10FCE0000000000000000000000000000000000014
:10FCF0000000000000000000000000000000000004
:10FD000000000000000000000000000000000000F3
:10FD100000000000000000000000000000000000E3
:10FD200000000000000000000000000000000000D3
:10FD300000000000000000000000000000000000C3
:10FD400000000000000000000000000000000000B3
:10FD500000000000000000000000000000000000A3
:10FD60000000000000000000000000000000000093
:10FD70000000000000000000000000000000000083
:10FD80000000000000000000000000000000000073
:10FD90000000000000000000000000000000000063
:10FDA0000000000000000000000000000000000053
:10FDB0000000000000000000000000000000000043
:10FDC0000000000000000000000000000000000033
:10FDD0000000000000000000000000000000000023
:10FDE0000000000000000000000000000000000013
:10FDF0000000000000000000000000000000000003
:10FE000000000000000000000000000000000000F2
:10FE100000000000000000000000000000000000E2
:10FE200000000000000000000000000000000000D2
:10FE300000000000000000000000000000000000C2
:10FE400000000000000000000000000000000000B2
:10FE500000000000000000000000110182000062AC
:10FE6000004F01030000000000000000000000003F
:10FE70000000000000000000000000000000000082
:10FE80000000000000000000000000000000000072
:10FE90000000000000000000000000000000000062
:10FEA0000000000000000000000000000000000052
:10FEB0000000000000000000000000000000000042
:10FEC0000000000000000000000000000000000032
:10FED0000000000000000000000000000000000022
:10FEE0000000000000000000000000000000000012
:10FEF0000000000000000000000000000000000002
:10FF000000000000000000000000000000000000F1
:10FF100000000000000000000000000000000000E1
:10FF200000000000000000000000000000000000D1
:10FF300000000000000000000000000000000000C1
:10FF400000000000000000000000000000000000B1
:10FF500000000000000000000000000000000000A1
:10FF60000000000000000000000000000000000091
:10FF70000000000000000000000000000000000081
:10FF80000000000000000000000000000000000071
:10FF90000000000000000000000000000000000061
:10FFA0000000000000000000000000000000000051
:10FFB0000000000000000000000000000000000041
:10FFC0000000000000000000000000000000000031
:10FFD0000000000000000000000000000000000021
:10FFE0000000000000000000000000000000000011
:10FFF0000000000000000000000000000000000001
:020000041002E8
:1000000000000000000000000000000000000000F0
:1000100000000000000000000000000000000000E0
:1000200000000000000000000000000000000000D0
:1000300000000000000000000000000000000000C0
:1000400000000000000000000000000000000000B0
:1000500000000000000000000000000000000000A0
:100060000000000000000000000000000000000090
:100070000000000000000000000000000000000080
:100080000000000000000000000000000000000070
:100090000000000000000000000000000000000060
:1000A0000000000000000000000000000000000050
:1000B0000000000000000000000000000000000040
:1000C0000000000000000000000000000000000030
:1000D0000000000000000000000000000000000020
:1000E0000000000000000000000000000000000010
:1000F0000000000000000000000000000000000000
:1001000000000000000000000000000000000000EF
:1001100000000000000000000000000000000000DF
:1001200000000000000000000000000000000000CF
:1001300000000000000000000000000000000000BF
:1001400000000000000000000000000000000000AF
:10015000000000000000000000000000000000009F
:10016000000000000000000000000000000000008F
:10017000000000000000000000000000000000007F
:10018000000000000000000000000000000000006F
:10019000000000000000000000000000000000005F
:1001A000000000000000000000000000000000004F
:1001B000000000000000000000000000000000003F
:1001C000000000000000000000000000000000002F
:1001D000000000000000000000000000000000001F
:1001E000000000000000000000000000000000000F
:1001F00000000000000000000000000000000000FF
:1002000000000000000000000000000000000000EE
:1002100000000000000000000000000000000000DE
:1002200000000000000000000000000000000000CE
:1002300000000000000000000000000000000000BE
:1002400000000000000000000000000000000000AE
:10025000000000000000000000000000000000009E
:10026000000000000000000000000000000000008E
:10027000000000000000000000000000000000007E
:10028000000000000000000000000000000000006E
:10029000000000000000000000000000000000005E
:1002A000000000000000000000000000000000004E
:1002B000000000000000000000000000000000003E
:1002C000000000000000000000000000000000002E
:1002D000000000000000000000000000000000001E
:1002E000000000000000000000000000000000000E
:1002F00000000000000000000000000000000000FE
:1003000000000000000000000000000000000000ED
:1003100000000000000000000000000000000000DD
:1003200000000000000000000000000000000000CD
:1003300000000000000000000000000000000000BD
:1003400000000000000000000000000000000000AD
:10035000000000000000000000000000000000009D
:1003600000000000000082008062004F01030000D6
:10037000000000000000000000000000000000007D
:10038000000000000000000000000000000000006D
:10039000000000000000000000000000000000005D
:1003A000000000000000000000000000000000004D
:1003B000000000000000000000000000000000003D
:1003C000000000000000000000000000000000002D
:1003D000000000000000000000000000000000001D
:1003E000000000000000000000000000000000000D
:1003F00000000000000000000000000000000000FD
:1004000000000000000000000000000000000000EC
:1004100000000000000000000000000000000000DC
:1004200000000000000000000000000000000000CC
:1004300000000000000000000000000000000000BC
:1004400000000000000000000000000000000000AC
:10045000000000000000000000000000000000009C
:10046000000000000000000000000000000000008C
:10047000000000000000000000000000000000007C
:10048000000000000000000000000000000000006C
:10049000000000000000000000000000000000005C
:1004A000000000000000000000000000000000004C
:1004B000000000000000000000000000000000003C
:1004C000000000000000000000000000000000002C
:1004D000000000000000000000000000000000001C
:1004E000000000000000000000000000000000000C
:1004F00000000000000000000000000000000000FC
:1005000000000000000000000000000000000000EB
:1005100000000000000000000000000000000000DB
:1005200000000000000000000000000000000000CB
:1005300000000000000000000000000000000000BB
:1005400000000000000000000000000000000000AB
:10055000000000000000000000000000000000009B
:10056000000000000000000000000000000000008B
:10057000000000000000000000000000000000007B
:10058000000000000000000000000000000000006B
:10059000000000000000000000000000000000005B
:1005A000000000000000000000000000000000004B
:1005B000000000000000000000000000000000003B
:1005C000000000000000000000000000000000002B
:1005D000000000000000000000000000000000001B
:1005E000000000000000000000000000000000000B
:1005F00000000000000000000000000000000000FB
:1006000000000000000000000000000000000000EA
:1006100000000000000000000000000000000000DA
:1006200000000000000000000000000000000000CA
:1006300000000000000000000000000000000000BA
:1006400000000000000000000000000000000000AA
:10065000000000000000000000000000000000009A
:10066000000000000000000000000000000000008A
:10067000000000000000000000000000000000007A
:10068000000000000000000000000000000000006A
:10069000000000000000000000000000000000005A
:1006A000000000000000000000000000000000004A
:1006B000000000000000000000000000000000003A
:1006C000000000000000000000000000000000002A
:1006D000000000000000000000000000000000001A
:1006E000000000000000000000000000000000000A
:1006F00000000000000000000000000000000000FA
:1007000000000000000000000000000000000000E9
:1007100000000000000000000000000000000000D9
:1007200000000000000000000000000000000000C9
:1007300000000000000000000000000000000000B9
:1007400000000000000000000000000000000000A9
:100750000000000000000000000000000000000099
:100760000000000000000000000000000000000089
:100770000000000000000000000000000000000079
:100780000000000000000000000000000000000069
:100790000000000000000000000000000000000059
:1007A0000000000000000000000000000000000049
:1007B0000000000000000000000000000000000039
:1007C0000000000000000000000000000000000029
:1007D0000000000000000000000000000000000019
:1007E0000000000000000000000000000000000009
:1007F00000000000000000000000000000000000F9
:1008000000000000000000000000000000000000E8
:1008100000000000000000000000000000000000D8
:1008200000000000000000000000000000000000C8
:1008300000000000000000000000000000000000B8
:1008400000000000000000000000000000000000A8
:100850000000000000000000000000000000000098
:100860000000000000000000000000000000000088
:10087000110282000062009F0103000000000000DE
:100880000000000000000000000000000000000068
:100890000000000000000000000000000000000058
:1008A0000000000000000000000000000000000048
:1008B0000000000000000000000000000000000038
:1008C0000000000000000000000000000000000028
:1008D0000000000000000000000000000000000018
:1008E0000000000000000000000000000000000008
:1008F00000000000000000000000000000000000F8
:1009000000000000000000000000000000000000E7
:1009100000000000000000000000000000000000D7
:1009200000000000000000000000000000000000C7
:1009300000000000000000000000000000000000B7
:1009400000000000000000000000000000000000A7
:100950000000000000000000000000000000000097
:100960000000000000000000000000000000000087
:100970000000000000000000000000000000000077
:100980000000000000000000000000000000000067
:100990000000000000000000000000000000000057
:1009A0000000000000000000000000000000000047
:1009B0000000000000000000000000000000000037
:1009C0000000000000000000000000000000000027
:1009D0000000000000000000000000000000000017
:1009E0000000000000000000000000000000000007
:1009F00000000000000000000000000000000000F7
:100A000000000000000000000000000000000000E6
:100A100000000000000000000000000000000000D6
:100A200000000000000000000000000000000000C6
:100A300000000000000000000000000000000000B6
:100A400000000000000000000000000000000000A6
:100A50000000000000000000000000000000000096
:100A60000000000000000000000000000000000086
:100A70000000000000000000000000000000000076
:100A80000000000000000000000000000000000066
:100A90000000000000000000000000000000000056
:100AA0000000000000000000000000000000000046
:100AB0000000000000000000000000000000000036
:100AC0000000000000000000000000000000000026
:100AD0000000000000000000000000000000000016
:100AE0000000000000000000000000000000000006
:100AF00000000000000000000000000000000000F6
:100B000000000000000000000000000000000000E5
:100B100000000000000000000000000000000000D5
:100B200000000000000000000000000000000000C5
:100B300000000000000000000000000000000000B5
:100B400000000000000000000000000000000000A5
:100B50000000000000000000000000000000000095
:100B60000000000000000000000000000000000085
:100B70000000000000000000000000000000000075
:100B80000000000000000000000000000000000065
:100B90000000000000000000000000000000000055
:100BA0000000000000000000000000000000000045
:100BB0000000000000000000000000000000000035
:100BC0000000000000000000000000000000000025
:100BD0000000000000000000000000000000000015
:100BE0000000000000000000000000000000000005
:100BF00000000000000000000000000000000000F5
:100C000000000000000000000000000000000000E4
:100C100000000000000000000000000000000000D4
:100C200000000000000000000000000000000000C4
:100C300000000000000000000000000000000000B4
:100C400000000000000000000000000000000000A4
:100C50000000000000000000000000000000000094
:100C60000000000000000000000000000000000084
:100C70000000000000000000000000000000000074
:100C80000000000000000000000000000000000064
:100C90000000000000000000000000000000000054
:100CA0000000000000000000000000000000000044
:100CB0000000000000000000000000000000000034
:100CC0000000000000000000000000000000000024
:100CD0000000000000000000000000000000000014
:100CE0000000000000000000000000000000000004
:100CF00000000000000000000000000000000000F4
:100D000000000000000000000000000000000000E3
:100D100000000000000000000000000000000000D3
:100D200000000000000000000000000000000000C3
:100D300000000000000000000000000000000000B3
:100D400000000000000000000000000000000000A3
:100D50000000000000000000000000000000000093
:100D60000000000000000000000000000000000083
:100D70000000000000000000000000000000000073
:100D80000000000000000000000000000000000063
:100D90000000000000000000000000000000000053
:100DA0000000000000000000000000000000000043
:100DB0000000000000000000000000000000000033
:100DC0000000000000000000000000000000000023
:100DD0000000000000000000000000000000000013
:100DE0000000000000000000000000000000000003
:100DF00000000000000000000000000000000000F3
:100E000000000000000000000000000000000000E2
:100E100000000000000000000000000000000000D2
:100E200000000000000000000000000000000000C2
:100E300000000000000000000000000000000000B2
:100E400000000000000000000000000000000000A2
:100E50000000000000000000000000000000000092
:100E60000000000000000000000000000000000082
:100E70000000000000000000000000000000000072
:100E80000000000000000000000000000000000062
:100E90000000000000000000000000000000000052
:100EA0000000000000000000000000000000000042
:100EB0000000000000000000000000000000000032
:100EC0000000000000000000000000000000000022
:100ED0000000000000000000000000000000000012
:100EE0000000000000000000000000000000000002
:100EF00000000000000000000000000000000000F2
:100F000000000000000000000000000000000000E1
:100F100000000000000000000000000000000000D1
:100F200000000000000000000000000000000000C1
:100F300000000000000000000000000000000000B1
:100F400000000000000000000000000000000000A1
:100F50000000000000000000000000000000000091
:100F60000000000000000000000000000000000081
:100F70000000000000000000000000000000000071
:100F80000000000000000000000000000000000061
:100F90000000000000000000000000000000000051
:100FA0000000000000000000000000000000000041
:100FB0000000000000000000000000000000000031
:100FC0000000000000000000000000000000000021
:100FD0000000000000000000000000000000000011
:100FE0000000000000000000000000000000000001
:100FF00000000000000000000000000000000000F1
:1010000000000000000000000000000000000000E0
:1010100000000000000000000000000000000000D0
:1010200000000000000000000000000000000000C0
:1010300000000000000000000000000000000000B0
:1010400000000000000000000000000000000000A0
:101050000000000000000000000000000000000090
:101060000000000000000000000000000000000080
:101070000000000000000000000000000000000070
:101080000000000000000000000000000000000060
:101090000000000000000000000000000000000050
:1010A0000000000000000000000000000000000040
:1010B0000000000000000000000000000000000030
:1010C0000000000000000000000000000000000020
:1010D0000000000000000000000000000000000010
:1010E0000000000000000000000000000000000000
:1010F00000000000000000000000000000000000F0
:1011000000000000000000000000000000000000DF
:1011100000000000000000000000000000000000CF
:1011200000000000000000000000000000000000BF
:1011300000000000000000000000000000000000AF
:10114000000000000000000000000000000000009F
:10115000000000000000000000000000000000008F
:10116000000000000000000000000000000000007F
:10117000000000000000000000000000000000006F
:10118000000000000000000000000000000000005F
:10119000000000000000000000000000000000004F
:1011A000000000000000000000000000000000003F
:1011B000000000000000000000000000000000002F
:1011C000000000000000000000000000000000001F
:1011D000000000000000000000000000000000000F
:1011E00000000000000000000000000000000000FF
:1011F00000000000000000000000000000000000EF
:1012000000000000000000000000000000000000DE
:1012100000000000000000000000000000000000CE
:1012200000000000000000000000000000000000BE
:1012300000000000000000000000000000000000AE
:10124000000000000000000000000000000000009E
:10125000000000000000000000000000000000008E
:10126000000000000000000000000000000000007E
:10127000000000000000000000000000820080620A
:10128000009F0103000000000000000000000000BB
:10129000000000000000000000000000000000004E
:1012A000000000000000000000000000000000003E
:1012B000000000000000000000000000000000002E
:1012C000000000000000000000000000000000001E
:1012D000000000000000000000000000000000000E
:1012E00000000000000000000000000000000000FE
:1012F00000000000000000000000000000000000EE
:1013000000000000000000000000000000000000DD
:1013100000000000000000000000000000000000CD
:1013200000000000000000000000000000000000BD
:1013300000000000000000000000000000000000AD
:10134000000000000000000000000000000000009D
:10135000000000000000000000000000000000008D
:10136000000000000000000000000000000000007D
:10137000000000000000000000000000000000006D
:10138000000000000000000000000000000000005D
:10139000000000000000000000000000000000004D
:1013A000000000000000000000000000000000003D
:1013B000000000000000000000000000000000002D
:1013C000000000000000000000000000000000001D
:1013D000000000000000000000000000000000000D
:1013E00000000000000000000000000000000000FD
:1013F00000000000000000000000000000000000ED
:1014000000000000000000000000000000000000DC
:1014100000000000000000000000000000000000CC
:1014200000000000000000000000000000000000BC
:1014300000000000000000000000000000000000AC
:10144000000000000000000000000000000000009C
:10145000000000000000000000000000000000008C
:10146000000000000000000000000000000000007C
:10147000000000000000000000000000000000006C
:10148000000000000000000000000000000000005C
:10149000000000000000000000000000000000004C
:1014A000000000000000000000000000000000003C
:1014B000000000000000000000000000000000002C
:1014C000000000000000000000000000000000001C
:1014D000000000000000000000000000000000000C
:1014E00000000000000000000000000000000000FC
:1014F00000000000000000000000000000000000EC
:1015000000000000000000000000000000000000DB
:1015100000000000000000000000000000000000CB
:1015200000000000000000000000000000000000BB
:1015300000000000000000000000000000000000AB
:10154000000000000000000000000000000000009B
:10155000000000000000000000000000000000008B
:10156000000000000000000000000000000000007B
:10157000000000000000000000000000000000006B
:10158000000000000000000000000000000000005B
:10159000000000000000000000000000000000004B
:1015A000000000000000000000000000000000003B
:1015B000000000000000000000000000000000002B
:1015C000000000000000000000000000000000001B
:1015D000000000000000000000000000000000000B
:1015E00000000000000000000000000000000000FB
:1015F00000000000000000000000000000000000EB
:1016000000000000000000000000000000000000DA
:1016100000000000000000000000000000000000CA
:1016200000000000000000000000000000000000BA
:1016300000000000000000000000000000000000AA
:10164000000000000000000000000000000000009A
:10165000000000000000000000000000000000008A
:10166000000000000000000000000000000000007A
:10167000000000000000000000000000000000006A
:10168000000000000000000000000000000000005A
:10169000000000000000000000000000000000004A
:1016A000000000000000000000000000000000003A
:1016B000000000000000000000000000000000002A
:1016C000000000000000000000000000000000001A
:1016D000000000000000000000000000000000000A
:1016E00000000000000000000000000000000000FA
:1016F00000000000000000000000000000000000EA
:1017000000000000000000000000000000000000D9
:1017100000000000000000000000000000000000C9
:1017200000000000000000000000000000000000B9
:1017300000000000000000000000000000000000A9
:101740000000000000000000000000000000000099
:101750000000000000000000000000000000000089
:101760000000000000000000000000000000000079
:101770000000000000000000000000000000000069
:101780000000000000000000000000000000000059
:101790000000000000000000000000000000000049
:1017A0000000000000000000000000000000000039
:1017B0000000000000000000000000000000000029
:1017C0000000000000000000000000000000000019
:1017D0000000000000000000000000000000000009
:1017E00000000000000000000000000000000000F9
:1017F00000000000000000000000000000000000E9
:1018000000000000000000000000000000000000D8
:1018100000000000000000000000000000000000C8
:1018200000000000000000000000000000000000B8
:1018300000000000000000000000000000000000A8
:101840000000000000000000000000000000000098
:101850000000000000000000000000000000000088
:101860000000000000000000000000000000000078
:101870000000000000000000000000000000000068
:101880000000000000000000000000000000000058
:101890000000000000000000000000000000000048
:1018A0000000000000000000000000000000000038
:1018B0000000000000000000000000000000000028
:1018C0000000000000000000000000000000000018
:1018D0000000000000000000000000000000000008
:1018E00000000000000000000000000000000000F8
:1018F00000000000000000000000000000000000E8
:1019000000000000000000000000000000000000D7
:1019100000000000000000000000000000000000C7
:1019200000000000000000000000000000000000B7
:1019300000000000000000000000000000000000A7
:101940000000000000000000000000000000000097
:101950000000000000000000000000000000000087
:101960000000000000000000000000000000000077
:101970000000000000000000000000000000000067
:101980000000000000000000000000000000000057
:101990000000000000000000000000000000000047
:1019A0000000000000000000000000000000000037
:1019B0000000000000000000000000000000000027
:1019C0000000000000000000000000000000000017
:1019D0000000000000000000000000000000000007
:1019E00000000000000000000000000000000000F7
:1019F00000000000000000000000000000000000E7
:101A000000000000000000000000000000000000D6
:101A100000000000000000000000000000000000C6
:101A200000000000000000000000000000000000B6
:101A300000000000000000000000000000000000A6
:101A40000000000000000000000000000000000096
:101A50000000000000000000000000000000000086
:101A60000000000000000000000000000000000076
:101A70000000000000000000000000000000000066
:101A80000000000000000000000000000000000056
:101A90000000000000000000000000000000000046
:101AA0000000000000000000000000000000000036
:101AB0000000000000000000000000000000000026
:101AC0000000000000000000000000000000000016
:101AD0000000000000000000000000000000000006
:101AE00000000000000000000000000000000000F6
:101AF00000000000000000000000000000000000E6
:101B000000000000000000000000000000000000D5
:101B100000000000000000000000000000000000C5
:101B200000000000000000000000000000000000B5
:101B300000000000000000000000000000000000A5
:101B40000000000000000000000000000000000095
:101B50000000000000000000000000000000000085
:101B60000000000000000000000000000000000075
:101B70000000000000000000000000000000000065
:101B80000000000000000000000000000000000055
:101B90000000000000000000000000000000000045
:101BA0000000000000000000000000000000000035
:101BB0000000000000000000000000000000000025
:101BC0000000000000000000000000000000000015
:101BD0000000000000000000000000000000000005
:101BE00000000000000000000000000000000000F5
:101BF00000000000000000000000000000000000E5
:101C000000000000000000000000000000000000D4
:101C100000000000000000000000000000000000C4
:101C200000000000000000000000000000000000B4
:101C300000000000000000000000000000000000A4
:101C40000000000000000000000000000000000094
:101C50000000000000000000000000000000000084
:101C60000000000000000000000000000000000074
:101C70000000000000000000000000000000000064
:101C8000000000000000110382000062004F010309
:101C90000000000000000000000000000000000044
:101CA0000000000000000000000000000000000034
:101CB0000000000000000000000000000000000024
:101CC0000000000000000000000000000000000014
:101CD0000000000000000000000000000000000004
:101CE00000000000000000000000000000000000F4
:101CF00000000000000000000000000000000000E4
:101D000000000000000000000000000000000000D3
:101D100000000000000000000000000000000000C3
:101D200000000000000000000000000000000000B3
:101D300000000000000000000000000000000000A3
:101D40000000000000000000000000000000000093
:101D50000000000000000000000000000000000083
:101D60000000000000000000000000000000000073
:101D70000000000000000000000000000000000063
:101D80000000000000000000000000000000000053
:101D90000000000000000000000000000000000043
:101DA0000000000000000000000000000000000033
:101DB0000000000000000000000000000000000023
:101DC0000000000000000000000000000000000013
:101DD0000000000000000000000000000000000003
:101DE00000000000000000000000000000000000F3
:101DF00000000000000000000000000000000000E3
:101E000000000000000000000000000000000000D2
:101E100000000000000000000000000000000000C2
:101E200000000000000000000000000000000000B2
:101E300000000000000000000000000000000000A2
:101E40000000000000000000000000000000000092
:101E50000000000000000000000000000000000082
:101E60000000000000000000000000000000000072
:101E70000000000000000000000000000000000062
:101E80000000000000000000000000000000000052
:101E90000000000000000000000000000000000042
:101EA0000000000000000000000000000000000032
:101EB0000000000000000000000000000000000022
:101EC0000000000000000000000000000000000012
:101ED0000000000000000000000000000000000002
:101EE00000000000000000000000000000000000F2
:101EF00000000000000000000000000000000000E2
:101F000000000000000000000000000000000000D1
:101F100000000000000000000000000000000000C1
:101F200000000000000000000000000000000000B1
:101F300000000000000000000000000000000000A1
:101F40000000000000000000000000000000000091
:101F50000000000000000000000000000000000081
:101F60000000000000000000000000000000000071
:101F70000000000000000000000000000000000061
:101F80000000000000000000000000000000000051
:101F90000000000000000000000000000000000041
:101FA0000000000000000000000000000000000031
:101FB0000000000000000000000000000000000021
:101FC0000000000000000000000000000000000011
:101FD0000000000000000000000000000000000001
:101FE00000000000000000000000000000000000F1
:101FF00000000000000000000000000000000000E1
:1020000000000000000000000000000000000000D0
:1020100000000000000000000000000000000000C0
:1020200000000000000000000000000000000000B0
:1020300000000000000000000000000000000000A0
:102040000000000000000000000000000000000090
:102050000000000000000000000000000000000080
:102060000000000000000000000000000000000070
:102070000000000000000000000000000000000060
:102080000000000000000000000000000000000050
:102090000000000000000000000000000000000040
:1020A0000000000000000000000000000000000030
:1020B0000000000000000000000000000000000020
:1020C0000000000000000000000000000000000010
:1020D0000000000000000000000000000000000000
:1020E00000000000000000000000000000000000F0
:1020F00000000000000000000000000000000000E0
:1021000000000000000000000000000000000000CF
:1021100000000000000000000000000000000000BF
:1021200000000000000000000000000000000000AF
:10213000000000000000000000000000000000009F
:10214000000000000000000000000000000000008F
:10215000000000000000000000000000000000007F
:10216000000000000000000000000000000000006F
:10217000000000000000000000000000000000005F
:10218000000000000000000000000000000000004F
:10219000000082008062004F010300000000000088
:1021A000000000000000000000000000000000002F
:1021B000000000000000000000000000000000001F
:1021C000000000000000000000000000000000000F
:1021D00000000000000000000000000000000000FF
:1021E00000000000000000000000000000000000EF
:1021F00000000000000000000000000000000000DF
:1022000000000000000000000000000000000000CE
:1022100000000000000000000000000000000000BE
:1022200000000000000000000000000000000000AE
:10223000000000000000000000000000000000009E
:10224000000000000000000000000000000000008E
:10225000000000000000000000000000000000007E
:10226000000000000000000000000000000000006E
:10227000000000000000000000000000000000005E
:10228000000000000000000000000000000000004E
:10229000000000000000000000000000000000003E
:1022A000000000000000000000000000000000002E
:1022B000000000000000000000000000000000001E
:1022C000000000000000000000000000000000000E
:1022D00000000000000000000000000000000000FE
:1022E00000000000000000000000000000000000EE
:1022F00000000000000000000000000000000000DE
:1023000000000000000000000000000000000000CD
:1023100000000000000000000000000000000000BD
:1023200000000000000000000000000000000000AD
:10233000000000000000000000000000000000009D
:10234000000000000000000000000000000000008D
:10235000000000000000000000000000000000007D
:10236000000000000000000000000000000000006D
:10237000000000000000000000000000000000005D
:10238000000000000000000000000000000000004D
:10239000000000000000000000000000000000003D
:1023A000000000000000000000000000000000002D
:1023B000000000000000000000000000000000001D
:1023C000000000000000000000000000000000000D
:1023D00000000000000000000000000000000000FD
:1023E00000000000000000000000000000000000ED
:1023F00000000000000000000000000000000000DD
:1024000000000000000000000000000000000000CC
:1024100000000000000000000000000000000000BC
:1024200000000000000000000000000000000000AC
:10243000000000000000000000000000000000009C
:10244000000000000000000000000000000000008C
:10245000000000000000000000000000000000007C
:10246000000000000000000000000000000000006C
:10247000000000000000000000000000000000005C
:10248000000000000000000000000000000000004C
:10249000000000000000000000000000000000003C
:1024A000000000000000000000000000000000002C
:1024B000000000000000000000000000000000001C
:1024C000000000000000000000000000000000000C
:1024D00000000000000000000000000000000000FC
:1024E00000000000000000000000000000000000EC
:1024F00000000000000000000000000000000000DC
:1025000000000000000000000000000000000000CB
:1025100000000000000000000000000000000000BB
:1025200000000000000000000000000000000000AB
:10253000000000000000000000000000000000009B
:10254000000000000000000000000000000000008B
:10255000000000000000000000000000000000007B
:10256000000000000000000000000000000000006B
:10257000000000000000000000000000000000005B
:10258000000000000000000000000000000000004B
:10259000000000000000000000000000000000003B
:1025A000000000000000000000000000000000002B
:1025B000000000000000000000000000000000001B
:1025C000000000000000000000000000000000000B
:1025D00000000000000000000000000000000000FB
:1025E00000000000000000000000000000000000EB
:1025F00000000000000000000000000000000000DB
:1026000000000000000000000000000000000000CA
:1026100000000000000000000000000000000000BA
:1026200000000000000000000000000000000000AA
:10263000000000000000000000000000000000009A
:10264000000000000000000000000000000000008A
:10265000000000000000000000000000000000007A
:10266000000000000000000000000000000000006A
:10267000000000000000000000000000000000005A
:10268000000000000000000000000000000000004A
:10269000000000000000000000000000228BEC01A0
:1026A0000600100000000000000000000000000014
:1026B000000000000000000000A101200000000058
:1026C0000000010000000000000000000000020007
:1026D00000000000000000000000030000000000F7
:1026E000000000000000FF000000000001B5486885
:1026F00001318E460047704609380149884701BDBF
:10270000E52000100C0000008CA40120C000000097
:1027100000000000000000000000000000000000B9
:1027200000000000FF0000000000000000000000AA
:082730000000000000000000A1
:10273800D3DEFFFFFE010000FF01000000DAFDFF0D
:04274800793512AB22
:040000051000014D99
:00000001FF
