
/Users/jesse/Desktop/Project/FPGA-Musical-Synth/USB-Synth/build/USB-Synth.elf:     file format elf32-littlearm

Sections:
Idx Name          Size      VMA       LMA       File off  Algn
  0 .text         00007644  10000000  10000000  00001000  2**3
                  CONTENTS, ALLOC, LOAD, READONLY, CODE
  1 .rodata       000010d8  10007648  10007648  00008648  2**3
                  CONTENTS, ALLOC, LOAD, READONLY, DATA
  2 .ARM.exidx    00000008  10008720  10008720  00009720  2**2
                  CONTENTS, ALLOC, LOAD, READONLY, DATA
  3 .binary_info  00000020  10008728  10008728  00009728  2**2
                  CONTENTS, ALLOC, LOAD, READONLY, DATA
  4 .ram_vector_table 00000110  20000000  20000000  00025000  2**2
                  ALLOC
  5 .uninitialized_data 00000000  20000110  20000110  0002474c  2**0
                  CONTENTS
  6 .data         00019ff0  20000110  10008748  0000a110  2**3
                  CONTENTS, ALLOC, LOAD, READONLY, CODE
  7 .tdata        00000000  2001a100  2001a100  0002474c  2**0
                  CONTENTS, ALLOC, LOAD, DATA, THREAD_LOCAL
  8 .tbss         00000000  2001a100  2001a100  00000000  2**0
                  ALLOC, THREAD_LOCAL
  9 .bss          000019c0  2001a100  10022738  00025100  2**3
                  ALLOC
 10 .heap         00000800  2001bac0  10022738  00024ac0  2**2
                  ALLOC, READONLY
 11 .scratch_x    00000000  20080000  20080000  0002474c  2**0
                  CONTENTS
 12 .scratch_y    00000000  20081000  20081000  0002474c  2**0
                  CONTENTS
 13 .stack1_dummy 00000800  20080000  20080000  00025000  2**2
                  ALLOC
 14 .stack_dummy  00000800  20081000  20081000  00025000  2**5
                  ALLOC, READONLY
 15 .flash_end    00000014  10022738  10022738  00024738  2**2
                  CONTENTS, ALLOC, LOAD, READONLY, DATA
 16 .ARM.attributes 00000034  00000000  00000000  0002474c  2**0
                  CONTENTS, READONLY
 17 .comment      00000045  00000000  00000000  00024780  2**0
                  CONTENTS, READONLY
 18 .debug_info   0003d865  00000000  00000000  000247c5  2**0
                  CONTENTS, READONLY, DEBUGGING, OCTETS
 19 .debug_abbrev 0000a63a  00000000  00000000  0006202a  2**0
                  CONTENTS, READONLY, DEBUGGING, OCTETS
 20 .debug_loclists 0001570a  00000000  00000000  0006c664  2**0
                  CONTENTS, READONLY, DEBUGGING, OCTETS
 21 .debug_aranges 000018f8  00000000  00000000  00081d70  2**3
                  CONTENTS, READONLY, DEBUGGING, OCTETS
 22 .debug_rnglists 00001d28  00000000  00000000  00083668  2**0
                  CONTENTS, READONLY, DEBUGGING, OCTETS
 23 .debug_line   00020649  00000000  00000000  00085390  2**0
                  CONTENTS, READONLY, DEBUGGING, OCTETS
 24 .debug_str    0000b886  00000000  00000000  000a59d9  2**0
                  CONTENTS, READONLY, DEBUGGING, OCTETS
 25 .debug_frame  000040e4  00000000  00000000  000b1260  2**2
                  CONTENTS, READONLY, DEBUGGING, OCTETS
 26 .debug_line_str 000002ac  00000000  00000000  000b5344  2**0
                  CONTENTS, READONLY, DEBUGGING, OCTETS

/Users/jesse/Desktop/Project/FPGA-Musical-Synth/USB-Synth/build/USB-Synth.elf:     file format elf32-littlearm


Disassembly of section .text:

10000000 <__VECTOR_TABLE>:
10000000:	20082000 	.word	0x20082000
10000004:	1000015d 	.word	0x1000015d
10000008:	1000011b 	.word	0x1000011b
1000000c:	1000011d 	.word	0x1000011d
10000010:	10000111 	.word	0x10000111
10000014:	10000111 	.word	0x10000111
10000018:	10000111 	.word	0x10000111
1000001c:	10000111 	.word	0x10000111
10000020:	10000119 	.word	0x10000119
10000024:	10000119 	.word	0x10000119
10000028:	10000119 	.word	0x10000119
1000002c:	1000011f 	.word	0x1000011f
10000030:	10000111 	.word	0x10000111
10000034:	10000119 	.word	0x10000119
10000038:	10000121 	.word	0x10000121
1000003c:	10000123 	.word	0x10000123
10000040:	10000111 	.word	0x10000111
10000044:	10000111 	.word	0x10000111
10000048:	10000111 	.word	0x10000111
1000004c:	10000111 	.word	0x10000111
10000050:	10000111 	.word	0x10000111
10000054:	10000111 	.word	0x10000111
10000058:	10000111 	.word	0x10000111
1000005c:	10000111 	.word	0x10000111
10000060:	10000111 	.word	0x10000111
10000064:	10000111 	.word	0x10000111
10000068:	10000111 	.word	0x10000111
1000006c:	10000111 	.word	0x10000111
10000070:	10000111 	.word	0x10000111
10000074:	10000111 	.word	0x10000111
10000078:	10000111 	.word	0x10000111
1000007c:	10000111 	.word	0x10000111
10000080:	10000111 	.word	0x10000111
10000084:	10000111 	.word	0x10000111
10000088:	10000111 	.word	0x10000111
1000008c:	10000111 	.word	0x10000111
10000090:	10000111 	.word	0x10000111
10000094:	10000111 	.word	0x10000111
10000098:	10000111 	.word	0x10000111
1000009c:	10000111 	.word	0x10000111
100000a0:	10000111 	.word	0x10000111
100000a4:	10000111 	.word	0x10000111
100000a8:	10000111 	.word	0x10000111
100000ac:	10000111 	.word	0x10000111
100000b0:	10000111 	.word	0x10000111
100000b4:	10000111 	.word	0x10000111
100000b8:	10000111 	.word	0x10000111
100000bc:	10000111 	.word	0x10000111
100000c0:	10000111 	.word	0x10000111
100000c4:	10000111 	.word	0x10000111
100000c8:	10000111 	.word	0x10000111
100000cc:	10000111 	.word	0x10000111
100000d0:	10000111 	.word	0x10000111
100000d4:	10000111 	.word	0x10000111
100000d8:	10000111 	.word	0x10000111
100000dc:	10000111 	.word	0x10000111
100000e0:	10000111 	.word	0x10000111
100000e4:	10000111 	.word	0x10000111
100000e8:	10000111 	.word	0x10000111
100000ec:	10000111 	.word	0x10000111
100000f0:	10000111 	.word	0x10000111
100000f4:	10000111 	.word	0x10000111
100000f8:	10000111 	.word	0x10000111
100000fc:	10000111 	.word	0x10000111
10000100:	10000111 	.word	0x10000111
10000104:	10000111 	.word	0x10000111
10000108:	10000111 	.word	0x10000111
1000010c:	10000111 	.word	0x10000111

10000110 <__unhandled_user_irq>:
10000110:	f3ef 8005 	mrs	r0, IPSR
10000114:	3810      	subs	r0, #16

10000116 <unhandled_user_irq_num_in_r0>:
10000116:	be00      	bkpt	0x0000

10000118 <isr_invalid>:
10000118:	be00      	bkpt	0x0000

1000011a <isr_nmi>:
1000011a:	be00      	bkpt	0x0000

1000011c <isr_hardfault>:
1000011c:	be00      	bkpt	0x0000

1000011e <isr_svcall>:
1000011e:	be00      	bkpt	0x0000

10000120 <isr_pendsv>:
10000120:	be00      	bkpt	0x0000

10000122 <isr_systick>:
10000122:	be00      	bkpt	0x0000

10000124 <__default_isrs_end>:
10000124:	7188ebf2 	.word	0x7188ebf2
10000128:	10008728 	.word	0x10008728
1000012c:	10008748 	.word	0x10008748
10000130:	100001a0 	.word	0x100001a0
10000134:	e71aa390 	.word	0xe71aa390

10000138 <__binary_info_header_end>:
10000138:	ffffded3 	.word	0xffffded3
1000013c:	10210142 	.word	0x10210142
10000140:	000001ff 	.word	0x000001ff
10000144:	00022600 	.word	0x00022600
10000148:	ab123579 	.word	0xab123579

1000014c <_entry_point>:
1000014c:	f04f 0000 	mov.w	r0, #0

10000150 <_enter_vtable_in_r0>:
10000150:	491e      	ldr	r1, [pc, #120]	@ (100001cc <data_cpy_table+0x2c>)
10000152:	6008      	str	r0, [r1, #0]
10000154:	c806      	ldmia	r0!, {r1, r2}
10000156:	f381 8808 	msr	MSP, r1
1000015a:	4710      	bx	r2

1000015c <_reset_handler>:
1000015c:	f04f 4050 	mov.w	r0, #3489660928	@ 0xd0000000
10000160:	6800      	ldr	r0, [r0, #0]
10000162:	b110      	cbz	r0, 1000016a <hold_non_core0_in_bootrom+0x6>

10000164 <hold_non_core0_in_bootrom>:
10000164:	f04f 0000 	mov.w	r0, #0
10000168:	e7f2      	b.n	10000150 <_enter_vtable_in_r0>
1000016a:	a40d      	add	r4, pc, #52	@ (adr r4, 100001a0 <data_cpy_table>)
1000016c:	cc0e      	ldmia	r4!, {r1, r2, r3}
1000016e:	2900      	cmp	r1, #0
10000170:	d002      	beq.n	10000178 <hold_non_core0_in_bootrom+0x14>
10000172:	f000 f812 	bl	1000019a <data_cpy>
10000176:	e7f9      	b.n	1000016c <hold_non_core0_in_bootrom+0x8>
10000178:	4915      	ldr	r1, [pc, #84]	@ (100001d0 <data_cpy_table+0x30>)
1000017a:	4a16      	ldr	r2, [pc, #88]	@ (100001d4 <data_cpy_table+0x34>)
1000017c:	2000      	movs	r0, #0
1000017e:	e000      	b.n	10000182 <bss_fill_test>

10000180 <bss_fill_loop>:
10000180:	c101      	stmia	r1!, {r0}

10000182 <bss_fill_test>:
10000182:	4291      	cmp	r1, r2
10000184:	d1fc      	bne.n	10000180 <bss_fill_loop>

10000186 <platform_entry>:
10000186:	4914      	ldr	r1, [pc, #80]	@ (100001d8 <data_cpy_table+0x38>)
10000188:	4788      	blx	r1
1000018a:	4914      	ldr	r1, [pc, #80]	@ (100001dc <data_cpy_table+0x3c>)
1000018c:	4788      	blx	r1
1000018e:	4914      	ldr	r1, [pc, #80]	@ (100001e0 <data_cpy_table+0x40>)
10000190:	4788      	blx	r1
10000192:	be00      	bkpt	0x0000
10000194:	e7fd      	b.n	10000192 <platform_entry+0xc>

10000196 <data_cpy_loop>:
10000196:	c901      	ldmia	r1!, {r0}
10000198:	c201      	stmia	r2!, {r0}

1000019a <data_cpy>:
1000019a:	429a      	cmp	r2, r3
1000019c:	d3fb      	bcc.n	10000196 <data_cpy_loop>
1000019e:	4770      	bx	lr

100001a0 <data_cpy_table>:
100001a0:	10008748 	.word	0x10008748
100001a4:	20000110 	.word	0x20000110
100001a8:	2001a100 	.word	0x2001a100
100001ac:	10022738 	.word	0x10022738
100001b0:	20080000 	.word	0x20080000
100001b4:	20080000 	.word	0x20080000
100001b8:	10022738 	.word	0x10022738
100001bc:	20081000 	.word	0x20081000
100001c0:	20081000 	.word	0x20081000
100001c4:	00000000 	.word	0x00000000
100001c8:	4770      	bx	lr
100001ca:	0000      	.short	0x0000
100001cc:	e000ed08 	.word	0xe000ed08
100001d0:	2001a100 	.word	0x2001a100
100001d4:	2001bac0 	.word	0x2001bac0
100001d8:	10004435 	.word	0x10004435
100001dc:	10000245 	.word	0x10000245
100001e0:	100043f5 	.word	0x100043f5

100001e4 <_init>:
100001e4:	b5f8      	push	{r3, r4, r5, r6, r7, lr}
100001e6:	bf00      	nop

100001e8 <register_tm_clones>:
100001e8:	4b06      	ldr	r3, [pc, #24]	@ (10000204 <register_tm_clones+0x1c>)
100001ea:	4907      	ldr	r1, [pc, #28]	@ (10000208 <register_tm_clones+0x20>)
100001ec:	1ac9      	subs	r1, r1, r3
100001ee:	1089      	asrs	r1, r1, #2
100001f0:	bf48      	it	mi
100001f2:	3101      	addmi	r1, #1
100001f4:	1049      	asrs	r1, r1, #1
100001f6:	d003      	beq.n	10000200 <register_tm_clones+0x18>
100001f8:	4b04      	ldr	r3, [pc, #16]	@ (1000020c <register_tm_clones+0x24>)
100001fa:	b10b      	cbz	r3, 10000200 <register_tm_clones+0x18>
100001fc:	4801      	ldr	r0, [pc, #4]	@ (10000204 <register_tm_clones+0x1c>)
100001fe:	4718      	bx	r3
10000200:	4770      	bx	lr
10000202:	bf00      	nop
10000204:	2001a100 	.word	0x2001a100
10000208:	2001a100 	.word	0x2001a100
1000020c:	00000000 	.word	0x00000000

10000210 <frame_dummy>:
10000210:	b508      	push	{r3, lr}
10000212:	4b05      	ldr	r3, [pc, #20]	@ (10000228 <frame_dummy+0x18>)
10000214:	b11b      	cbz	r3, 1000021e <frame_dummy+0xe>
10000216:	4905      	ldr	r1, [pc, #20]	@ (1000022c <frame_dummy+0x1c>)
10000218:	4805      	ldr	r0, [pc, #20]	@ (10000230 <frame_dummy+0x20>)
1000021a:	f3af 8000 	nop.w
1000021e:	e8bd 4008 	ldmia.w	sp!, {r3, lr}
10000222:	f7ff bfe1 	b.w	100001e8 <register_tm_clones>
10000226:	bf00      	nop
10000228:	00000000 	.word	0x00000000
1000022c:	2001ba5c 	.word	0x2001ba5c
10000230:	10007644 	.word	0x10007644

10000234 <_Z41__static_initialization_and_destruction_0v>:
10000234:	b508      	push	{r3, lr}
10000236:	4802      	ldr	r0, [pc, #8]	@ (10000240 <_Z41__static_initialization_and_destruction_0v+0xc>)
10000238:	f000 f976 	bl	10000528 <_ZN6dI2SrxC1Ev>
1000023c:	bd08      	pop	{r3, pc}
1000023e:	bf00      	nop
10000240:	2001b1b4 	.word	0x2001b1b4

10000244 <main>:
10000244:	b500      	push	{lr}
10000246:	b083      	sub	sp, #12
10000248:	f004 f9f0 	bl	1000462c <stdio_init_all>
1000024c:	f007 f89e 	bl	1000738c <board_init>
10000250:	4919      	ldr	r1, [pc, #100]	@ (100002b8 <main+0x74>)
10000252:	481a      	ldr	r0, [pc, #104]	@ (100002bc <main+0x78>)
10000254:	f000 f96c 	bl	10000530 <_ZN6dI2Srx4InitEP8pio_hw_t>
10000258:	2100      	movs	r1, #0
1000025a:	4608      	mov	r0, r1
1000025c:	f006 fe08 	bl	10006e70 <tusb_rhport_init>
10000260:	f000 fc3d 	bl	10000ade <ice_led_init>
10000264:	4c16      	ldr	r4, [pc, #88]	@ (100002c0 <main+0x7c>)
10000266:	2330      	movs	r3, #48	@ 0x30
10000268:	9300      	str	r3, [sp, #0]
1000026a:	e894 000f 	ldmia.w	r4, {r0, r1, r2, r3}
1000026e:	f000 fc09 	bl	10000a84 <ice_fpga_init>
10000272:	e894 000f 	ldmia.w	r4, {r0, r1, r2, r3}
10000276:	f000 fc4f 	bl	10000b18 <ice_cram_open>
1000027a:	4912      	ldr	r1, [pc, #72]	@ (100002c4 <main+0x80>)
1000027c:	4812      	ldr	r0, [pc, #72]	@ (100002c8 <main+0x84>)
1000027e:	f000 fcab 	bl	10000bd8 <ice_cram_write>
10000282:	f000 fcad 	bl	10000be0 <ice_cram_close>
10000286:	201e      	movs	r0, #30
10000288:	f002 f83a 	bl	10002300 <gpio_init>
1000028c:	241e      	movs	r4, #30
1000028e:	f04f 0501 	mov.w	r5, #1
10000292:	ec45 4044 	gpioc_bit_oe_put r4, r5
10000296:	f04f 0300 	mov.w	r3, #0
1000029a:	ec43 4040 	gpioc_bit_out_put r4, r3
1000029e:	2032      	movs	r0, #50	@ 0x32
100002a0:	f001 fc38 	bl	10001b14 <sleep_ms>
100002a4:	ec45 4040 	gpioc_bit_out_put r4, r5
100002a8:	f000 fb20 	bl	100008ec <_Z10audio_taskv>
100002ac:	2100      	movs	r1, #0
100002ae:	f04f 30ff 	mov.w	r0, #4294967295	@ 0xffffffff
100002b2:	f005 fe09 	bl	10005ec8 <tud_task_ext>
100002b6:	e7f7      	b.n	100002a8 <main+0x64>
100002b8:	50200000 	.word	0x50200000
100002bc:	2001b1b4 	.word	0x2001b1b4
100002c0:	10008238 	.word	0x10008238
100002c4:	0001969a 	.word	0x0001969a
100002c8:	200009d0 	.word	0x200009d0

100002cc <_GLOBAL__sub_I_g_I2Srx>:
100002cc:	b508      	push	{r3, lr}
100002ce:	f7ff ffb1 	bl	10000234 <_Z41__static_initialization_and_destruction_0v>
100002d2:	bd08      	pop	{r3, pc}

100002d4 <sm_config_set_in_pin_base>:
100002d4:	68c3      	ldr	r3, [r0, #12]
100002d6:	f423 2378 	bic.w	r3, r3, #1015808	@ 0xf8000
100002da:	03ca      	lsls	r2, r1, #15
100002dc:	f402 2278 	and.w	r2, r2, #1015808	@ 0xf8000
100002e0:	4313      	orrs	r3, r2
100002e2:	60c3      	str	r3, [r0, #12]
100002e4:	6903      	ldr	r3, [r0, #16]
100002e6:	f423 2378 	bic.w	r3, r3, #1015808	@ 0xf8000
100002ea:	0909      	lsrs	r1, r1, #4
100002ec:	ea43 33c1 	orr.w	r3, r3, r1, lsl #15
100002f0:	6103      	str	r3, [r0, #16]
100002f2:	4770      	bx	lr

100002f4 <channel_config_set_dreq>:
100002f4:	b508      	push	{r3, lr}
100002f6:	293f      	cmp	r1, #63	@ 0x3f
100002f8:	d806      	bhi.n	10000308 <channel_config_set_dreq+0x14>
100002fa:	6803      	ldr	r3, [r0, #0]
100002fc:	f423 03fc 	bic.w	r3, r3, #8257536	@ 0x7e0000
10000300:	ea43 4141 	orr.w	r1, r3, r1, lsl #17
10000304:	6001      	str	r1, [r0, #0]
10000306:	bd08      	pop	{r3, pc}
10000308:	4b03      	ldr	r3, [pc, #12]	@ (10000318 <channel_config_set_dreq+0x24>)
1000030a:	4a04      	ldr	r2, [pc, #16]	@ (1000031c <channel_config_set_dreq+0x28>)
1000030c:	f240 111b 	movw	r1, #283	@ 0x11b
10000310:	4803      	ldr	r0, [pc, #12]	@ (10000320 <channel_config_set_dreq+0x2c>)
10000312:	f004 f873 	bl	100043fc <__assert_func>
10000316:	bf00      	nop
10000318:	10007648 	.word	0x10007648
1000031c:	1000765c 	.word	0x1000765c
10000320:	10007698 	.word	0x10007698

10000324 <channel_config_set_chain_to>:
10000324:	b508      	push	{r3, lr}
10000326:	2910      	cmp	r1, #16
10000328:	d806      	bhi.n	10000338 <channel_config_set_chain_to+0x14>
1000032a:	6803      	ldr	r3, [r0, #0]
1000032c:	f423 33f0 	bic.w	r3, r3, #122880	@ 0x1e000
10000330:	ea43 3141 	orr.w	r1, r3, r1, lsl #13
10000334:	6001      	str	r1, [r0, #0]
10000336:	bd08      	pop	{r3, pc}
10000338:	4b03      	ldr	r3, [pc, #12]	@ (10000348 <channel_config_set_chain_to+0x24>)
1000033a:	4a04      	ldr	r2, [pc, #16]	@ (1000034c <channel_config_set_chain_to+0x28>)
1000033c:	f240 1129 	movw	r1, #297	@ 0x129
10000340:	4803      	ldr	r0, [pc, #12]	@ (10000350 <channel_config_set_chain_to+0x2c>)
10000342:	f004 f85b 	bl	100043fc <__assert_func>
10000346:	bf00      	nop
10000348:	100076f0 	.word	0x100076f0
1000034c:	10007710 	.word	0x10007710
10000350:	10007698 	.word	0x10007698

10000354 <dma_channel_get_default_config>:
10000354:	b500      	push	{lr}
10000356:	b083      	sub	sp, #12
10000358:	4601      	mov	r1, r0
1000035a:	2300      	movs	r3, #0
1000035c:	9301      	str	r3, [sp, #4]
1000035e:	2310      	movs	r3, #16
10000360:	9301      	str	r3, [sp, #4]
10000362:	f503 03fc 	add.w	r3, r3, #8257536	@ 0x7e0000
10000366:	9301      	str	r3, [sp, #4]
10000368:	a801      	add	r0, sp, #4
1000036a:	f7ff ffdb 	bl	10000324 <channel_config_set_chain_to>
1000036e:	9b01      	ldr	r3, [sp, #4]
10000370:	f023 020c 	bic.w	r2, r3, #12
10000374:	f042 0208 	orr.w	r2, r2, #8
10000378:	9201      	str	r2, [sp, #4]
1000037a:	f423 52f8 	bic.w	r2, r3, #7936	@ 0x1f00
1000037e:	f022 020c 	bic.w	r2, r2, #12
10000382:	f042 0208 	orr.w	r2, r2, #8
10000386:	9201      	str	r2, [sp, #4]
10000388:	4a0c      	ldr	r2, [pc, #48]	@ (100003bc <dma_channel_get_default_config+0x68>)
1000038a:	401a      	ands	r2, r3
1000038c:	f042 0208 	orr.w	r2, r2, #8
10000390:	9201      	str	r2, [sp, #4]
10000392:	4a0b      	ldr	r2, [pc, #44]	@ (100003c0 <dma_channel_get_default_config+0x6c>)
10000394:	401a      	ands	r2, r3
10000396:	f042 0108 	orr.w	r1, r2, #8
1000039a:	9101      	str	r1, [sp, #4]
1000039c:	f042 0209 	orr.w	r2, r2, #9
100003a0:	9201      	str	r2, [sp, #4]
100003a2:	4a08      	ldr	r2, [pc, #32]	@ (100003c4 <dma_channel_get_default_config+0x70>)
100003a4:	401a      	ands	r2, r3
100003a6:	f042 0209 	orr.w	r2, r2, #9
100003aa:	9201      	str	r2, [sp, #4]
100003ac:	4806      	ldr	r0, [pc, #24]	@ (100003c8 <dma_channel_get_default_config+0x74>)
100003ae:	4018      	ands	r0, r3
100003b0:	f040 0009 	orr.w	r0, r0, #9
100003b4:	9001      	str	r0, [sp, #4]
100003b6:	b003      	add	sp, #12
100003b8:	bd00      	pop	{pc}
100003ba:	bf00      	nop
100003bc:	feffe0f3 	.word	0xfeffe0f3
100003c0:	fe7fe0f3 	.word	0xfe7fe0f3
100003c4:	fc7fe0f3 	.word	0xfc7fe0f3
100003c8:	fc7fe0f1 	.word	0xfc7fe0f1

100003cc <_ZL25i2s_receiver_program_initP8pio_hw_thhhhh>:
100003cc:	e92d 4ff0 	stmdb	sp!, {r4, r5, r6, r7, r8, r9, sl, fp, lr}
100003d0:	b087      	sub	sp, #28
100003d2:	4606      	mov	r6, r0
100003d4:	468b      	mov	fp, r1
100003d6:	4690      	mov	r8, r2
100003d8:	461d      	mov	r5, r3
100003da:	f89d 7040 	ldrb.w	r7, [sp, #64]	@ 0x40
100003de:	f89d 9044 	ldrb.w	r9, [sp, #68]	@ 0x44
100003e2:	f100 442f 	add.w	r4, r0, #2936012800	@ 0xaf000000
100003e6:	f504 0460 	add.w	r4, r4, #14680064	@ 0xe00000
100003ea:	f3c4 5407 	ubfx	r4, r4, #20, #8
100003ee:	3406      	adds	r4, #6
100003f0:	b2e4      	uxtb	r4, r4
100003f2:	4621      	mov	r1, r4
100003f4:	4618      	mov	r0, r3
100003f6:	f001 ff4f 	bl	10002298 <gpio_set_function>
100003fa:	4621      	mov	r1, r4
100003fc:	4638      	mov	r0, r7
100003fe:	f001 ff4b 	bl	10002298 <gpio_set_function>
10000402:	4621      	mov	r1, r4
10000404:	4648      	mov	r0, r9
10000406:	f001 ff47 	bl	10002298 <gpio_set_function>
1000040a:	2200      	movs	r2, #0
1000040c:	4611      	mov	r1, r2
1000040e:	4628      	mov	r0, r5
10000410:	f001 ff5e 	bl	100022d0 <gpio_set_pulls>
10000414:	2200      	movs	r2, #0
10000416:	4611      	mov	r1, r2
10000418:	4638      	mov	r0, r7
1000041a:	f001 ff59 	bl	100022d0 <gpio_set_pulls>
1000041e:	2200      	movs	r2, #0
10000420:	4611      	mov	r1, r2
10000422:	4648      	mov	r0, r9
10000424:	f001 ff54 	bl	100022d0 <gpio_set_pulls>
10000428:	f10d 0a04 	add.w	sl, sp, #4
1000042c:	2400      	movs	r4, #0
1000042e:	9401      	str	r4, [sp, #4]
10000430:	9402      	str	r4, [sp, #8]
10000432:	9403      	str	r4, [sp, #12]
10000434:	9404      	str	r4, [sp, #16]
10000436:	9405      	str	r4, [sp, #20]
10000438:	f04f 33ff 	mov.w	r3, #4294967295	@ 0xffffffff
1000043c:	9305      	str	r3, [sp, #20]
1000043e:	f44f 3380 	mov.w	r3, #65536	@ 0x10000
10000442:	9301      	str	r3, [sp, #4]
10000444:	f44f 33f8 	mov.w	r3, #126976	@ 0x1f000
10000448:	9302      	str	r3, [sp, #8]
1000044a:	f44f 2380 	mov.w	r3, #262144	@ 0x40000
1000044e:	9303      	str	r3, [sp, #12]
10000450:	f44f 2340 	mov.w	r3, #786432	@ 0xc0000
10000454:	9303      	str	r3, [sp, #12]
10000456:	f108 0204 	add.w	r2, r8, #4
1000045a:	f108 030f 	add.w	r3, r8, #15
1000045e:	031b      	lsls	r3, r3, #12
10000460:	ea43 13c2 	orr.w	r3, r3, r2, lsl #7
10000464:	9302      	str	r3, [sp, #8]
10000466:	4629      	mov	r1, r5
10000468:	4650      	mov	r0, sl
1000046a:	f7ff ff33 	bl	100002d4 <sm_config_set_in_pin_base>
1000046e:	9a03      	ldr	r2, [sp, #12]
10000470:	f022 73fa 	bic.w	r3, r2, #32768000	@ 0x1f40000
10000474:	f423 3380 	bic.w	r3, r3, #65536	@ 0x10000
10000478:	9303      	str	r3, [sp, #12]
1000047a:	4b0e      	ldr	r3, [pc, #56]	@ (100004b4 <_ZL25i2s_receiver_program_initP8pio_hw_thhhhh+0xe8>)
1000047c:	4013      	ands	r3, r2
1000047e:	f043 4300 	orr.w	r3, r3, #2147483648	@ 0x80000000
10000482:	9303      	str	r3, [sp, #12]
10000484:	4653      	mov	r3, sl
10000486:	4642      	mov	r2, r8
10000488:	4659      	mov	r1, fp
1000048a:	4630      	mov	r0, r6
1000048c:	f002 f99f 	bl	100027ce <pio_sm_init>
10000490:	2301      	movs	r3, #1
10000492:	fa03 f505 	lsl.w	r5, r3, r5
10000496:	fa03 f707 	lsl.w	r7, r3, r7
1000049a:	433d      	orrs	r5, r7
1000049c:	fa03 f309 	lsl.w	r3, r3, r9
100004a0:	432b      	orrs	r3, r5
100004a2:	4622      	mov	r2, r4
100004a4:	4659      	mov	r1, fp
100004a6:	4630      	mov	r0, r6
100004a8:	f002 f934 	bl	10002714 <pio_sm_set_pindirs_with_mask>
100004ac:	b007      	add	sp, #28
100004ae:	e8bd 8ff0 	ldmia.w	sp!, {r4, r5, r6, r7, r8, r9, sl, fp, pc}
100004b2:	bf00      	nop
100004b4:	3e0a3fff 	.word	0x3e0a3fff

100004b8 <_ZN6dI2Srx11core1_entryEv>:
100004b8:	b538      	push	{r3, r4, r5, lr}
100004ba:	e002      	b.n	100004c2 <_ZN6dI2Srx11core1_entryEv+0xa>
100004bc:	f04f 4350 	mov.w	r3, #3489660928	@ 0xd0000000
100004c0:	6d9b      	ldr	r3, [r3, #88]	@ 0x58
100004c2:	f04f 4350 	mov.w	r3, #3489660928	@ 0xd0000000
100004c6:	6d1b      	ldr	r3, [r3, #80]	@ 0x50
100004c8:	f013 0f01 	tst.w	r3, #1
100004cc:	d1f6      	bne.n	100004bc <_ZN6dI2Srx11core1_entryEv+0x4>
100004ce:	4d13      	ldr	r5, [pc, #76]	@ (1000051c <_ZN6dI2Srx11core1_entryEv+0x64>)
100004d0:	f8d5 330c 	ldr.w	r3, [r5, #780]	@ 0x30c
100004d4:	2401      	movs	r4, #1
100004d6:	fa04 f303 	lsl.w	r3, r4, r3
100004da:	4a11      	ldr	r2, [pc, #68]	@ (10000520 <_ZN6dI2Srx11core1_entryEv+0x68>)
100004dc:	f8c2 3404 	str.w	r3, [r2, #1028]	@ 0x404
100004e0:	f8d5 3310 	ldr.w	r3, [r5, #784]	@ 0x310
100004e4:	fa04 f303 	lsl.w	r3, r4, r3
100004e8:	f8c2 3404 	str.w	r3, [r2, #1028]	@ 0x404
100004ec:	490d      	ldr	r1, [pc, #52]	@ (10000524 <_ZN6dI2Srx11core1_entryEv+0x6c>)
100004ee:	200a      	movs	r0, #10
100004f0:	f001 fcae 	bl	10001e50 <irq_set_exclusive_handler>
100004f4:	4621      	mov	r1, r4
100004f6:	200a      	movs	r0, #10
100004f8:	f001 fc98 	bl	10001e2c <irq_set_enabled>
100004fc:	f8d5 330c 	ldr.w	r3, [r5, #780]	@ 0x30c
10000500:	fa04 f303 	lsl.w	r3, r4, r3
10000504:	f04f 42a0 	mov.w	r2, #1342177280	@ 0x50000000
10000508:	f8c2 3450 	str.w	r3, [r2, #1104]	@ 0x450
1000050c:	686a      	ldr	r2, [r5, #4]
1000050e:	68a9      	ldr	r1, [r5, #8]
10000510:	6813      	ldr	r3, [r2, #0]
10000512:	408c      	lsls	r4, r1
10000514:	4323      	orrs	r3, r4
10000516:	6013      	str	r3, [r2, #0]
10000518:	bd38      	pop	{r3, r4, r5, pc}
1000051a:	bf00      	nop
1000051c:	2001b1b4 	.word	0x2001b1b4
10000520:	50002000 	.word	0x50002000
10000524:	10000679 	.word	0x10000679

10000528 <_ZN6dI2SrxC1Ev>:
10000528:	2200      	movs	r2, #0
1000052a:	7002      	strb	r2, [r0, #0]
1000052c:	7042      	strb	r2, [r0, #1]
1000052e:	4770      	bx	lr

10000530 <_ZN6dI2Srx4InitEP8pio_hw_t>:
10000530:	b530      	push	{r4, r5, lr}
10000532:	b08b      	sub	sp, #44	@ 0x2c
10000534:	4604      	mov	r4, r0
10000536:	9105      	str	r1, [sp, #20]
10000538:	2001      	movs	r0, #1
1000053a:	f002 fc07 	bl	10002d4c <dma_claim_unused_channel>
1000053e:	f8c4 030c 	str.w	r0, [r4, #780]	@ 0x30c
10000542:	2001      	movs	r0, #1
10000544:	f002 fc02 	bl	10002d4c <dma_claim_unused_channel>
10000548:	f8c4 0310 	str.w	r0, [r4, #784]	@ 0x310
1000054c:	f8d4 030c 	ldr.w	r0, [r4, #780]	@ 0x30c
10000550:	f7ff ff00 	bl	10000354 <dma_channel_get_default_config>
10000554:	9009      	str	r0, [sp, #36]	@ 0x24
10000556:	f8d4 0310 	ldr.w	r0, [r4, #784]	@ 0x310
1000055a:	f7ff fefb 	bl	10000354 <dma_channel_get_default_config>
1000055e:	9008      	str	r0, [sp, #32]
10000560:	9b09      	ldr	r3, [sp, #36]	@ 0x24
10000562:	f023 020c 	bic.w	r2, r3, #12
10000566:	f042 0208 	orr.w	r2, r2, #8
1000056a:	9209      	str	r2, [sp, #36]	@ 0x24
1000056c:	f020 020c 	bic.w	r2, r0, #12
10000570:	f042 0208 	orr.w	r2, r2, #8
10000574:	9208      	str	r2, [sp, #32]
10000576:	f023 023c 	bic.w	r2, r3, #60	@ 0x3c
1000057a:	f042 0208 	orr.w	r2, r2, #8
1000057e:	9209      	str	r2, [sp, #36]	@ 0x24
10000580:	f020 023c 	bic.w	r2, r0, #60	@ 0x3c
10000584:	f042 0208 	orr.w	r2, r2, #8
10000588:	9208      	str	r2, [sp, #32]
1000058a:	f023 03fc 	bic.w	r3, r3, #252	@ 0xfc
1000058e:	f043 0348 	orr.w	r3, r3, #72	@ 0x48
10000592:	9309      	str	r3, [sp, #36]	@ 0x24
10000594:	f020 03fc 	bic.w	r3, r0, #252	@ 0xfc
10000598:	f043 0348 	orr.w	r3, r3, #72	@ 0x48
1000059c:	9308      	str	r3, [sp, #32]
1000059e:	2301      	movs	r3, #1
100005a0:	9302      	str	r3, [sp, #8]
100005a2:	2303      	movs	r3, #3
100005a4:	9301      	str	r3, [sp, #4]
100005a6:	2317      	movs	r3, #23
100005a8:	9300      	str	r3, [sp, #0]
100005aa:	ab06      	add	r3, sp, #24
100005ac:	aa07      	add	r2, sp, #28
100005ae:	a905      	add	r1, sp, #20
100005b0:	482c      	ldr	r0, [pc, #176]	@ (10000664 <_ZN6dI2Srx4InitEP8pio_hw_t+0x134>)
100005b2:	f002 f94a 	bl	1000284a <pio_claim_free_sm_and_add_program_for_gpio_range>
100005b6:	b908      	cbnz	r0, 100005bc <_ZN6dI2Srx4InitEP8pio_hw_t+0x8c>
100005b8:	b00b      	add	sp, #44	@ 0x2c
100005ba:	bd30      	pop	{r4, r5, pc}
100005bc:	2318      	movs	r3, #24
100005be:	9301      	str	r3, [sp, #4]
100005c0:	2317      	movs	r3, #23
100005c2:	9300      	str	r3, [sp, #0]
100005c4:	2319      	movs	r3, #25
100005c6:	f89d 2018 	ldrb.w	r2, [sp, #24]
100005ca:	f89d 101c 	ldrb.w	r1, [sp, #28]
100005ce:	9805      	ldr	r0, [sp, #20]
100005d0:	f7ff fefc 	bl	100003cc <_ZL25i2s_receiver_program_initP8pio_hw_thhhhh>
100005d4:	9b05      	ldr	r3, [sp, #20]
100005d6:	6063      	str	r3, [r4, #4]
100005d8:	9a07      	ldr	r2, [sp, #28]
100005da:	60a2      	str	r2, [r4, #8]
100005dc:	f103 432f 	add.w	r3, r3, #2936012800	@ 0xaf000000
100005e0:	f503 0360 	add.w	r3, r3, #14680064	@ 0xe00000
100005e4:	0d1b      	lsrs	r3, r3, #20
100005e6:	00db      	lsls	r3, r3, #3
100005e8:	3304      	adds	r3, #4
100005ea:	18d3      	adds	r3, r2, r3
100005ec:	461d      	mov	r5, r3
100005ee:	4619      	mov	r1, r3
100005f0:	a809      	add	r0, sp, #36	@ 0x24
100005f2:	f7ff fe7f 	bl	100002f4 <channel_config_set_dreq>
100005f6:	4629      	mov	r1, r5
100005f8:	a808      	add	r0, sp, #32
100005fa:	f7ff fe7b 	bl	100002f4 <channel_config_set_dreq>
100005fe:	f8d4 1310 	ldr.w	r1, [r4, #784]	@ 0x310
10000602:	a809      	add	r0, sp, #36	@ 0x24
10000604:	f7ff fe8e 	bl	10000324 <channel_config_set_chain_to>
10000608:	f8d4 130c 	ldr.w	r1, [r4, #780]	@ 0x30c
1000060c:	a808      	add	r0, sp, #32
1000060e:	f7ff fe89 	bl	10000324 <channel_config_set_chain_to>
10000612:	f8d4 330c 	ldr.w	r3, [r4, #780]	@ 0x30c
10000616:	f104 000c 	add.w	r0, r4, #12
1000061a:	9a07      	ldr	r2, [sp, #28]
1000061c:	f102 0108 	add.w	r1, r2, #8
10000620:	9a05      	ldr	r2, [sp, #20]
10000622:	eb02 0281 	add.w	r2, r2, r1, lsl #2
10000626:	019b      	lsls	r3, r3, #6
10000628:	f103 43a0 	add.w	r3, r3, #1342177280	@ 0x50000000
1000062c:	601a      	str	r2, [r3, #0]
1000062e:	6058      	str	r0, [r3, #4]
10000630:	2060      	movs	r0, #96	@ 0x60
10000632:	6098      	str	r0, [r3, #8]
10000634:	9a09      	ldr	r2, [sp, #36]	@ 0x24
10000636:	611a      	str	r2, [r3, #16]
10000638:	f8d4 3310 	ldr.w	r3, [r4, #784]	@ 0x310
1000063c:	f504 74c6 	add.w	r4, r4, #396	@ 0x18c
10000640:	9a07      	ldr	r2, [sp, #28]
10000642:	f102 0108 	add.w	r1, r2, #8
10000646:	9a05      	ldr	r2, [sp, #20]
10000648:	eb02 0281 	add.w	r2, r2, r1, lsl #2
1000064c:	019b      	lsls	r3, r3, #6
1000064e:	f103 43a0 	add.w	r3, r3, #1342177280	@ 0x50000000
10000652:	601a      	str	r2, [r3, #0]
10000654:	605c      	str	r4, [r3, #4]
10000656:	6098      	str	r0, [r3, #8]
10000658:	9a08      	ldr	r2, [sp, #32]
1000065a:	611a      	str	r2, [r3, #16]
1000065c:	4802      	ldr	r0, [pc, #8]	@ (10000668 <_ZN6dI2Srx4InitEP8pio_hw_t+0x138>)
1000065e:	f004 f8a7 	bl	100047b0 <multicore_launch_core1>
10000662:	e7a9      	b.n	100005b8 <_ZN6dI2Srx4InitEP8pio_hw_t+0x88>
10000664:	100080fc 	.word	0x100080fc
10000668:	100004b9 	.word	0x100004b9

1000066c <_ZN6dI2Srx12Get_A_BufferEv>:
1000066c:	300c      	adds	r0, #12
1000066e:	4770      	bx	lr

10000670 <_ZN6dI2Srx12Get_B_BufferEv>:
10000670:	f500 70c6 	add.w	r0, r0, #396	@ 0x18c
10000674:	4770      	bx	lr
	...

10000678 <_Z16dma_irq0_handlerv>:
10000678:	f04f 43a0 	mov.w	r3, #1342177280	@ 0x50000000
1000067c:	f8d3 140c 	ldr.w	r1, [r3, #1036]	@ 0x40c
10000680:	4b17      	ldr	r3, [pc, #92]	@ (100006e0 <_Z16dma_irq0_handlerv+0x68>)
10000682:	f8d3 330c 	ldr.w	r3, [r3, #780]	@ 0x30c
10000686:	2201      	movs	r2, #1
10000688:	409a      	lsls	r2, r3
1000068a:	420a      	tst	r2, r1
1000068c:	d010      	beq.n	100006b0 <_Z16dma_irq0_handlerv+0x38>
1000068e:	2001      	movs	r0, #1
10000690:	4694      	mov	ip, r2
10000692:	f04f 42a0 	mov.w	r2, #1342177280	@ 0x50000000
10000696:	f8c2 c40c 	str.w	ip, [r2, #1036]	@ 0x40c
1000069a:	4a12      	ldr	r2, [pc, #72]	@ (100006e4 <_Z16dma_irq0_handlerv+0x6c>)
1000069c:	019b      	lsls	r3, r3, #6
1000069e:	f103 43a0 	add.w	r3, r3, #1342177280	@ 0x50000000
100006a2:	605a      	str	r2, [r3, #4]
100006a4:	f04f 0c00 	mov.w	ip, #0
100006a8:	f802 cc0b 	strb.w	ip, [r2, #-11]
100006ac:	f802 0c0c 	strb.w	r0, [r2, #-12]
100006b0:	4b0b      	ldr	r3, [pc, #44]	@ (100006e0 <_Z16dma_irq0_handlerv+0x68>)
100006b2:	f8d3 3310 	ldr.w	r3, [r3, #784]	@ 0x310
100006b6:	2201      	movs	r2, #1
100006b8:	409a      	lsls	r2, r3
100006ba:	420a      	tst	r2, r1
100006bc:	d00f      	beq.n	100006de <_Z16dma_irq0_handlerv+0x66>
100006be:	2101      	movs	r1, #1
100006c0:	4610      	mov	r0, r2
100006c2:	f04f 42a0 	mov.w	r2, #1342177280	@ 0x50000000
100006c6:	f8c2 040c 	str.w	r0, [r2, #1036]	@ 0x40c
100006ca:	4a07      	ldr	r2, [pc, #28]	@ (100006e8 <_Z16dma_irq0_handlerv+0x70>)
100006cc:	019b      	lsls	r3, r3, #6
100006ce:	f103 43a0 	add.w	r3, r3, #1342177280	@ 0x50000000
100006d2:	605a      	str	r2, [r3, #4]
100006d4:	f5a2 73c6 	sub.w	r3, r2, #396	@ 0x18c
100006d8:	2200      	movs	r2, #0
100006da:	701a      	strb	r2, [r3, #0]
100006dc:	7059      	strb	r1, [r3, #1]
100006de:	4770      	bx	lr
100006e0:	2001b1b4 	.word	0x2001b1b4
100006e4:	2001b1c0 	.word	0x2001b1c0
100006e8:	2001b340 	.word	0x2001b340

100006ec <tud_audio_set_itf_cb>:
100006ec:	b508      	push	{r3, lr}
100006ee:	2000      	movs	r0, #0
100006f0:	f005 ff18 	bl	10006524 <tud_audio_n_clear_ep_in_ff>
100006f4:	4b02      	ldr	r3, [pc, #8]	@ (10000700 <tud_audio_set_itf_cb+0x14>)
100006f6:	2200      	movs	r2, #0
100006f8:	701a      	strb	r2, [r3, #0]
100006fa:	705a      	strb	r2, [r3, #1]
100006fc:	2001      	movs	r0, #1
100006fe:	bd08      	pop	{r3, pc}
10000700:	2001b1b4 	.word	0x2001b1b4

10000704 <tud_audio_set_req_ep_cb>:
10000704:	2001      	movs	r0, #1
10000706:	4770      	bx	lr

10000708 <tud_audio_get_req_ep_cb>:
10000708:	888b      	ldrh	r3, [r1, #4]
1000070a:	b2db      	uxtb	r3, r3
1000070c:	2b81      	cmp	r3, #129	@ 0x81
1000070e:	d117      	bne.n	10000740 <tud_audio_get_req_ep_cb+0x38>
10000710:	784b      	ldrb	r3, [r1, #1]
10000712:	2b81      	cmp	r3, #129	@ 0x81
10000714:	d116      	bne.n	10000744 <tud_audio_get_req_ep_cb+0x3c>
10000716:	884b      	ldrh	r3, [r1, #2]
10000718:	0a1b      	lsrs	r3, r3, #8
1000071a:	2b01      	cmp	r3, #1
1000071c:	d001      	beq.n	10000722 <tud_audio_get_req_ep_cb+0x1a>
1000071e:	2000      	movs	r0, #0
10000720:	4770      	bx	lr
10000722:	b500      	push	{lr}
10000724:	b083      	sub	sp, #12
10000726:	4b08      	ldr	r3, [pc, #32]	@ (10000748 <tud_audio_get_req_ep_cb+0x40>)
10000728:	681b      	ldr	r3, [r3, #0]
1000072a:	f8ad 3004 	strh.w	r3, [sp, #4]
1000072e:	0c1b      	lsrs	r3, r3, #16
10000730:	f88d 3006 	strb.w	r3, [sp, #6]
10000734:	2303      	movs	r3, #3
10000736:	aa01      	add	r2, sp, #4
10000738:	f006 fb18 	bl	10006d6c <tud_audio_buffer_and_schedule_control_xfer>
1000073c:	b003      	add	sp, #12
1000073e:	bd00      	pop	{pc}
10000740:	2000      	movs	r0, #0
10000742:	4770      	bx	lr
10000744:	2000      	movs	r0, #0
10000746:	4770      	bx	lr
10000748:	10007750 	.word	0x10007750

1000074c <tud_audio_get_req_entity_cb>:
1000074c:	888b      	ldrh	r3, [r1, #4]
1000074e:	0a1b      	lsrs	r3, r3, #8
10000750:	884a      	ldrh	r2, [r1, #2]
10000752:	2b02      	cmp	r3, #2
10000754:	d001      	beq.n	1000075a <tud_audio_get_req_entity_cb+0xe>
10000756:	2000      	movs	r0, #0
10000758:	4770      	bx	lr
1000075a:	ea4f 2c12 	mov.w	ip, r2, lsr #8
1000075e:	f1bc 0f01 	cmp.w	ip, #1
10000762:	d001      	beq.n	10000768 <tud_audio_get_req_entity_cb+0x1c>
10000764:	2000      	movs	r0, #0
10000766:	4770      	bx	lr
10000768:	784b      	ldrb	r3, [r1, #1]
1000076a:	2b81      	cmp	r3, #129	@ 0x81
1000076c:	d001      	beq.n	10000772 <tud_audio_get_req_entity_cb+0x26>
1000076e:	2000      	movs	r0, #0
10000770:	4770      	bx	lr
10000772:	b2d3      	uxtb	r3, r2
10000774:	2b02      	cmp	r3, #2
10000776:	d901      	bls.n	1000077c <tud_audio_get_req_entity_cb+0x30>
10000778:	2000      	movs	r0, #0
1000077a:	4770      	bx	lr
1000077c:	b500      	push	{lr}
1000077e:	b083      	sub	sp, #12
10000780:	461a      	mov	r2, r3
10000782:	4b05      	ldr	r3, [pc, #20]	@ (10000798 <tud_audio_get_req_entity_cb+0x4c>)
10000784:	5c9b      	ldrb	r3, [r3, r2]
10000786:	f88d 3007 	strb.w	r3, [sp, #7]
1000078a:	2301      	movs	r3, #1
1000078c:	f10d 0207 	add.w	r2, sp, #7
10000790:	f006 faec 	bl	10006d6c <tud_audio_buffer_and_schedule_control_xfer>
10000794:	b003      	add	sp, #12
10000796:	bd00      	pop	{pc}
10000798:	2001a280 	.word	0x2001a280

1000079c <tud_audio_set_req_entity_cb>:
1000079c:	888b      	ldrh	r3, [r1, #4]
1000079e:	0a1b      	lsrs	r3, r3, #8
100007a0:	8848      	ldrh	r0, [r1, #2]
100007a2:	ea4f 2c10 	mov.w	ip, r0, lsr #8
100007a6:	2b02      	cmp	r3, #2
100007a8:	d001      	beq.n	100007ae <tud_audio_set_req_entity_cb+0x12>
100007aa:	2000      	movs	r0, #0
100007ac:	4770      	bx	lr
100007ae:	f1bc 0f01 	cmp.w	ip, #1
100007b2:	d001      	beq.n	100007b8 <tud_audio_set_req_entity_cb+0x1c>
100007b4:	2000      	movs	r0, #0
100007b6:	4770      	bx	lr
100007b8:	784b      	ldrb	r3, [r1, #1]
100007ba:	2b01      	cmp	r3, #1
100007bc:	d001      	beq.n	100007c2 <tud_audio_set_req_entity_cb+0x26>
100007be:	2000      	movs	r0, #0
100007c0:	4770      	bx	lr
100007c2:	b2c3      	uxtb	r3, r0
100007c4:	2b02      	cmp	r3, #2
100007c6:	d805      	bhi.n	100007d4 <tud_audio_set_req_entity_cb+0x38>
100007c8:	4618      	mov	r0, r3
100007ca:	7812      	ldrb	r2, [r2, #0]
100007cc:	4b02      	ldr	r3, [pc, #8]	@ (100007d8 <tud_audio_set_req_entity_cb+0x3c>)
100007ce:	541a      	strb	r2, [r3, r0]
100007d0:	2001      	movs	r0, #1
100007d2:	4770      	bx	lr
100007d4:	2000      	movs	r0, #0
100007d6:	4770      	bx	lr
100007d8:	2001a280 	.word	0x2001a280

100007dc <_Z22apply_phase_correctionPsi>:
100007dc:	b570      	push	{r4, r5, r6, lr}
100007de:	4604      	mov	r4, r0
100007e0:	460d      	mov	r5, r1
100007e2:	f04f 0e00 	mov.w	lr, #0
100007e6:	e047      	b.n	10000878 <_Z22apply_phase_correctionPsi+0x9c>
100007e8:	4938      	ldr	r1, [pc, #224]	@ (100008cc <_Z22apply_phase_correctionPsi+0xf0>)
100007ea:	eb01 0182 	add.w	r1, r1, r2, lsl #2
100007ee:	ed91 7a00 	vldr	s14, [r1]
100007f2:	4937      	ldr	r1, [pc, #220]	@ (100008d0 <_Z22apply_phase_correctionPsi+0xf4>)
100007f4:	eb01 0c83 	add.w	ip, r1, r3, lsl #2
100007f8:	eddc 6a00 	vldr	s13, [ip]
100007fc:	ee27 7a26 	vmul.f32	s14, s14, s13
10000800:	ee77 7a87 	vadd.f32	s15, s15, s14
10000804:	3a01      	subs	r2, #1
10000806:	3301      	adds	r3, #1
10000808:	2a00      	cmp	r2, #0
1000080a:	daed      	bge.n	100007e8 <_Z22apply_phase_correctionPsi+0xc>
1000080c:	221e      	movs	r2, #30
1000080e:	e00f      	b.n	10000830 <_Z22apply_phase_correctionPsi+0x54>
10000810:	492e      	ldr	r1, [pc, #184]	@ (100008cc <_Z22apply_phase_correctionPsi+0xf0>)
10000812:	eb01 0c82 	add.w	ip, r1, r2, lsl #2
10000816:	ed9c 7a00 	vldr	s14, [ip]
1000081a:	492d      	ldr	r1, [pc, #180]	@ (100008d0 <_Z22apply_phase_correctionPsi+0xf4>)
1000081c:	eb01 0c83 	add.w	ip, r1, r3, lsl #2
10000820:	eddc 6a00 	vldr	s13, [ip]
10000824:	ee27 7a26 	vmul.f32	s14, s14, s13
10000828:	ee77 7a87 	vadd.f32	s15, s15, s14
1000082c:	3a01      	subs	r2, #1
1000082e:	3301      	adds	r3, #1
10000830:	4296      	cmp	r6, r2
10000832:	dbed      	blt.n	10000810 <_Z22apply_phase_correctionPsi+0x34>
10000834:	3601      	adds	r6, #1
10000836:	4b27      	ldr	r3, [pc, #156]	@ (100008d4 <_Z22apply_phase_correctionPsi+0xf8>)
10000838:	601e      	str	r6, [r3, #0]
1000083a:	2e1e      	cmp	r6, #30
1000083c:	dd01      	ble.n	10000842 <_Z22apply_phase_correctionPsi+0x66>
1000083e:	2200      	movs	r2, #0
10000840:	601a      	str	r2, [r3, #0]
10000842:	ed9f 7a25 	vldr	s14, [pc, #148]	@ 100008d8 <_Z22apply_phase_correctionPsi+0xfc>
10000846:	eef4 7ac7 	vcmpe.f32	s15, s14
1000084a:	eef1 fa10 	vmrs	APSR_nzcv, fpscr
1000084e:	dc09      	bgt.n	10000864 <_Z22apply_phase_correctionPsi+0x88>
10000850:	ed9f 7a22 	vldr	s14, [pc, #136]	@ 100008dc <_Z22apply_phase_correctionPsi+0x100>
10000854:	eef4 7ac7 	vcmpe.f32	s15, s14
10000858:	eef1 fa10 	vmrs	APSR_nzcv, fpscr
1000085c:	d504      	bpl.n	10000868 <_Z22apply_phase_correctionPsi+0x8c>
1000085e:	eddf 7a1f 	vldr	s15, [pc, #124]	@ 100008dc <_Z22apply_phase_correctionPsi+0x100>
10000862:	e001      	b.n	10000868 <_Z22apply_phase_correctionPsi+0x8c>
10000864:	eddf 7a1c 	vldr	s15, [pc, #112]	@ 100008d8 <_Z22apply_phase_correctionPsi+0xfc>
10000868:	eefd 7ae7 	vcvt.s32.f32	s15, s15
1000086c:	ee17 3a90 	vmov	r3, s15
10000870:	f824 3010 	strh.w	r3, [r4, r0, lsl #1]
10000874:	f10e 0e02 	add.w	lr, lr, #2
10000878:	45ae      	cmp	lr, r5
1000087a:	da25      	bge.n	100008c8 <_Z22apply_phase_correctionPsi+0xec>
1000087c:	4670      	mov	r0, lr
1000087e:	f934 601e 	ldrsh.w	r6, [r4, lr, lsl #1]
10000882:	4a17      	ldr	r2, [pc, #92]	@ (100008e0 <_Z22apply_phase_correctionPsi+0x104>)
10000884:	6813      	ldr	r3, [r2, #0]
10000886:	4917      	ldr	r1, [pc, #92]	@ (100008e4 <_Z22apply_phase_correctionPsi+0x108>)
10000888:	f931 c013 	ldrsh.w	ip, [r1, r3, lsl #1]
1000088c:	f824 c01e 	strh.w	ip, [r4, lr, lsl #1]
10000890:	f821 6013 	strh.w	r6, [r1, r3, lsl #1]
10000894:	3301      	adds	r3, #1
10000896:	6013      	str	r3, [r2, #0]
10000898:	2b0e      	cmp	r3, #14
1000089a:	dd02      	ble.n	100008a2 <_Z22apply_phase_correctionPsi+0xc6>
1000089c:	4613      	mov	r3, r2
1000089e:	2200      	movs	r2, #0
100008a0:	601a      	str	r2, [r3, #0]
100008a2:	3001      	adds	r0, #1
100008a4:	f934 3010 	ldrsh.w	r3, [r4, r0, lsl #1]
100008a8:	ee07 3a90 	vmov	s15, r3
100008ac:	4b09      	ldr	r3, [pc, #36]	@ (100008d4 <_Z22apply_phase_correctionPsi+0xf8>)
100008ae:	681e      	ldr	r6, [r3, #0]
100008b0:	eef8 7ae7 	vcvt.f32.s32	s15, s15
100008b4:	4b05      	ldr	r3, [pc, #20]	@ (100008cc <_Z22apply_phase_correctionPsi+0xf0>)
100008b6:	eb03 0386 	add.w	r3, r3, r6, lsl #2
100008ba:	edc3 7a00 	vstr	s15, [r3]
100008be:	4632      	mov	r2, r6
100008c0:	2300      	movs	r3, #0
100008c2:	eddf 7a09 	vldr	s15, [pc, #36]	@ 100008e8 <_Z22apply_phase_correctionPsi+0x10c>
100008c6:	e79f      	b.n	10000808 <_Z22apply_phase_correctionPsi+0x2c>
100008c8:	bd70      	pop	{r4, r5, r6, pc}
100008ca:	bf00      	nop
100008cc:	2001a284 	.word	0x2001a284
100008d0:	10008124 	.word	0x10008124
100008d4:	2001a320 	.word	0x2001a320
100008d8:	46fffe00 	.word	0x46fffe00
100008dc:	c7000000 	.word	0xc7000000
100008e0:	2001a324 	.word	0x2001a324
100008e4:	2001a300 	.word	0x2001a300
100008e8:	00000000 	.word	0x00000000

100008ec <_Z10audio_taskv>:
100008ec:	b500      	push	{lr}
100008ee:	b0b1      	sub	sp, #196	@ 0xc4
100008f0:	4b39      	ldr	r3, [pc, #228]	@ (100009d8 <_Z10audio_taskv+0xec>)
100008f2:	781b      	ldrb	r3, [r3, #0]
100008f4:	b92b      	cbnz	r3, 10000902 <_Z10audio_taskv+0x16>
100008f6:	4b38      	ldr	r3, [pc, #224]	@ (100009d8 <_Z10audio_taskv+0xec>)
100008f8:	785b      	ldrb	r3, [r3, #1]
100008fa:	2b00      	cmp	r3, #0
100008fc:	d136      	bne.n	1000096c <_Z10audio_taskv+0x80>
100008fe:	b031      	add	sp, #196	@ 0xc4
10000900:	bd00      	pop	{pc}
10000902:	2000      	movs	r0, #0
10000904:	f005 fe24 	bl	10006550 <tud_audio_n_get_ep_in_ff>
10000908:	8903      	ldrh	r3, [r0, #8]
1000090a:	b29b      	uxth	r3, r3
1000090c:	8942      	ldrh	r2, [r0, #10]
1000090e:	b292      	uxth	r2, r2
10000910:	8881      	ldrh	r1, [r0, #4]
10000912:	1a98      	subs	r0, r3, r2
10000914:	2800      	cmp	r0, #0
10000916:	db0b      	blt.n	10000930 <_Z10audio_taskv+0x44>
10000918:	b283      	uxth	r3, r0
1000091a:	4299      	cmp	r1, r3
1000091c:	d9eb      	bls.n	100008f6 <_Z10audio_taskv+0xa>
1000091e:	1ac9      	subs	r1, r1, r3
10000920:	b289      	uxth	r1, r1
10000922:	29bf      	cmp	r1, #191	@ 0xbf
10000924:	d9e7      	bls.n	100008f6 <_Z10audio_taskv+0xa>
10000926:	482c      	ldr	r0, [pc, #176]	@ (100009d8 <_Z10audio_taskv+0xec>)
10000928:	f7ff fea0 	bl	1000066c <_ZN6dI2Srx12Get_A_BufferEv>
1000092c:	2300      	movs	r3, #0
1000092e:	e00e      	b.n	1000094e <_Z10audio_taskv+0x62>
10000930:	0048      	lsls	r0, r1, #1
10000932:	b280      	uxth	r0, r0
10000934:	1a9b      	subs	r3, r3, r2
10000936:	fa10 f383 	uxtah	r3, r0, r3
1000093a:	b29b      	uxth	r3, r3
1000093c:	e7ed      	b.n	1000091a <_Z10audio_taskv+0x2e>
1000093e:	f850 1023 	ldr.w	r1, [r0, r3, lsl #2]
10000942:	aa30      	add	r2, sp, #192	@ 0xc0
10000944:	eb02 0243 	add.w	r2, r2, r3, lsl #1
10000948:	f822 1cc0 	strh.w	r1, [r2, #-192]
1000094c:	3301      	adds	r3, #1
1000094e:	2b5f      	cmp	r3, #95	@ 0x5f
10000950:	ddf5      	ble.n	1000093e <_Z10audio_taskv+0x52>
10000952:	2160      	movs	r1, #96	@ 0x60
10000954:	4668      	mov	r0, sp
10000956:	f7ff ff41 	bl	100007dc <_Z22apply_phase_correctionPsi>
1000095a:	22c0      	movs	r2, #192	@ 0xc0
1000095c:	4669      	mov	r1, sp
1000095e:	2000      	movs	r0, #0
10000960:	f005 fdca 	bl	100064f8 <tud_audio_n_write>
10000964:	4b1c      	ldr	r3, [pc, #112]	@ (100009d8 <_Z10audio_taskv+0xec>)
10000966:	2200      	movs	r2, #0
10000968:	701a      	strb	r2, [r3, #0]
1000096a:	e7c4      	b.n	100008f6 <_Z10audio_taskv+0xa>
1000096c:	2000      	movs	r0, #0
1000096e:	f005 fdef 	bl	10006550 <tud_audio_n_get_ep_in_ff>
10000972:	8903      	ldrh	r3, [r0, #8]
10000974:	b29b      	uxth	r3, r3
10000976:	8942      	ldrh	r2, [r0, #10]
10000978:	b292      	uxth	r2, r2
1000097a:	8881      	ldrh	r1, [r0, #4]
1000097c:	1a98      	subs	r0, r3, r2
1000097e:	2800      	cmp	r0, #0
10000980:	db0b      	blt.n	1000099a <_Z10audio_taskv+0xae>
10000982:	b283      	uxth	r3, r0
10000984:	4299      	cmp	r1, r3
10000986:	d9ba      	bls.n	100008fe <_Z10audio_taskv+0x12>
10000988:	1ac9      	subs	r1, r1, r3
1000098a:	b289      	uxth	r1, r1
1000098c:	29bf      	cmp	r1, #191	@ 0xbf
1000098e:	d9b6      	bls.n	100008fe <_Z10audio_taskv+0x12>
10000990:	4811      	ldr	r0, [pc, #68]	@ (100009d8 <_Z10audio_taskv+0xec>)
10000992:	f7ff fe6d 	bl	10000670 <_ZN6dI2Srx12Get_B_BufferEv>
10000996:	2300      	movs	r3, #0
10000998:	e00e      	b.n	100009b8 <_Z10audio_taskv+0xcc>
1000099a:	0048      	lsls	r0, r1, #1
1000099c:	b280      	uxth	r0, r0
1000099e:	1a9b      	subs	r3, r3, r2
100009a0:	fa10 f383 	uxtah	r3, r0, r3
100009a4:	b29b      	uxth	r3, r3
100009a6:	e7ed      	b.n	10000984 <_Z10audio_taskv+0x98>
100009a8:	f850 1023 	ldr.w	r1, [r0, r3, lsl #2]
100009ac:	aa30      	add	r2, sp, #192	@ 0xc0
100009ae:	eb02 0243 	add.w	r2, r2, r3, lsl #1
100009b2:	f822 1cc0 	strh.w	r1, [r2, #-192]
100009b6:	3301      	adds	r3, #1
100009b8:	2b5f      	cmp	r3, #95	@ 0x5f
100009ba:	ddf5      	ble.n	100009a8 <_Z10audio_taskv+0xbc>
100009bc:	2160      	movs	r1, #96	@ 0x60
100009be:	4668      	mov	r0, sp
100009c0:	f7ff ff0c 	bl	100007dc <_Z22apply_phase_correctionPsi>
100009c4:	22c0      	movs	r2, #192	@ 0xc0
100009c6:	4669      	mov	r1, sp
100009c8:	2000      	movs	r0, #0
100009ca:	f005 fd95 	bl	100064f8 <tud_audio_n_write>
100009ce:	4b02      	ldr	r3, [pc, #8]	@ (100009d8 <_Z10audio_taskv+0xec>)
100009d0:	2200      	movs	r2, #0
100009d2:	705a      	strb	r2, [r3, #1]
100009d4:	e793      	b.n	100008fe <_Z10audio_taskv+0x12>
100009d6:	bf00      	nop
100009d8:	2001b1b4 	.word	0x2001b1b4

100009dc <tud_descriptor_device_cb>:
100009dc:	4800      	ldr	r0, [pc, #0]	@ (100009e0 <tud_descriptor_device_cb+0x4>)
100009de:	4770      	bx	lr
100009e0:	10008224 	.word	0x10008224

100009e4 <tud_descriptor_configuration_cb>:
100009e4:	4800      	ldr	r0, [pc, #0]	@ (100009e8 <tud_descriptor_configuration_cb+0x4>)
100009e6:	4770      	bx	lr
100009e8:	100081b8 	.word	0x100081b8

100009ec <tud_descriptor_string_cb>:
100009ec:	b510      	push	{r4, lr}
100009ee:	b960      	cbnz	r0, 10000a0a <tud_descriptor_string_cb+0x1e>
100009f0:	4b12      	ldr	r3, [pc, #72]	@ (10000a3c <tud_descriptor_string_cb+0x50>)
100009f2:	f240 4209 	movw	r2, #1033	@ 0x409
100009f6:	805a      	strh	r2, [r3, #2]
100009f8:	2001      	movs	r0, #1
100009fa:	1c43      	adds	r3, r0, #1
100009fc:	005b      	lsls	r3, r3, #1
100009fe:	b29b      	uxth	r3, r3
10000a00:	f443 7340 	orr.w	r3, r3, #768	@ 0x300
10000a04:	480d      	ldr	r0, [pc, #52]	@ (10000a3c <tud_descriptor_string_cb+0x50>)
10000a06:	8003      	strh	r3, [r0, #0]
10000a08:	bd10      	pop	{r4, pc}
10000a0a:	2804      	cmp	r0, #4
10000a0c:	d814      	bhi.n	10000a38 <tud_descriptor_string_cb+0x4c>
10000a0e:	4a0c      	ldr	r2, [pc, #48]	@ (10000a40 <tud_descriptor_string_cb+0x54>)
10000a10:	f852 4020 	ldr.w	r4, [r2, r0, lsl #2]
10000a14:	4620      	mov	r0, r4
10000a16:	f006 fda7 	bl	10007568 <strlen>
10000a1a:	b2c0      	uxtb	r0, r0
10000a1c:	281f      	cmp	r0, #31
10000a1e:	d900      	bls.n	10000a22 <tud_descriptor_string_cb+0x36>
10000a20:	201f      	movs	r0, #31
10000a22:	2300      	movs	r3, #0
10000a24:	e005      	b.n	10000a32 <tud_descriptor_string_cb+0x46>
10000a26:	1c5a      	adds	r2, r3, #1
10000a28:	5ce1      	ldrb	r1, [r4, r3]
10000a2a:	4b04      	ldr	r3, [pc, #16]	@ (10000a3c <tud_descriptor_string_cb+0x50>)
10000a2c:	f823 1012 	strh.w	r1, [r3, r2, lsl #1]
10000a30:	b2d3      	uxtb	r3, r2
10000a32:	4298      	cmp	r0, r3
10000a34:	d8f7      	bhi.n	10000a26 <tud_descriptor_string_cb+0x3a>
10000a36:	e7e0      	b.n	100009fa <tud_descriptor_string_cb+0xe>
10000a38:	2000      	movs	r0, #0
10000a3a:	e7e5      	b.n	10000a08 <tud_descriptor_string_cb+0x1c>
10000a3c:	2001a3ac 	.word	0x2001a3ac
10000a40:	100081a0 	.word	0x100081a0

10000a44 <clock_gpio_init>:
10000a44:	b508      	push	{r3, lr}
10000a46:	ee07 2a90 	vmov	s15, r2
10000a4a:	eebc 7ae7 	vcvt.u32.f32	s14, s15
10000a4e:	eddf 6a0b 	vldr	s13, [pc, #44]	@ 10000a7c <clock_gpio_init+0x38>
10000a52:	ee77 7aa6 	vadd.f32	s15, s15, s13
10000a56:	eef8 6a47 	vcvt.f32.u32	s13, s14
10000a5a:	ee77 7ae6 	vsub.f32	s15, s15, s13
10000a5e:	eddf 6a08 	vldr	s13, [pc, #32]	@ 10000a80 <clock_gpio_init+0x3c>
10000a62:	ee67 7aa6 	vmul.f32	s15, s15, s13
10000a66:	eefc 7ae7 	vcvt.u32.f32	s15, s15
10000a6a:	ee17 3a90 	vmov	r3, s15
10000a6e:	b29b      	uxth	r3, r3
10000a70:	ee17 2a10 	vmov	r2, s14
10000a74:	f002 f8a6 	bl	10002bc4 <clock_gpio_init_int_frac16>
10000a78:	bd08      	pop	{r3, pc}
10000a7a:	bf00      	nop
10000a7c:	37000000 	.word	0x37000000
10000a80:	47800000 	.word	0x47800000

10000a84 <ice_fpga_init>:
10000a84:	b500      	push	{lr}
10000a86:	b085      	sub	sp, #20
10000a88:	f10d 0c10 	add.w	ip, sp, #16
10000a8c:	e90c 000f 	stmdb	ip, {r0, r1, r2, r3}
10000a90:	f89d 3018 	ldrb.w	r3, [sp, #24]
10000a94:	2230      	movs	r2, #48	@ 0x30
10000a96:	fb92 f2f3 	sdiv	r2, r2, r3
10000a9a:	ee07 2a90 	vmov	s15, r2
10000a9e:	eef8 7ae7 	vcvt.f32.s32	s15, s15
10000aa2:	ee17 2a90 	vmov	r2, s15
10000aa6:	2109      	movs	r1, #9
10000aa8:	f89d 000d 	ldrb.w	r0, [sp, #13]
10000aac:	f7ff ffca 	bl	10000a44 <clock_gpio_init>
10000ab0:	f89d 000e 	ldrb.w	r0, [sp, #14]
10000ab4:	f000 fa8c 	bl	10000fd0 <ice_hal_gpio_init>
10000ab8:	2000      	movs	r0, #0
10000aba:	b005      	add	sp, #20
10000abc:	bd00      	pop	{pc}

10000abe <ice_fpga_stop>:
10000abe:	b510      	push	{r4, lr}
10000ac0:	b084      	sub	sp, #16
10000ac2:	ac04      	add	r4, sp, #16
10000ac4:	e904 000f 	stmdb	r4, {r0, r1, r2, r3}
10000ac8:	f89d 400e 	ldrb.w	r4, [sp, #14]
10000acc:	4620      	mov	r0, r4
10000ace:	f000 fa7f 	bl	10000fd0 <ice_hal_gpio_init>
10000ad2:	4620      	mov	r0, r4
10000ad4:	f000 fbaf 	bl	10001236 <ice_hal_gpio_set_0>
10000ad8:	2000      	movs	r0, #0
10000ada:	b004      	add	sp, #16
10000adc:	bd10      	pop	{r4, pc}

10000ade <ice_led_init>:
10000ade:	b508      	push	{r3, lr}
10000ae0:	2001      	movs	r0, #1
10000ae2:	f000 fa75 	bl	10000fd0 <ice_hal_gpio_init>
10000ae6:	2000      	movs	r0, #0
10000ae8:	f000 fa72 	bl	10000fd0 <ice_hal_gpio_init>
10000aec:	2009      	movs	r0, #9
10000aee:	f000 fa6f 	bl	10000fd0 <ice_hal_gpio_init>
10000af2:	2001      	movs	r0, #1
10000af4:	f000 fb9f 	bl	10001236 <ice_hal_gpio_set_0>
10000af8:	2000      	movs	r0, #0
10000afa:	f000 fb9c 	bl	10001236 <ice_hal_gpio_set_0>
10000afe:	2009      	movs	r0, #9
10000b00:	f000 fb99 	bl	10001236 <ice_hal_gpio_set_0>
10000b04:	2001      	movs	r0, #1
10000b06:	f000 fa74 	bl	10000ff2 <ice_hal_gpio_set_high_z>
10000b0a:	2000      	movs	r0, #0
10000b0c:	f000 fa71 	bl	10000ff2 <ice_hal_gpio_set_high_z>
10000b10:	2009      	movs	r0, #9
10000b12:	f000 fa6e 	bl	10000ff2 <ice_hal_gpio_set_high_z>
10000b16:	bd08      	pop	{r3, pc}

10000b18 <ice_cram_open>:
10000b18:	b510      	push	{r4, lr}
10000b1a:	b086      	sub	sp, #24
10000b1c:	e88d 000f 	stmia.w	sp, {r0, r1, r2, r3}
10000b20:	2300      	movs	r3, #0
10000b22:	f88d 3017 	strb.w	r3, [sp, #23]
10000b26:	4b29      	ldr	r3, [pc, #164]	@ (10000bcc <ice_cram_open+0xb4>)
10000b28:	781c      	ldrb	r4, [r3, #0]
10000b2a:	2c00      	cmp	r4, #0
10000b2c:	d14a      	bne.n	10000bc4 <ice_cram_open+0xac>
10000b2e:	f8df c0a0 	ldr.w	ip, [pc, #160]	@ 10000bd0 <ice_cram_open+0xb8>
10000b32:	46ee      	mov	lr, sp
10000b34:	e89d 000f 	ldmia.w	sp, {r0, r1, r2, r3}
10000b38:	e88c 000f 	stmia.w	ip, {r0, r1, r2, r3}
10000b3c:	f89c 300e 	ldrb.w	r3, [ip, #14]
10000b40:	2b1f      	cmp	r3, #31
10000b42:	d83b      	bhi.n	10000bbc <ice_cram_open+0xa4>
10000b44:	f04f 4250 	mov.w	r2, #3489660928	@ 0xd0000000
10000b48:	6b11      	ldr	r1, [r2, #48]	@ 0x30
10000b4a:	f003 031f 	and.w	r3, r3, #31
10000b4e:	2201      	movs	r2, #1
10000b50:	fa02 f303 	lsl.w	r3, r2, r3
10000b54:	420b      	tst	r3, r1
10000b56:	d036      	beq.n	10000bc6 <ice_cram_open+0xae>
10000b58:	e89d 000f 	ldmia.w	sp, {r0, r1, r2, r3}
10000b5c:	f7ff ffaf 	bl	10000abe <ice_fpga_stop>
10000b60:	2800      	cmp	r0, #0
10000b62:	db30      	blt.n	10000bc6 <ice_cram_open+0xae>
10000b64:	481a      	ldr	r0, [pc, #104]	@ (10000bd0 <ice_cram_open+0xb8>)
10000b66:	4b1b      	ldr	r3, [pc, #108]	@ (10000bd4 <ice_cram_open+0xbc>)
10000b68:	7982      	ldrb	r2, [r0, #6]
10000b6a:	f04f 31ff 	mov.w	r1, #4294967295	@ 0xffffffff
10000b6e:	7900      	ldrb	r0, [r0, #4]
10000b70:	f000 fa4c 	bl	1000100c <ice_hal_spi_init>
10000b74:	2800      	cmp	r0, #0
10000b76:	db26      	blt.n	10000bc6 <ice_cram_open+0xae>
10000b78:	4c15      	ldr	r4, [pc, #84]	@ (10000bd0 <ice_cram_open+0xb8>)
10000b7a:	7a20      	ldrb	r0, [r4, #8]
10000b7c:	f000 fa28 	bl	10000fd0 <ice_hal_gpio_init>
10000b80:	7a20      	ldrb	r0, [r4, #8]
10000b82:	f000 fb58 	bl	10001236 <ice_hal_gpio_set_0>
10000b86:	2002      	movs	r0, #2
10000b88:	2100      	movs	r1, #0
10000b8a:	f001 f8b9 	bl	10001d00 <busy_wait_us>
10000b8e:	7ba0      	ldrb	r0, [r4, #14]
10000b90:	f000 fb49 	bl	10001226 <ice_hal_gpio_set_1>
10000b94:	f240 5014 	movw	r0, #1300	@ 0x514
10000b98:	2100      	movs	r1, #0
10000b9a:	f001 f8b1 	bl	10001d00 <busy_wait_us>
10000b9e:	7a20      	ldrb	r0, [r4, #8]
10000ba0:	f000 fb41 	bl	10001226 <ice_hal_gpio_set_1>
10000ba4:	2101      	movs	r1, #1
10000ba6:	f10d 0017 	add.w	r0, sp, #23
10000baa:	f000 facd 	bl	10001148 <ice_hal_spi_write>
10000bae:	7a20      	ldrb	r0, [r4, #8]
10000bb0:	f000 fb41 	bl	10001236 <ice_hal_gpio_set_0>
10000bb4:	2401      	movs	r4, #1
10000bb6:	4b05      	ldr	r3, [pc, #20]	@ (10000bcc <ice_cram_open+0xb4>)
10000bb8:	701c      	strb	r4, [r3, #0]
10000bba:	e004      	b.n	10000bc6 <ice_cram_open+0xae>
10000bbc:	f04f 4250 	mov.w	r2, #3489660928	@ 0xd0000000
10000bc0:	6b51      	ldr	r1, [r2, #52]	@ 0x34
10000bc2:	e7c2      	b.n	10000b4a <ice_cram_open+0x32>
10000bc4:	2400      	movs	r4, #0
10000bc6:	4620      	mov	r0, r4
10000bc8:	b006      	add	sp, #24
10000bca:	bd10      	pop	{r4, pc}
10000bcc:	2001bab9 	.word	0x2001bab9
10000bd0:	2001b1a4 	.word	0x2001b1a4
10000bd4:	000f4240 	.word	0x000f4240

10000bd8 <ice_cram_write>:
10000bd8:	b508      	push	{r3, lr}
10000bda:	f000 fab5 	bl	10001148 <ice_hal_spi_write>
10000bde:	bd08      	pop	{r3, pc}

10000be0 <ice_cram_close>:
10000be0:	b510      	push	{r4, lr}
10000be2:	b082      	sub	sp, #8
10000be4:	2300      	movs	r3, #0
10000be6:	9300      	str	r3, [sp, #0]
10000be8:	f8cd 3003 	str.w	r3, [sp, #3]
10000bec:	4b18      	ldr	r3, [pc, #96]	@ (10000c50 <ice_cram_close+0x70>)
10000bee:	7818      	ldrb	r0, [r3, #0]
10000bf0:	b908      	cbnz	r0, 10000bf6 <ice_cram_close+0x16>
10000bf2:	b002      	add	sp, #8
10000bf4:	bd10      	pop	{r4, pc}
10000bf6:	4c17      	ldr	r4, [pc, #92]	@ (10000c54 <ice_cram_close+0x74>)
10000bf8:	7a20      	ldrb	r0, [r4, #8]
10000bfa:	f000 fb14 	bl	10001226 <ice_hal_gpio_set_1>
10000bfe:	2001      	movs	r0, #1
10000c00:	2100      	movs	r1, #0
10000c02:	f000 ff75 	bl	10001af0 <sleep_us>
10000c06:	7a20      	ldrb	r0, [r4, #8]
10000c08:	f000 fb06 	bl	10001218 <ice_hal_gpio_set_pu>
10000c0c:	7a20      	ldrb	r0, [r4, #8]
10000c0e:	f000 f9f0 	bl	10000ff2 <ice_hal_gpio_set_high_z>
10000c12:	2400      	movs	r4, #0
10000c14:	2c0c      	cmp	r4, #12
10000c16:	dc0a      	bgt.n	10000c2e <ice_cram_close+0x4e>
10000c18:	2101      	movs	r1, #1
10000c1a:	4668      	mov	r0, sp
10000c1c:	f000 fa94 	bl	10001148 <ice_hal_spi_write>
10000c20:	4b0c      	ldr	r3, [pc, #48]	@ (10000c54 <ice_cram_close+0x74>)
10000c22:	7b18      	ldrb	r0, [r3, #12]
10000c24:	f000 fb11 	bl	1000124a <ice_hal_gpio_get>
10000c28:	b908      	cbnz	r0, 10000c2e <ice_cram_close+0x4e>
10000c2a:	3401      	adds	r4, #1
10000c2c:	e7f2      	b.n	10000c14 <ice_cram_close+0x34>
10000c2e:	2107      	movs	r1, #7
10000c30:	4668      	mov	r0, sp
10000c32:	f000 fa89 	bl	10001148 <ice_hal_spi_write>
10000c36:	f000 f9ad 	bl	10000f94 <ice_hal_spi_deinit>
10000c3a:	4b05      	ldr	r3, [pc, #20]	@ (10000c50 <ice_cram_close+0x70>)
10000c3c:	2200      	movs	r2, #0
10000c3e:	701a      	strb	r2, [r3, #0]
10000c40:	4b04      	ldr	r3, [pc, #16]	@ (10000c54 <ice_cram_close+0x74>)
10000c42:	7b98      	ldrb	r0, [r3, #14]
10000c44:	f000 fb01 	bl	1000124a <ice_hal_gpio_get>
10000c48:	3800      	subs	r0, #0
10000c4a:	bf18      	it	ne
10000c4c:	2001      	movne	r0, #1
10000c4e:	e7d0      	b.n	10000bf2 <ice_cram_close+0x12>
10000c50:	2001bab9 	.word	0x2001bab9
10000c54:	2001b1a4 	.word	0x2001b1a4

10000c58 <gpio_get>:
10000c58:	281f      	cmp	r0, #31
10000c5a:	d809      	bhi.n	10000c70 <gpio_get+0x18>
10000c5c:	f04f 4350 	mov.w	r3, #3489660928	@ 0xd0000000
10000c60:	685a      	ldr	r2, [r3, #4]
10000c62:	2301      	movs	r3, #1
10000c64:	4083      	lsls	r3, r0
10000c66:	421a      	tst	r2, r3
10000c68:	bf14      	ite	ne
10000c6a:	2001      	movne	r0, #1
10000c6c:	2000      	moveq	r0, #0
10000c6e:	4770      	bx	lr
10000c70:	f04f 4350 	mov.w	r3, #3489660928	@ 0xd0000000
10000c74:	689a      	ldr	r2, [r3, #8]
10000c76:	3820      	subs	r0, #32
10000c78:	2301      	movs	r3, #1
10000c7a:	4083      	lsls	r3, r0
10000c7c:	421a      	tst	r2, r3
10000c7e:	bf14      	ite	ne
10000c80:	2001      	movne	r0, #1
10000c82:	2000      	moveq	r0, #0
10000c84:	4770      	bx	lr

10000c86 <sm_config_set_out_pins>:
10000c86:	b410      	push	{r4}
10000c88:	68c3      	ldr	r3, [r0, #12]
10000c8a:	f023 031f 	bic.w	r3, r3, #31
10000c8e:	f001 0c1f 	and.w	ip, r1, #31
10000c92:	ea43 030c 	orr.w	r3, r3, ip
10000c96:	60c3      	str	r3, [r0, #12]
10000c98:	6904      	ldr	r4, [r0, #16]
10000c9a:	f024 0c1f 	bic.w	ip, r4, #31
10000c9e:	ea4c 1111 	orr.w	r1, ip, r1, lsr #4
10000ca2:	6101      	str	r1, [r0, #16]
10000ca4:	f023 737c 	bic.w	r3, r3, #66060288	@ 0x3f00000
10000ca8:	ea43 5302 	orr.w	r3, r3, r2, lsl #20
10000cac:	60c3      	str	r3, [r0, #12]
10000cae:	bc10      	pop	{r4}
10000cb0:	4770      	bx	lr

10000cb2 <sm_config_set_sideset_pin_base>:
10000cb2:	68c3      	ldr	r3, [r0, #12]
10000cb4:	f423 43f8 	bic.w	r3, r3, #31744	@ 0x7c00
10000cb8:	028a      	lsls	r2, r1, #10
10000cba:	f402 42f8 	and.w	r2, r2, #31744	@ 0x7c00
10000cbe:	4313      	orrs	r3, r2
10000cc0:	60c3      	str	r3, [r0, #12]
10000cc2:	6903      	ldr	r3, [r0, #16]
10000cc4:	f423 43f8 	bic.w	r3, r3, #31744	@ 0x7c00
10000cc8:	0909      	lsrs	r1, r1, #4
10000cca:	ea43 2381 	orr.w	r3, r3, r1, lsl #10
10000cce:	6103      	str	r3, [r0, #16]
10000cd0:	4770      	bx	lr

10000cd2 <pio_get_default_sm_config>:
10000cd2:	2200      	movs	r2, #0
10000cd4:	6002      	str	r2, [r0, #0]
10000cd6:	6042      	str	r2, [r0, #4]
10000cd8:	6082      	str	r2, [r0, #8]
10000cda:	60c2      	str	r2, [r0, #12]
10000cdc:	6102      	str	r2, [r0, #16]
10000cde:	f04f 32ff 	mov.w	r2, #4294967295	@ 0xffffffff
10000ce2:	6102      	str	r2, [r0, #16]
10000ce4:	f44f 3280 	mov.w	r2, #65536	@ 0x10000
10000ce8:	6002      	str	r2, [r0, #0]
10000cea:	f44f 32f8 	mov.w	r2, #126976	@ 0x1f000
10000cee:	6042      	str	r2, [r0, #4]
10000cf0:	f44f 2280 	mov.w	r2, #262144	@ 0x40000
10000cf4:	6082      	str	r2, [r0, #8]
10000cf6:	f44f 2240 	mov.w	r2, #786432	@ 0xc0000
10000cfa:	6082      	str	r2, [r0, #8]
10000cfc:	4770      	bx	lr

10000cfe <ice_cram_program_get_default_config>:
10000cfe:	b538      	push	{r3, r4, r5, lr}
10000d00:	4604      	mov	r4, r0
10000d02:	460d      	mov	r5, r1
10000d04:	f7ff ffe5 	bl	10000cd2 <pio_get_default_sm_config>
10000d08:	1caa      	adds	r2, r5, #2
10000d0a:	6863      	ldr	r3, [r4, #4]
10000d0c:	f36f 13d0 	bfc	r3, #7, #10
10000d10:	ea43 11c5 	orr.w	r1, r3, r5, lsl #7
10000d14:	ea41 3102 	orr.w	r1, r1, r2, lsl #12
10000d18:	6061      	str	r1, [r4, #4]
10000d1a:	68e3      	ldr	r3, [r4, #12]
10000d1c:	f023 4360 	bic.w	r3, r3, #3758096384	@ 0xe0000000
10000d20:	f043 4380 	orr.w	r3, r3, #1073741824	@ 0x40000000
10000d24:	60e3      	str	r3, [r4, #12]
10000d26:	f021 41c0 	bic.w	r1, r1, #1610612736	@ 0x60000000
10000d2a:	f041 4180 	orr.w	r1, r1, #1073741824	@ 0x40000000
10000d2e:	6061      	str	r1, [r4, #4]
10000d30:	4620      	mov	r0, r4
10000d32:	bd38      	pop	{r3, r4, r5, pc}

10000d34 <select_device>:
10000d34:	4684      	mov	ip, r0
10000d36:	2000      	movs	r0, #0
10000d38:	2801      	cmp	r0, #1
10000d3a:	dc16      	bgt.n	10000d6a <select_device+0x36>
10000d3c:	2100      	movs	r1, #0
10000d3e:	eb00 0240 	add.w	r2, r0, r0, lsl #1
10000d42:	4b0b      	ldr	r3, [pc, #44]	@ (10000d70 <select_device+0x3c>)
10000d44:	eb03 03c2 	add.w	r3, r3, r2, lsl #3
10000d48:	68db      	ldr	r3, [r3, #12]
10000d4a:	428b      	cmp	r3, r1
10000d4c:	dd0b      	ble.n	10000d66 <select_device+0x32>
10000d4e:	eb00 0240 	add.w	r2, r0, r0, lsl #1
10000d52:	4b07      	ldr	r3, [pc, #28]	@ (10000d70 <select_device+0x3c>)
10000d54:	eb03 03c2 	add.w	r3, r3, r2, lsl #3
10000d58:	689b      	ldr	r3, [r3, #8]
10000d5a:	f853 3021 	ldr.w	r3, [r3, r1, lsl #2]
10000d5e:	4563      	cmp	r3, ip
10000d60:	d005      	beq.n	10000d6e <select_device+0x3a>
10000d62:	3101      	adds	r1, #1
10000d64:	e7eb      	b.n	10000d3e <select_device+0xa>
10000d66:	3001      	adds	r0, #1
10000d68:	e7e6      	b.n	10000d38 <select_device+0x4>
10000d6a:	f06f 0015 	mvn.w	r0, #21
10000d6e:	4770      	bx	lr
10000d70:	10008248 	.word	0x10008248

10000d74 <check_miso>:
10000d74:	f04f 0c00 	mov.w	ip, #0
10000d78:	e001      	b.n	10000d7e <check_miso+0xa>
10000d7a:	f10c 0c01 	add.w	ip, ip, #1
10000d7e:	eb01 0241 	add.w	r2, r1, r1, lsl #1
10000d82:	4b0a      	ldr	r3, [pc, #40]	@ (10000dac <check_miso+0x38>)
10000d84:	eb03 03c2 	add.w	r3, r3, r2, lsl #3
10000d88:	685b      	ldr	r3, [r3, #4]
10000d8a:	4563      	cmp	r3, ip
10000d8c:	dd0a      	ble.n	10000da4 <check_miso+0x30>
10000d8e:	eb01 0341 	add.w	r3, r1, r1, lsl #1
10000d92:	4a06      	ldr	r2, [pc, #24]	@ (10000dac <check_miso+0x38>)
10000d94:	f852 3033 	ldr.w	r3, [r2, r3, lsl #3]
10000d98:	f853 302c 	ldr.w	r3, [r3, ip, lsl #2]
10000d9c:	4283      	cmp	r3, r0
10000d9e:	d1ec      	bne.n	10000d7a <check_miso+0x6>
10000da0:	4608      	mov	r0, r1
10000da2:	4770      	bx	lr
10000da4:	f06f 0015 	mvn.w	r0, #21
10000da8:	4770      	bx	lr
10000daa:	bf00      	nop
10000dac:	10008248 	.word	0x10008248

10000db0 <check_clk>:
10000db0:	f04f 0c00 	mov.w	ip, #0
10000db4:	e001      	b.n	10000dba <check_clk+0xa>
10000db6:	f10c 0c01 	add.w	ip, ip, #1
10000dba:	eb01 0241 	add.w	r2, r1, r1, lsl #1
10000dbe:	4b0a      	ldr	r3, [pc, #40]	@ (10000de8 <check_clk+0x38>)
10000dc0:	eb03 03c2 	add.w	r3, r3, r2, lsl #3
10000dc4:	695b      	ldr	r3, [r3, #20]
10000dc6:	4563      	cmp	r3, ip
10000dc8:	dd0b      	ble.n	10000de2 <check_clk+0x32>
10000dca:	eb01 0241 	add.w	r2, r1, r1, lsl #1
10000dce:	4b06      	ldr	r3, [pc, #24]	@ (10000de8 <check_clk+0x38>)
10000dd0:	eb03 03c2 	add.w	r3, r3, r2, lsl #3
10000dd4:	691b      	ldr	r3, [r3, #16]
10000dd6:	f853 302c 	ldr.w	r3, [r3, ip, lsl #2]
10000dda:	4283      	cmp	r3, r0
10000ddc:	d1eb      	bne.n	10000db6 <check_clk+0x6>
10000dde:	4608      	mov	r0, r1
10000de0:	4770      	bx	lr
10000de2:	f06f 0015 	mvn.w	r0, #21
10000de6:	4770      	bx	lr
10000de8:	10008248 	.word	0x10008248

10000dec <pio_try_add_program>:
10000dec:	b538      	push	{r3, r4, r5, lr}
10000dee:	4604      	mov	r4, r0
10000df0:	490d      	ldr	r1, [pc, #52]	@ (10000e28 <pio_try_add_program+0x3c>)
10000df2:	f001 fbf7 	bl	100025e4 <pio_can_add_program>
10000df6:	4605      	mov	r5, r0
10000df8:	b908      	cbnz	r0, 10000dfe <pio_try_add_program+0x12>
10000dfa:	4628      	mov	r0, r5
10000dfc:	bd38      	pop	{r3, r4, r5, pc}
10000dfe:	2100      	movs	r1, #0
10000e00:	4620      	mov	r0, r4
10000e02:	f001 fbd3 	bl	100025ac <pio_claim_unused_sm>
10000e06:	4b09      	ldr	r3, [pc, #36]	@ (10000e2c <pio_try_add_program+0x40>)
10000e08:	6018      	str	r0, [r3, #0]
10000e0a:	2800      	cmp	r0, #0
10000e0c:	db08      	blt.n	10000e20 <pio_try_add_program+0x34>
10000e0e:	4b08      	ldr	r3, [pc, #32]	@ (10000e30 <pio_try_add_program+0x44>)
10000e10:	601c      	str	r4, [r3, #0]
10000e12:	4905      	ldr	r1, [pc, #20]	@ (10000e28 <pio_try_add_program+0x3c>)
10000e14:	4620      	mov	r0, r4
10000e16:	f001 fbff 	bl	10002618 <pio_add_program>
10000e1a:	4b06      	ldr	r3, [pc, #24]	@ (10000e34 <pio_try_add_program+0x48>)
10000e1c:	6018      	str	r0, [r3, #0]
10000e1e:	e7ec      	b.n	10000dfa <pio_try_add_program+0xe>
10000e20:	2300      	movs	r3, #0
10000e22:	461d      	mov	r5, r3
10000e24:	e7e9      	b.n	10000dfa <pio_try_add_program+0xe>
10000e26:	bf00      	nop
10000e28:	10008308 	.word	0x10008308
10000e2c:	2001bab0 	.word	0x2001bab0
10000e30:	2001ba78 	.word	0x2001ba78
10000e34:	2001ba74 	.word	0x2001ba74

10000e38 <pio_state_machine_init>:
10000e38:	e92d 43f0 	stmdb	sp!, {r4, r5, r6, r7, r8, r9, lr}
10000e3c:	b089      	sub	sp, #36	@ 0x24
10000e3e:	4834      	ldr	r0, [pc, #208]	@ (10000f10 <pio_state_machine_init+0xd8>)
10000e40:	f7ff ffd4 	bl	10000dec <pio_try_add_program>
10000e44:	b920      	cbnz	r0, 10000e50 <pio_state_machine_init+0x18>
10000e46:	4833      	ldr	r0, [pc, #204]	@ (10000f14 <pio_state_machine_init+0xdc>)
10000e48:	f7ff ffd0 	bl	10000dec <pio_try_add_program>
10000e4c:	2800      	cmp	r0, #0
10000e4e:	d05c      	beq.n	10000f0a <pio_state_machine_init+0xd2>
10000e50:	af03      	add	r7, sp, #12
10000e52:	f8df 80d0 	ldr.w	r8, [pc, #208]	@ 10000f24 <pio_state_machine_init+0xec>
10000e56:	f8d8 1000 	ldr.w	r1, [r8]
10000e5a:	4638      	mov	r0, r7
10000e5c:	f7ff ff4f 	bl	10000cfe <ice_cram_program_get_default_config>
10000e60:	4d2d      	ldr	r5, [pc, #180]	@ (10000f18 <pio_state_machine_init+0xe0>)
10000e62:	2201      	movs	r2, #1
10000e64:	6829      	ldr	r1, [r5, #0]
10000e66:	4638      	mov	r0, r7
10000e68:	f7ff ff0d 	bl	10000c86 <sm_config_set_out_pins>
10000e6c:	4c2b      	ldr	r4, [pc, #172]	@ (10000f1c <pio_state_machine_init+0xe4>)
10000e6e:	6821      	ldr	r1, [r4, #0]
10000e70:	4638      	mov	r0, r7
10000e72:	f7ff ff1e 	bl	10000cb2 <sm_config_set_sideset_pin_base>
10000e76:	f44f 3380 	mov.w	r3, #65536	@ 0x10000
10000e7a:	9303      	str	r3, [sp, #12]
10000e7c:	9b05      	ldr	r3, [sp, #20]
10000e7e:	f023 5378 	bic.w	r3, r3, #1040187392	@ 0x3e000000
10000e82:	f423 2320 	bic.w	r3, r3, #655360	@ 0xa0000
10000e86:	f043 5380 	orr.w	r3, r3, #268435456	@ 0x10000000
10000e8a:	f443 3300 	orr.w	r3, r3, #131072	@ 0x20000
10000e8e:	9305      	str	r3, [sp, #20]
10000e90:	f8df 9094 	ldr.w	r9, [pc, #148]	@ 10000f28 <pio_state_machine_init+0xf0>
10000e94:	4e22      	ldr	r6, [pc, #136]	@ (10000f20 <pio_state_machine_init+0xe8>)
10000e96:	463b      	mov	r3, r7
10000e98:	f8d8 2000 	ldr.w	r2, [r8]
10000e9c:	f8d9 1000 	ldr.w	r1, [r9]
10000ea0:	6830      	ldr	r0, [r6, #0]
10000ea2:	f001 fc94 	bl	100027ce <pio_sm_init>
10000ea6:	6830      	ldr	r0, [r6, #0]
10000ea8:	f8d9 1000 	ldr.w	r1, [r9]
10000eac:	6803      	ldr	r3, [r0, #0]
10000eae:	2701      	movs	r7, #1
10000eb0:	fa07 f201 	lsl.w	r2, r7, r1
10000eb4:	4313      	orrs	r3, r2
10000eb6:	6003      	str	r3, [r0, #0]
10000eb8:	9700      	str	r7, [sp, #0]
10000eba:	463b      	mov	r3, r7
10000ebc:	682a      	ldr	r2, [r5, #0]
10000ebe:	f001 fc35 	bl	1000272c <pio_sm_set_consecutive_pindirs>
10000ec2:	9700      	str	r7, [sp, #0]
10000ec4:	463b      	mov	r3, r7
10000ec6:	6822      	ldr	r2, [r4, #0]
10000ec8:	f8d9 1000 	ldr.w	r1, [r9]
10000ecc:	6830      	ldr	r0, [r6, #0]
10000ece:	f001 fc2d 	bl	1000272c <pio_sm_set_consecutive_pindirs>
10000ed2:	6831      	ldr	r1, [r6, #0]
10000ed4:	f101 412f 	add.w	r1, r1, #2936012800	@ 0xaf000000
10000ed8:	f501 0160 	add.w	r1, r1, #14680064	@ 0xe00000
10000edc:	f3c1 5107 	ubfx	r1, r1, #20, #8
10000ee0:	3106      	adds	r1, #6
10000ee2:	b2c9      	uxtb	r1, r1
10000ee4:	6828      	ldr	r0, [r5, #0]
10000ee6:	f001 f9d7 	bl	10002298 <gpio_set_function>
10000eea:	6831      	ldr	r1, [r6, #0]
10000eec:	f101 412f 	add.w	r1, r1, #2936012800	@ 0xaf000000
10000ef0:	f501 0160 	add.w	r1, r1, #14680064	@ 0xe00000
10000ef4:	f3c1 5107 	ubfx	r1, r1, #20, #8
10000ef8:	3106      	adds	r1, #6
10000efa:	b2c9      	uxtb	r1, r1
10000efc:	6820      	ldr	r0, [r4, #0]
10000efe:	f001 f9cb 	bl	10002298 <gpio_set_function>
10000f02:	2000      	movs	r0, #0
10000f04:	b009      	add	sp, #36	@ 0x24
10000f06:	e8bd 83f0 	ldmia.w	sp!, {r4, r5, r6, r7, r8, r9, pc}
10000f0a:	f06f 0004 	mvn.w	r0, #4
10000f0e:	e7f9      	b.n	10000f04 <pio_state_machine_init+0xcc>
10000f10:	50300000 	.word	0x50300000
10000f14:	50200000 	.word	0x50200000
10000f18:	2001b4d0 	.word	0x2001b4d0
10000f1c:	2001b4c8 	.word	0x2001b4c8
10000f20:	2001ba78 	.word	0x2001ba78
10000f24:	2001ba74 	.word	0x2001ba74
10000f28:	2001bab0 	.word	0x2001bab0

10000f2c <pio_state_machine_deinit>:
10000f2c:	b5f0      	push	{r4, r5, r6, r7, lr}
10000f2e:	b083      	sub	sp, #12
10000f30:	4c12      	ldr	r4, [pc, #72]	@ (10000f7c <pio_state_machine_deinit+0x50>)
10000f32:	6820      	ldr	r0, [r4, #0]
10000f34:	4d12      	ldr	r5, [pc, #72]	@ (10000f80 <pio_state_machine_deinit+0x54>)
10000f36:	6829      	ldr	r1, [r5, #0]
10000f38:	6803      	ldr	r3, [r0, #0]
10000f3a:	2601      	movs	r6, #1
10000f3c:	fa06 f201 	lsl.w	r2, r6, r1
10000f40:	ea23 0302 	bic.w	r3, r3, r2
10000f44:	6003      	str	r3, [r0, #0]
10000f46:	2700      	movs	r7, #0
10000f48:	9700      	str	r7, [sp, #0]
10000f4a:	4633      	mov	r3, r6
10000f4c:	4a0d      	ldr	r2, [pc, #52]	@ (10000f84 <pio_state_machine_deinit+0x58>)
10000f4e:	6812      	ldr	r2, [r2, #0]
10000f50:	f001 fbec 	bl	1000272c <pio_sm_set_consecutive_pindirs>
10000f54:	9700      	str	r7, [sp, #0]
10000f56:	4633      	mov	r3, r6
10000f58:	4a0b      	ldr	r2, [pc, #44]	@ (10000f88 <pio_state_machine_deinit+0x5c>)
10000f5a:	6812      	ldr	r2, [r2, #0]
10000f5c:	6829      	ldr	r1, [r5, #0]
10000f5e:	6820      	ldr	r0, [r4, #0]
10000f60:	f001 fbe4 	bl	1000272c <pio_sm_set_consecutive_pindirs>
10000f64:	4b09      	ldr	r3, [pc, #36]	@ (10000f8c <pio_state_machine_deinit+0x60>)
10000f66:	681a      	ldr	r2, [r3, #0]
10000f68:	4909      	ldr	r1, [pc, #36]	@ (10000f90 <pio_state_machine_deinit+0x64>)
10000f6a:	6820      	ldr	r0, [r4, #0]
10000f6c:	f001 fb6c 	bl	10002648 <pio_remove_program>
10000f70:	6829      	ldr	r1, [r5, #0]
10000f72:	6820      	ldr	r0, [r4, #0]
10000f74:	f001 fb0c 	bl	10002590 <pio_sm_unclaim>
10000f78:	b003      	add	sp, #12
10000f7a:	bdf0      	pop	{r4, r5, r6, r7, pc}
10000f7c:	2001ba78 	.word	0x2001ba78
10000f80:	2001bab0 	.word	0x2001bab0
10000f84:	2001b4d0 	.word	0x2001b4d0
10000f88:	2001b4c8 	.word	0x2001b4c8
10000f8c:	2001ba74 	.word	0x2001ba74
10000f90:	10008308 	.word	0x10008308

10000f94 <ice_hal_spi_deinit>:
10000f94:	b508      	push	{r3, lr}
10000f96:	4b0b      	ldr	r3, [pc, #44]	@ (10000fc4 <ice_hal_spi_deinit+0x30>)
10000f98:	781b      	ldrb	r3, [r3, #0]
10000f9a:	b17b      	cbz	r3, 10000fbc <ice_hal_spi_deinit+0x28>
10000f9c:	4b0a      	ldr	r3, [pc, #40]	@ (10000fc8 <ice_hal_spi_deinit+0x34>)
10000f9e:	781b      	ldrb	r3, [r3, #0]
10000fa0:	b13b      	cbz	r3, 10000fb2 <ice_hal_spi_deinit+0x1e>
10000fa2:	f7ff ffc3 	bl	10000f2c <pio_state_machine_deinit>
10000fa6:	2000      	movs	r0, #0
10000fa8:	4b06      	ldr	r3, [pc, #24]	@ (10000fc4 <ice_hal_spi_deinit+0x30>)
10000faa:	7018      	strb	r0, [r3, #0]
10000fac:	4b06      	ldr	r3, [pc, #24]	@ (10000fc8 <ice_hal_spi_deinit+0x34>)
10000fae:	7018      	strb	r0, [r3, #0]
10000fb0:	bd08      	pop	{r3, pc}
10000fb2:	4b06      	ldr	r3, [pc, #24]	@ (10000fcc <ice_hal_spi_deinit+0x38>)
10000fb4:	6818      	ldr	r0, [r3, #0]
10000fb6:	f001 fcef 	bl	10002998 <spi_deinit>
10000fba:	e7f4      	b.n	10000fa6 <ice_hal_spi_deinit+0x12>
10000fbc:	f06f 0015 	mvn.w	r0, #21
10000fc0:	e7f6      	b.n	10000fb0 <ice_hal_spi_deinit+0x1c>
10000fc2:	bf00      	nop
10000fc4:	2001baba 	.word	0x2001baba
10000fc8:	2001babc 	.word	0x2001babc
10000fcc:	2001a598 	.word	0x2001a598

10000fd0 <ice_hal_gpio_init>:
10000fd0:	b510      	push	{r4, lr}
10000fd2:	4604      	mov	r4, r0
10000fd4:	f001 f994 	bl	10002300 <gpio_init>
10000fd8:	2200      	movs	r2, #0
10000fda:	4611      	mov	r1, r2
10000fdc:	4620      	mov	r0, r4
10000fde:	f001 f977 	bl	100022d0 <gpio_set_pulls>
10000fe2:	f04f 0300 	mov.w	r3, #0
10000fe6:	ec43 4040 	gpioc_bit_out_put r4, r3
10000fea:	ec43 4044 	gpioc_bit_oe_put r4, r3
10000fee:	2000      	movs	r0, #0
10000ff0:	bd10      	pop	{r4, pc}

10000ff2 <ice_hal_gpio_set_high_z>:
10000ff2:	b510      	push	{r4, lr}
10000ff4:	2400      	movs	r4, #0
10000ff6:	f04f 0300 	mov.w	r3, #0
10000ffa:	ec43 0044 	gpioc_bit_oe_put r0, r3
10000ffe:	4622      	mov	r2, r4
10001000:	4621      	mov	r1, r4
10001002:	f001 f965 	bl	100022d0 <gpio_set_pulls>
10001006:	4620      	mov	r0, r4
10001008:	bd10      	pop	{r4, pc}
	...

1000100c <ice_hal_spi_init>:
1000100c:	e92d 41f0 	stmdb	sp!, {r4, r5, r6, r7, r8, lr}
10001010:	4698      	mov	r8, r3
10001012:	4b45      	ldr	r3, [pc, #276]	@ (10001128 <ice_hal_spi_init+0x11c>)
10001014:	781b      	ldrb	r3, [r3, #0]
10001016:	2b00      	cmp	r3, #0
10001018:	d16b      	bne.n	100010f2 <ice_hal_spi_init+0xe6>
1000101a:	4605      	mov	r5, r0
1000101c:	460e      	mov	r6, r1
1000101e:	4617      	mov	r7, r2
10001020:	f7ff fe88 	bl	10000d34 <select_device>
10001024:	1e04      	subs	r4, r0, #0
10001026:	db43      	blt.n	100010b0 <ice_hal_spi_init+0xa4>
10001028:	4621      	mov	r1, r4
1000102a:	4638      	mov	r0, r7
1000102c:	f7ff fec0 	bl	10000db0 <check_clk>
10001030:	2800      	cmp	r0, #0
10001032:	db61      	blt.n	100010f8 <ice_hal_spi_init+0xec>
10001034:	4b3d      	ldr	r3, [pc, #244]	@ (1000112c <ice_hal_spi_init+0x120>)
10001036:	601e      	str	r6, [r3, #0]
10001038:	4b3d      	ldr	r3, [pc, #244]	@ (10001130 <ice_hal_spi_init+0x124>)
1000103a:	601d      	str	r5, [r3, #0]
1000103c:	4b3d      	ldr	r3, [pc, #244]	@ (10001134 <ice_hal_spi_init+0x128>)
1000103e:	601f      	str	r7, [r3, #0]
10001040:	4b3d      	ldr	r3, [pc, #244]	@ (10001138 <ice_hal_spi_init+0x12c>)
10001042:	781b      	ldrb	r3, [r3, #0]
10001044:	2b00      	cmp	r3, #0
10001046:	d144      	bne.n	100010d2 <ice_hal_spi_init+0xc6>
10001048:	429e      	cmp	r6, r3
1000104a:	db05      	blt.n	10001058 <ice_hal_spi_init+0x4c>
1000104c:	4621      	mov	r1, r4
1000104e:	4630      	mov	r0, r6
10001050:	f7ff fe90 	bl	10000d74 <check_miso>
10001054:	2800      	cmp	r0, #0
10001056:	db54      	blt.n	10001102 <ice_hal_spi_init+0xf6>
10001058:	4628      	mov	r0, r5
1000105a:	f7ff ffb9 	bl	10000fd0 <ice_hal_gpio_init>
1000105e:	2800      	cmp	r0, #0
10001060:	db52      	blt.n	10001108 <ice_hal_spi_init+0xfc>
10001062:	2e00      	cmp	r6, #0
10001064:	db04      	blt.n	10001070 <ice_hal_spi_init+0x64>
10001066:	4630      	mov	r0, r6
10001068:	f7ff ffb2 	bl	10000fd0 <ice_hal_gpio_init>
1000106c:	2800      	cmp	r0, #0
1000106e:	db4d      	blt.n	1000110c <ice_hal_spi_init+0x100>
10001070:	4638      	mov	r0, r7
10001072:	f7ff ffad 	bl	10000fd0 <ice_hal_gpio_init>
10001076:	2800      	cmp	r0, #0
10001078:	db4a      	blt.n	10001110 <ice_hal_spi_init+0x104>
1000107a:	4628      	mov	r0, r5
1000107c:	f7ff ffb9 	bl	10000ff2 <ice_hal_gpio_set_high_z>
10001080:	2800      	cmp	r0, #0
10001082:	db47      	blt.n	10001114 <ice_hal_spi_init+0x108>
10001084:	2e00      	cmp	r6, #0
10001086:	db04      	blt.n	10001092 <ice_hal_spi_init+0x86>
10001088:	4630      	mov	r0, r6
1000108a:	f7ff ffb2 	bl	10000ff2 <ice_hal_gpio_set_high_z>
1000108e:	2800      	cmp	r0, #0
10001090:	db42      	blt.n	10001118 <ice_hal_spi_init+0x10c>
10001092:	4638      	mov	r0, r7
10001094:	f7ff ffad 	bl	10000ff2 <ice_hal_gpio_set_high_z>
10001098:	2800      	cmp	r0, #0
1000109a:	db3f      	blt.n	1000111c <ice_hal_spi_init+0x110>
1000109c:	bb1c      	cbnz	r4, 100010e6 <ice_hal_spi_init+0xda>
1000109e:	4b27      	ldr	r3, [pc, #156]	@ (1000113c <ice_hal_spi_init+0x130>)
100010a0:	4a27      	ldr	r2, [pc, #156]	@ (10001140 <ice_hal_spi_init+0x134>)
100010a2:	601a      	str	r2, [r3, #0]
100010a4:	4641      	mov	r1, r8
100010a6:	4b25      	ldr	r3, [pc, #148]	@ (1000113c <ice_hal_spi_init+0x130>)
100010a8:	6818      	ldr	r0, [r3, #0]
100010aa:	f001 fccd 	bl	10002a48 <spi_init>
100010ae:	e014      	b.n	100010da <ice_hal_spi_init+0xce>
100010b0:	2100      	movs	r1, #0
100010b2:	4628      	mov	r0, r5
100010b4:	f7ff fe5e 	bl	10000d74 <check_miso>
100010b8:	1e04      	subs	r4, r0, #0
100010ba:	db03      	blt.n	100010c4 <ice_hal_spi_init+0xb8>
100010bc:	4b1e      	ldr	r3, [pc, #120]	@ (10001138 <ice_hal_spi_init+0x12c>)
100010be:	2201      	movs	r2, #1
100010c0:	701a      	strb	r2, [r3, #0]
100010c2:	e7b1      	b.n	10001028 <ice_hal_spi_init+0x1c>
100010c4:	2101      	movs	r1, #1
100010c6:	4628      	mov	r0, r5
100010c8:	f7ff fe54 	bl	10000d74 <check_miso>
100010cc:	1e04      	subs	r4, r0, #0
100010ce:	daf5      	bge.n	100010bc <ice_hal_spi_init+0xb0>
100010d0:	e006      	b.n	100010e0 <ice_hal_spi_init+0xd4>
100010d2:	f7ff feb1 	bl	10000e38 <pio_state_machine_init>
100010d6:	2800      	cmp	r0, #0
100010d8:	db11      	blt.n	100010fe <ice_hal_spi_init+0xf2>
100010da:	4b13      	ldr	r3, [pc, #76]	@ (10001128 <ice_hal_spi_init+0x11c>)
100010dc:	2201      	movs	r2, #1
100010de:	701a      	strb	r2, [r3, #0]
100010e0:	4620      	mov	r0, r4
100010e2:	e8bd 81f0 	ldmia.w	sp!, {r4, r5, r6, r7, r8, pc}
100010e6:	2c01      	cmp	r4, #1
100010e8:	d11a      	bne.n	10001120 <ice_hal_spi_init+0x114>
100010ea:	4b14      	ldr	r3, [pc, #80]	@ (1000113c <ice_hal_spi_init+0x130>)
100010ec:	4a15      	ldr	r2, [pc, #84]	@ (10001144 <ice_hal_spi_init+0x138>)
100010ee:	601a      	str	r2, [r3, #0]
100010f0:	e7d8      	b.n	100010a4 <ice_hal_spi_init+0x98>
100010f2:	f04f 34ff 	mov.w	r4, #4294967295	@ 0xffffffff
100010f6:	e7f3      	b.n	100010e0 <ice_hal_spi_init+0xd4>
100010f8:	f06f 0415 	mvn.w	r4, #21
100010fc:	e7f0      	b.n	100010e0 <ice_hal_spi_init+0xd4>
100010fe:	4604      	mov	r4, r0
10001100:	e7ee      	b.n	100010e0 <ice_hal_spi_init+0xd4>
10001102:	f06f 0415 	mvn.w	r4, #21
10001106:	e7eb      	b.n	100010e0 <ice_hal_spi_init+0xd4>
10001108:	4604      	mov	r4, r0
1000110a:	e7e9      	b.n	100010e0 <ice_hal_spi_init+0xd4>
1000110c:	4604      	mov	r4, r0
1000110e:	e7e7      	b.n	100010e0 <ice_hal_spi_init+0xd4>
10001110:	4604      	mov	r4, r0
10001112:	e7e5      	b.n	100010e0 <ice_hal_spi_init+0xd4>
10001114:	4604      	mov	r4, r0
10001116:	e7e3      	b.n	100010e0 <ice_hal_spi_init+0xd4>
10001118:	4604      	mov	r4, r0
1000111a:	e7e1      	b.n	100010e0 <ice_hal_spi_init+0xd4>
1000111c:	4604      	mov	r4, r0
1000111e:	e7df      	b.n	100010e0 <ice_hal_spi_init+0xd4>
10001120:	f06f 0415 	mvn.w	r4, #21
10001124:	e7dc      	b.n	100010e0 <ice_hal_spi_init+0xd4>
10001126:	bf00      	nop
10001128:	2001baba 	.word	0x2001baba
1000112c:	2001b4cc 	.word	0x2001b4cc
10001130:	2001b4d0 	.word	0x2001b4d0
10001134:	2001b4c8 	.word	0x2001b4c8
10001138:	2001babc 	.word	0x2001babc
1000113c:	2001a598 	.word	0x2001a598
10001140:	40080000 	.word	0x40080000
10001144:	40088000 	.word	0x40088000

10001148 <ice_hal_spi_write>:
10001148:	b5f8      	push	{r3, r4, r5, r6, r7, lr}
1000114a:	4b2b      	ldr	r3, [pc, #172]	@ (100011f8 <ice_hal_spi_write+0xb0>)
1000114c:	781b      	ldrb	r3, [r3, #0]
1000114e:	2b00      	cmp	r3, #0
10001150:	d04f      	beq.n	100011f2 <ice_hal_spi_write+0xaa>
10001152:	4605      	mov	r5, r0
10001154:	460c      	mov	r4, r1
10001156:	4b29      	ldr	r3, [pc, #164]	@ (100011fc <ice_hal_spi_write+0xb4>)
10001158:	781b      	ldrb	r3, [r3, #0]
1000115a:	b34b      	cbz	r3, 100011b0 <ice_hal_spi_write+0x68>
1000115c:	f04f 0e00 	mov.w	lr, #0
10001160:	e013      	b.n	1000118a <ice_hal_spi_write+0x42>
10001162:	4b27      	ldr	r3, [pc, #156]	@ (10001200 <ice_hal_spi_write+0xb8>)
10001164:	6818      	ldr	r0, [r3, #0]
10001166:	4b27      	ldr	r3, [pc, #156]	@ (10001204 <ice_hal_spi_write+0xbc>)
10001168:	6819      	ldr	r1, [r3, #0]
1000116a:	f815 600e 	ldrb.w	r6, [r5, lr]
1000116e:	0636      	lsls	r6, r6, #24
10001170:	6842      	ldr	r2, [r0, #4]
10001172:	f101 0c10 	add.w	ip, r1, #16
10001176:	2301      	movs	r3, #1
10001178:	fa03 f30c 	lsl.w	r3, r3, ip
1000117c:	421a      	tst	r2, r3
1000117e:	d1f7      	bne.n	10001170 <ice_hal_spi_write+0x28>
10001180:	3104      	adds	r1, #4
10001182:	f840 6021 	str.w	r6, [r0, r1, lsl #2]
10001186:	f10e 0e01 	add.w	lr, lr, #1
1000118a:	45a6      	cmp	lr, r4
1000118c:	d3e9      	bcc.n	10001162 <ice_hal_spi_write+0x1a>
1000118e:	4b1c      	ldr	r3, [pc, #112]	@ (10001200 <ice_hal_spi_write+0xb8>)
10001190:	6819      	ldr	r1, [r3, #0]
10001192:	4b1c      	ldr	r3, [pc, #112]	@ (10001204 <ice_hal_spi_write+0xbc>)
10001194:	681a      	ldr	r2, [r3, #0]
10001196:	6848      	ldr	r0, [r1, #4]
10001198:	3218      	adds	r2, #24
1000119a:	2301      	movs	r3, #1
1000119c:	4093      	lsls	r3, r2
1000119e:	4218      	tst	r0, r3
100011a0:	d0f5      	beq.n	1000118e <ice_hal_spi_write+0x46>
100011a2:	608b      	str	r3, [r1, #8]
100011a4:	688a      	ldr	r2, [r1, #8]
100011a6:	421a      	tst	r2, r3
100011a8:	d0fc      	beq.n	100011a4 <ice_hal_spi_write+0x5c>
100011aa:	2400      	movs	r4, #0
100011ac:	4620      	mov	r0, r4
100011ae:	bdf8      	pop	{r3, r4, r5, r6, r7, pc}
100011b0:	4e15      	ldr	r6, [pc, #84]	@ (10001208 <ice_hal_spi_write+0xc0>)
100011b2:	2101      	movs	r1, #1
100011b4:	6830      	ldr	r0, [r6, #0]
100011b6:	f001 f86f 	bl	10002298 <gpio_set_function>
100011ba:	2101      	movs	r1, #1
100011bc:	4f13      	ldr	r7, [pc, #76]	@ (1000120c <ice_hal_spi_write+0xc4>)
100011be:	6838      	ldr	r0, [r7, #0]
100011c0:	f001 f86a 	bl	10002298 <gpio_set_function>
100011c4:	2101      	movs	r1, #1
100011c6:	4b12      	ldr	r3, [pc, #72]	@ (10001210 <ice_hal_spi_write+0xc8>)
100011c8:	6818      	ldr	r0, [r3, #0]
100011ca:	f001 f865 	bl	10002298 <gpio_set_function>
100011ce:	4622      	mov	r2, r4
100011d0:	4629      	mov	r1, r5
100011d2:	4b10      	ldr	r3, [pc, #64]	@ (10001214 <ice_hal_spi_write+0xcc>)
100011d4:	6818      	ldr	r0, [r3, #0]
100011d6:	f006 fa0b 	bl	100075f0 <__spi_write_blocking_veneer>
100011da:	4604      	mov	r4, r0
100011dc:	4b0c      	ldr	r3, [pc, #48]	@ (10001210 <ice_hal_spi_write+0xc8>)
100011de:	6818      	ldr	r0, [r3, #0]
100011e0:	f7ff ff07 	bl	10000ff2 <ice_hal_gpio_set_high_z>
100011e4:	6838      	ldr	r0, [r7, #0]
100011e6:	f7ff ff04 	bl	10000ff2 <ice_hal_gpio_set_high_z>
100011ea:	6830      	ldr	r0, [r6, #0]
100011ec:	f7ff ff01 	bl	10000ff2 <ice_hal_gpio_set_high_z>
100011f0:	e7dc      	b.n	100011ac <ice_hal_spi_write+0x64>
100011f2:	f06f 0415 	mvn.w	r4, #21
100011f6:	e7d9      	b.n	100011ac <ice_hal_spi_write+0x64>
100011f8:	2001baba 	.word	0x2001baba
100011fc:	2001babc 	.word	0x2001babc
10001200:	2001ba78 	.word	0x2001ba78
10001204:	2001bab0 	.word	0x2001bab0
10001208:	2001b4cc 	.word	0x2001b4cc
1000120c:	2001b4c8 	.word	0x2001b4c8
10001210:	2001b4d0 	.word	0x2001b4d0
10001214:	2001a598 	.word	0x2001a598

10001218 <ice_hal_gpio_set_pu>:
10001218:	b508      	push	{r3, lr}
1000121a:	2200      	movs	r2, #0
1000121c:	2101      	movs	r1, #1
1000121e:	f001 f857 	bl	100022d0 <gpio_set_pulls>
10001222:	2000      	movs	r0, #0
10001224:	bd08      	pop	{r3, pc}

10001226 <ice_hal_gpio_set_1>:
10001226:	f04f 0301 	mov.w	r3, #1
1000122a:	ec43 0040 	gpioc_bit_out_put r0, r3
1000122e:	ec43 0044 	gpioc_bit_oe_put r0, r3
10001232:	2000      	movs	r0, #0
10001234:	4770      	bx	lr

10001236 <ice_hal_gpio_set_0>:
10001236:	f04f 0300 	mov.w	r3, #0
1000123a:	ec43 0040 	gpioc_bit_out_put r0, r3
1000123e:	f04f 0301 	mov.w	r3, #1
10001242:	ec43 0044 	gpioc_bit_oe_put r0, r3
10001246:	2000      	movs	r0, #0
10001248:	4770      	bx	lr

1000124a <ice_hal_gpio_get>:
1000124a:	b508      	push	{r3, lr}
1000124c:	f7ff fd04 	bl	10000c58 <gpio_get>
10001250:	bd08      	pop	{r3, pc}
	...

10001254 <panic>:
10001254:	b40f      	push	{r0, r1, r2, r3}
10001256:	b500      	push	{lr}
10001258:	b083      	sub	sp, #12
1000125a:	4808      	ldr	r0, [pc, #32]	@ (1000127c <panic+0x28>)
1000125c:	f003 f9e8 	bl	10004630 <__wrap_puts>
10001260:	9b04      	ldr	r3, [sp, #16]
10001262:	b13b      	cbz	r3, 10001274 <panic+0x20>
10001264:	a905      	add	r1, sp, #20
10001266:	9101      	str	r1, [sp, #4]
10001268:	4618      	mov	r0, r3
1000126a:	f003 f9f1 	bl	10004650 <__wrap_vprintf>
1000126e:	4804      	ldr	r0, [pc, #16]	@ (10001280 <panic+0x2c>)
10001270:	f003 f9de 	bl	10004630 <__wrap_puts>
10001274:	2001      	movs	r0, #1
10001276:	f003 f8bb 	bl	100043f0 <_exit>
1000127a:	bf00      	nop
1000127c:	1000777c 	.word	0x1000777c
10001280:	1000778c 	.word	0x1000778c

10001284 <hw_claim_lock>:
10001284:	f3ef 8010 	mrs	r0, PRIMASK
10001288:	b672      	cpsid	i
1000128a:	4b06      	ldr	r3, [pc, #24]	@ (100012a4 <hw_claim_lock+0x20>)
1000128c:	e8d3 1fcf 	ldaexb	r1, [r3]
10001290:	2201      	movs	r2, #1
10001292:	2900      	cmp	r1, #0
10001294:	d1fa      	bne.n	1000128c <hw_claim_lock+0x8>
10001296:	e8c3 2f41 	strexb	r1, r2, [r3]
1000129a:	2900      	cmp	r1, #0
1000129c:	d1f6      	bne.n	1000128c <hw_claim_lock+0x8>
1000129e:	f3bf 8f5f 	dmb	sy
100012a2:	4770      	bx	lr
100012a4:	2001a3f7 	.word	0x2001a3f7

100012a8 <hw_claim_unlock>:
100012a8:	2300      	movs	r3, #0
100012aa:	4a03      	ldr	r2, [pc, #12]	@ (100012b8 <hw_claim_unlock+0x10>)
100012ac:	e8c2 3f8f 	stlb	r3, [r2]
100012b0:	f380 8810 	msr	PRIMASK, r0
100012b4:	4770      	bx	lr
100012b6:	bf00      	nop
100012b8:	2001a3f7 	.word	0x2001a3f7

100012bc <hw_claim_or_assert>:
100012bc:	b570      	push	{r4, r5, r6, lr}
100012be:	4605      	mov	r5, r0
100012c0:	460c      	mov	r4, r1
100012c2:	4616      	mov	r6, r2
100012c4:	f7ff ffde 	bl	10001284 <hw_claim_lock>
100012c8:	08e2      	lsrs	r2, r4, #3
100012ca:	5ca9      	ldrb	r1, [r5, r2]
100012cc:	f004 0c07 	and.w	ip, r4, #7
100012d0:	2301      	movs	r3, #1
100012d2:	fa03 f30c 	lsl.w	r3, r3, ip
100012d6:	4219      	tst	r1, r3
100012d8:	d105      	bne.n	100012e6 <hw_claim_or_assert+0x2a>
100012da:	b2db      	uxtb	r3, r3
100012dc:	430b      	orrs	r3, r1
100012de:	54ab      	strb	r3, [r5, r2]
100012e0:	f7ff ffe2 	bl	100012a8 <hw_claim_unlock>
100012e4:	bd70      	pop	{r4, r5, r6, pc}
100012e6:	4621      	mov	r1, r4
100012e8:	4630      	mov	r0, r6
100012ea:	f7ff ffb3 	bl	10001254 <panic>

100012ee <hw_claim_unused_from_range>:
100012ee:	b5f8      	push	{r3, r4, r5, r6, r7, lr}
100012f0:	4605      	mov	r5, r0
100012f2:	460f      	mov	r7, r1
100012f4:	4614      	mov	r4, r2
100012f6:	461e      	mov	r6, r3
100012f8:	f7ff ffc4 	bl	10001284 <hw_claim_lock>
100012fc:	e000      	b.n	10001300 <hw_claim_unused_from_range+0x12>
100012fe:	3401      	adds	r4, #1
10001300:	42b4      	cmp	r4, r6
10001302:	d80e      	bhi.n	10001322 <hw_claim_unused_from_range+0x34>
10001304:	ea4f 0cd4 	mov.w	ip, r4, lsr #3
10001308:	f815 100c 	ldrb.w	r1, [r5, ip]
1000130c:	f004 0307 	and.w	r3, r4, #7
10001310:	2201      	movs	r2, #1
10001312:	409a      	lsls	r2, r3
10001314:	4211      	tst	r1, r2
10001316:	d1f2      	bne.n	100012fe <hw_claim_unused_from_range+0x10>
10001318:	b2d2      	uxtb	r2, r2
1000131a:	430a      	orrs	r2, r1
1000131c:	f805 200c 	strb.w	r2, [r5, ip]
10001320:	e001      	b.n	10001326 <hw_claim_unused_from_range+0x38>
10001322:	f04f 34ff 	mov.w	r4, #4294967295	@ 0xffffffff
10001326:	f7ff ffbf 	bl	100012a8 <hw_claim_unlock>
1000132a:	2c00      	cmp	r4, #0
1000132c:	db01      	blt.n	10001332 <hw_claim_unused_from_range+0x44>
1000132e:	4620      	mov	r0, r4
10001330:	bdf8      	pop	{r3, r4, r5, r6, r7, pc}
10001332:	2f00      	cmp	r7, #0
10001334:	d0fb      	beq.n	1000132e <hw_claim_unused_from_range+0x40>
10001336:	9806      	ldr	r0, [sp, #24]
10001338:	f7ff ff8c 	bl	10001254 <panic>

1000133c <hw_claim_clear>:
1000133c:	b538      	push	{r3, r4, r5, lr}
1000133e:	4605      	mov	r5, r0
10001340:	460c      	mov	r4, r1
10001342:	f7ff ff9f 	bl	10001284 <hw_claim_lock>
10001346:	08e1      	lsrs	r1, r4, #3
10001348:	5c6a      	ldrb	r2, [r5, r1]
1000134a:	f004 0407 	and.w	r4, r4, #7
1000134e:	2301      	movs	r3, #1
10001350:	40a3      	lsls	r3, r4
10001352:	421a      	tst	r2, r3
10001354:	d005      	beq.n	10001362 <hw_claim_clear+0x26>
10001356:	ea22 0203 	bic.w	r2, r2, r3
1000135a:	546a      	strb	r2, [r5, r1]
1000135c:	f7ff ffa4 	bl	100012a8 <hw_claim_unlock>
10001360:	bd38      	pop	{r3, r4, r5, pc}
10001362:	4b03      	ldr	r3, [pc, #12]	@ (10001370 <hw_claim_clear+0x34>)
10001364:	4a03      	ldr	r2, [pc, #12]	@ (10001374 <hw_claim_clear+0x38>)
10001366:	2133      	movs	r1, #51	@ 0x33
10001368:	4803      	ldr	r0, [pc, #12]	@ (10001378 <hw_claim_clear+0x3c>)
1000136a:	f003 f847 	bl	100043fc <__assert_func>
1000136e:	bf00      	nop
10001370:	10007790 	.word	0x10007790
10001374:	10008318 	.word	0x10008318
10001378:	100077b0 	.word	0x100077b0

1000137c <next_striped_spin_lock_num>:
1000137c:	4a05      	ldr	r2, [pc, #20]	@ (10001394 <next_striped_spin_lock_num+0x18>)
1000137e:	7810      	ldrb	r0, [r2, #0]
10001380:	1c43      	adds	r3, r0, #1
10001382:	b2db      	uxtb	r3, r3
10001384:	7013      	strb	r3, [r2, #0]
10001386:	2b17      	cmp	r3, #23
10001388:	d902      	bls.n	10001390 <next_striped_spin_lock_num+0x14>
1000138a:	4613      	mov	r3, r2
1000138c:	2210      	movs	r2, #16
1000138e:	701a      	strb	r2, [r3, #0]
10001390:	4770      	bx	lr
10001392:	bf00      	nop
10001394:	2001a06a 	.word	0x2001a06a

10001398 <spin_lock_claim_unused>:
10001398:	b500      	push	{lr}
1000139a:	b083      	sub	sp, #12
1000139c:	4601      	mov	r1, r0
1000139e:	4b04      	ldr	r3, [pc, #16]	@ (100013b0 <spin_lock_claim_unused+0x18>)
100013a0:	9300      	str	r3, [sp, #0]
100013a2:	231f      	movs	r3, #31
100013a4:	2218      	movs	r2, #24
100013a6:	4803      	ldr	r0, [pc, #12]	@ (100013b4 <spin_lock_claim_unused+0x1c>)
100013a8:	f7ff ffa1 	bl	100012ee <hw_claim_unused_from_range>
100013ac:	b003      	add	sp, #12
100013ae:	bd00      	pop	{pc}
100013b0:	100077f8 	.word	0x100077f8
100013b4:	2001a560 	.word	0x2001a560

100013b8 <spinlock_set_extexclall>:
100013b8:	f04f 22e0 	mov.w	r2, #3758153728	@ 0xe000e000
100013bc:	6893      	ldr	r3, [r2, #8]
100013be:	f043 5300 	orr.w	r3, r3, #536870912	@ 0x20000000
100013c2:	6093      	str	r3, [r2, #8]
100013c4:	4770      	bx	lr
	...

100013c8 <spin_locks_reset>:
100013c8:	2300      	movs	r3, #0
100013ca:	e005      	b.n	100013d8 <spin_locks_reset+0x10>
100013cc:	4a04      	ldr	r2, [pc, #16]	@ (100013e0 <spin_locks_reset+0x18>)
100013ce:	441a      	add	r2, r3
100013d0:	2100      	movs	r1, #0
100013d2:	e8c2 1f8f 	stlb	r1, [r2]
100013d6:	3301      	adds	r3, #1
100013d8:	2b1f      	cmp	r3, #31
100013da:	d9f7      	bls.n	100013cc <spin_locks_reset+0x4>
100013dc:	4770      	bx	lr
100013de:	bf00      	nop
100013e0:	2001a3ec 	.word	0x2001a3ec

100013e4 <rom_func_lookup>:
100013e4:	b508      	push	{r3, lr}
100013e6:	2300      	movs	r3, #0
100013e8:	8adb      	ldrh	r3, [r3, #22]
100013ea:	2200      	movs	r2, #0
100013ec:	e842 f200 	tt	r2, r2
100013f0:	f412 0f80 	tst.w	r2, #4194304	@ 0x400000
100013f4:	d102      	bne.n	100013fc <rom_func_lookup+0x18>
100013f6:	2110      	movs	r1, #16
100013f8:	4798      	blx	r3
100013fa:	bd08      	pop	{r3, pc}
100013fc:	2104      	movs	r1, #4
100013fe:	4798      	blx	r3
10001400:	e7fb      	b.n	100013fa <rom_func_lookup+0x16>
	...

10001404 <runtime_init_bootrom_locking_enable>:
10001404:	4b03      	ldr	r3, [pc, #12]	@ (10001414 <runtime_init_bootrom_locking_enable+0x10>)
10001406:	f8d3 3828 	ldr.w	r3, [r3, #2088]	@ 0x828
1000140a:	2b00      	cmp	r3, #0
1000140c:	d0fa      	beq.n	10001404 <runtime_init_bootrom_locking_enable>
1000140e:	f3bf 8f5f 	dmb	sy
10001412:	4770      	bx	lr
10001414:	400e0000 	.word	0x400e0000

10001418 <boot_locks_reset>:
10001418:	2200      	movs	r2, #0
1000141a:	e007      	b.n	1000142c <boot_locks_reset+0x14>
1000141c:	4b05      	ldr	r3, [pc, #20]	@ (10001434 <boot_locks_reset+0x1c>)
1000141e:	4413      	add	r3, r2
10001420:	009b      	lsls	r3, r3, #2
10001422:	f3bf 8f5f 	dmb	sy
10001426:	2100      	movs	r1, #0
10001428:	6019      	str	r1, [r3, #0]
1000142a:	3201      	adds	r2, #1
1000142c:	2a07      	cmp	r2, #7
1000142e:	d9f5      	bls.n	1000141c <boot_locks_reset+0x4>
10001430:	4770      	bx	lr
10001432:	bf00      	nop
10001434:	10038203 	.word	0x10038203

10001438 <runtime_init_boot_locks_reset>:
10001438:	b508      	push	{r3, lr}
1000143a:	f7ff ffed 	bl	10001418 <boot_locks_reset>
1000143e:	bd08      	pop	{r3, pc}

10001440 <ta_from_current_irq>:
10001440:	4602      	mov	r2, r0
10001442:	f3ef 8305 	mrs	r3, IPSR
10001446:	b2db      	uxtb	r3, r3
10001448:	3b10      	subs	r3, #16
1000144a:	0899      	lsrs	r1, r3, #2
1000144c:	d004      	beq.n	10001458 <ta_from_current_irq+0x18>
1000144e:	4803      	ldr	r0, [pc, #12]	@ (1000145c <ta_from_current_irq+0x1c>)
10001450:	f003 0303 	and.w	r3, r3, #3
10001454:	6013      	str	r3, [r2, #0]
10001456:	4770      	bx	lr
10001458:	4801      	ldr	r0, [pc, #4]	@ (10001460 <ta_from_current_irq+0x20>)
1000145a:	e7f9      	b.n	10001450 <ta_from_current_irq+0x10>
1000145c:	400b8000 	.word	0x400b8000
10001460:	400b0000 	.word	0x400b0000

10001464 <ta_set_timeout>:
10001464:	b500      	push	{lr}
10001466:	f8d0 c028 	ldr.w	ip, [r0, #40]	@ 0x28
1000146a:	eba2 0e0c 	sub.w	lr, r2, ip
1000146e:	1d0b      	adds	r3, r1, #4
10001470:	f850 3023 	ldr.w	r3, [r0, r3, lsl #2]
10001474:	eba3 030c 	sub.w	r3, r3, ip
10001478:	459e      	cmp	lr, r3
1000147a:	d306      	bcc.n	1000148a <ta_set_timeout+0x26>
1000147c:	f8d0 c020 	ldr.w	ip, [r0, #32]
10001480:	2301      	movs	r3, #1
10001482:	408b      	lsls	r3, r1
10001484:	ea1c 0f03 	tst.w	ip, r3
10001488:	d102      	bne.n	10001490 <ta_set_timeout+0x2c>
1000148a:	3104      	adds	r1, #4
1000148c:	f840 2021 	str.w	r2, [r0, r1, lsl #2]
10001490:	bd00      	pop	{pc}

10001492 <make_alarm_id>:
10001492:	ea41 4000 	orr.w	r0, r1, r0, lsl #16
10001496:	4770      	bx	lr

10001498 <sleep_until_callback>:
10001498:	4b0d      	ldr	r3, [pc, #52]	@ (100014d0 <sleep_until_callback+0x38>)
1000149a:	681a      	ldr	r2, [r3, #0]
1000149c:	f3ef 8110 	mrs	r1, PRIMASK
100014a0:	b672      	cpsid	i
100014a2:	e8d2 cfcf 	ldaexb	ip, [r2]
100014a6:	2001      	movs	r0, #1
100014a8:	f1bc 0f00 	cmp.w	ip, #0
100014ac:	d1f9      	bne.n	100014a2 <sleep_until_callback+0xa>
100014ae:	e8c2 0f4c 	strexb	ip, r0, [r2]
100014b2:	f1bc 0f00 	cmp.w	ip, #0
100014b6:	d1f4      	bne.n	100014a2 <sleep_until_callback+0xa>
100014b8:	f3bf 8f5f 	dmb	sy
100014bc:	681a      	ldr	r2, [r3, #0]
100014be:	2300      	movs	r3, #0
100014c0:	e8c2 3f8f 	stlb	r3, [r2]
100014c4:	f381 8810 	msr	PRIMASK, r1
100014c8:	bf40      	sev
100014ca:	2000      	movs	r0, #0
100014cc:	2100      	movs	r1, #0
100014ce:	4770      	bx	lr
100014d0:	2001baac 	.word	0x2001baac

100014d4 <alarm_pool_irq_handler>:
100014d4:	e92d 4ff0 	stmdb	sp!, {r4, r5, r6, r7, r8, r9, sl, fp, lr}
100014d8:	b085      	sub	sp, #20
100014da:	a803      	add	r0, sp, #12
100014dc:	f7ff ffb0 	bl	10001440 <ta_from_current_irq>
100014e0:	4b95      	ldr	r3, [pc, #596]	@ (10001738 <alarm_pool_irq_handler+0x264>)
100014e2:	4298      	cmp	r0, r3
100014e4:	bf14      	ite	ne
100014e6:	2300      	movne	r3, #0
100014e8:	2301      	moveq	r3, #1
100014ea:	9903      	ldr	r1, [sp, #12]
100014ec:	eb01 0383 	add.w	r3, r1, r3, lsl #2
100014f0:	4a92      	ldr	r2, [pc, #584]	@ (1000173c <alarm_pool_irq_handler+0x268>)
100014f2:	f852 4023 	ldr.w	r4, [r2, r3, lsl #2]
100014f6:	7823      	ldrb	r3, [r4, #0]
100014f8:	4299      	cmp	r1, r3
100014fa:	d106      	bne.n	1000150a <alarm_pool_irq_handler+0x36>
100014fc:	4605      	mov	r5, r0
100014fe:	2201      	movs	r2, #1
10001500:	408a      	lsls	r2, r1
10001502:	f500 5341 	add.w	r3, r0, #12352	@ 0x3040
10001506:	605a      	str	r2, [r3, #4]
10001508:	e12c      	b.n	10001764 <alarm_pool_irq_handler+0x290>
1000150a:	4b8d      	ldr	r3, [pc, #564]	@ (10001740 <alarm_pool_irq_handler+0x26c>)
1000150c:	4a8d      	ldr	r2, [pc, #564]	@ (10001744 <alarm_pool_irq_handler+0x270>)
1000150e:	2192      	movs	r1, #146	@ 0x92
10001510:	488d      	ldr	r0, [pc, #564]	@ (10001748 <alarm_pool_irq_handler+0x274>)
10001512:	f002 ff73 	bl	100043fc <__assert_func>
10001516:	f8d4 9014 	ldr.w	r9, [r4, #20]
1000151a:	eb06 0746 	add.w	r7, r6, r6, lsl #1
1000151e:	ea4f 0ac7 	mov.w	sl, r7, lsl #3
10001522:	eb09 07c7 	add.w	r7, r9, r7, lsl #3
10001526:	f8d7 b008 	ldr.w	fp, [r7, #8]
1000152a:	f8d7 800c 	ldr.w	r8, [r7, #12]
1000152e:	4628      	mov	r0, r5
10001530:	f000 fbb4 	bl	10001c9c <timer_time_us_64>
10001534:	ebb0 000b 	subs.w	r0, r0, fp
10001538:	eb61 0308 	sbc.w	r3, r1, r8
1000153c:	2b00      	cmp	r3, #0
1000153e:	f2c0 811a 	blt.w	10001776 <alarm_pool_irq_handler+0x2a2>
10001542:	f1b8 0f00 	cmp.w	r8, #0
10001546:	db64      	blt.n	10001612 <alarm_pool_irq_handler+0x13e>
10001548:	693b      	ldr	r3, [r7, #16]
1000154a:	461a      	mov	r2, r3
1000154c:	9300      	str	r3, [sp, #0]
1000154e:	4b7f      	ldr	r3, [pc, #508]	@ (1000174c <alarm_pool_irq_handler+0x278>)
10001550:	429a      	cmp	r2, r3
10001552:	d030      	beq.n	100015b6 <alarm_pool_irq_handler+0xe2>
10001554:	8879      	ldrh	r1, [r7, #2]
10001556:	b289      	uxth	r1, r1
10001558:	f9b4 0008 	ldrsh.w	r0, [r4, #8]
1000155c:	f7ff ff99 	bl	10001492 <make_alarm_id>
10001560:	6979      	ldr	r1, [r7, #20]
10001562:	9b00      	ldr	r3, [sp, #0]
10001564:	4798      	blx	r3
10001566:	9000      	str	r0, [sp, #0]
10001568:	9101      	str	r1, [sp, #4]
1000156a:	9900      	ldr	r1, [sp, #0]
1000156c:	9a01      	ldr	r2, [sp, #4]
1000156e:	ea51 0302 	orrs.w	r3, r1, r2
10001572:	d04e      	beq.n	10001612 <alarm_pool_irq_handler+0x13e>
10001574:	4613      	mov	r3, r2
10001576:	2a00      	cmp	r2, #0
10001578:	da29      	bge.n	100015ce <alarm_pool_irq_handler+0xfa>
1000157a:	ebbb 0201 	subs.w	r2, fp, r1
1000157e:	eb68 0803 	sbc.w	r8, r8, r3
10001582:	60ba      	str	r2, [r7, #8]
10001584:	f8c7 800c 	str.w	r8, [r7, #12]
10001588:	f939 700a 	ldrsh.w	r7, [r9, sl]
1000158c:	2f00      	cmp	r7, #0
1000158e:	f2c0 80f2 	blt.w	10001776 <alarm_pool_irq_handler+0x2a2>
10001592:	f8d4 e014 	ldr.w	lr, [r4, #20]
10001596:	eb07 0347 	add.w	r3, r7, r7, lsl #1
1000159a:	eb0e 03c3 	add.w	r3, lr, r3, lsl #3
1000159e:	6899      	ldr	r1, [r3, #8]
100015a0:	68db      	ldr	r3, [r3, #12]
100015a2:	1a51      	subs	r1, r2, r1
100015a4:	eb68 0303 	sbc.w	r3, r8, r3
100015a8:	2b00      	cmp	r3, #0
100015aa:	f2c0 80e4 	blt.w	10001776 <alarm_pool_irq_handler+0x2a2>
100015ae:	46a4      	mov	ip, r4
100015b0:	f82c 7f08 	strh.w	r7, [ip, #8]!
100015b4:	e017      	b.n	100015e6 <alarm_pool_irq_handler+0x112>
100015b6:	697a      	ldr	r2, [r7, #20]
100015b8:	6913      	ldr	r3, [r2, #16]
100015ba:	9200      	str	r2, [sp, #0]
100015bc:	4610      	mov	r0, r2
100015be:	4798      	blx	r3
100015c0:	b338      	cbz	r0, 10001612 <alarm_pool_irq_handler+0x13e>
100015c2:	9a00      	ldr	r2, [sp, #0]
100015c4:	6813      	ldr	r3, [r2, #0]
100015c6:	9300      	str	r3, [sp, #0]
100015c8:	6853      	ldr	r3, [r2, #4]
100015ca:	9301      	str	r3, [sp, #4]
100015cc:	e7cd      	b.n	1000156a <alarm_pool_irq_handler+0x96>
100015ce:	4628      	mov	r0, r5
100015d0:	f000 fb64 	bl	10001c9c <timer_time_us_64>
100015d4:	9b00      	ldr	r3, [sp, #0]
100015d6:	181a      	adds	r2, r3, r0
100015d8:	9b01      	ldr	r3, [sp, #4]
100015da:	eb43 0801 	adc.w	r8, r3, r1
100015de:	e7d0      	b.n	10001582 <alarm_pool_irq_handler+0xae>
100015e0:	469c      	mov	ip, r3
100015e2:	f93e 700b 	ldrsh.w	r7, [lr, fp]
100015e6:	2f00      	cmp	r7, #0
100015e8:	db0e      	blt.n	10001608 <alarm_pool_irq_handler+0x134>
100015ea:	f9bc 3000 	ldrsh.w	r3, [ip]
100015ee:	eb03 0343 	add.w	r3, r3, r3, lsl #1
100015f2:	ea4f 0bc3 	mov.w	fp, r3, lsl #3
100015f6:	eb0e 03c3 	add.w	r3, lr, r3, lsl #3
100015fa:	6898      	ldr	r0, [r3, #8]
100015fc:	68d9      	ldr	r1, [r3, #12]
100015fe:	1a10      	subs	r0, r2, r0
10001600:	eb68 0101 	sbc.w	r1, r8, r1
10001604:	2900      	cmp	r1, #0
10001606:	daeb      	bge.n	100015e0 <alarm_pool_irq_handler+0x10c>
10001608:	f829 700a 	strh.w	r7, [r9, sl]
1000160c:	f8ac 6000 	strh.w	r6, [ip]
10001610:	e0b1      	b.n	10001776 <alarm_pool_irq_handler+0x2a2>
10001612:	f939 300a 	ldrsh.w	r3, [r9, sl]
10001616:	8123      	strh	r3, [r4, #8]
10001618:	6923      	ldr	r3, [r4, #16]
1000161a:	f3ef 8210 	mrs	r2, PRIMASK
1000161e:	b672      	cpsid	i
10001620:	e8d3 0fcf 	ldaexb	r0, [r3]
10001624:	2101      	movs	r1, #1
10001626:	2800      	cmp	r0, #0
10001628:	d1fa      	bne.n	10001620 <alarm_pool_irq_handler+0x14c>
1000162a:	e8c3 1f40 	strexb	r0, r1, [r3]
1000162e:	2800      	cmp	r0, #0
10001630:	d1f6      	bne.n	10001620 <alarm_pool_irq_handler+0x14c>
10001632:	f3bf 8f5f 	dmb	sy
10001636:	f9b4 3002 	ldrsh.w	r3, [r4, #2]
1000163a:	f829 300a 	strh.w	r3, [r9, sl]
1000163e:	8066      	strh	r6, [r4, #2]
10001640:	6921      	ldr	r1, [r4, #16]
10001642:	2300      	movs	r3, #0
10001644:	e8c1 3f8f 	stlb	r3, [r1]
10001648:	f382 8810 	msr	PRIMASK, r2
1000164c:	e093      	b.n	10001776 <alarm_pool_irq_handler+0x2a2>
1000164e:	6923      	ldr	r3, [r4, #16]
10001650:	f3ef 8210 	mrs	r2, PRIMASK
10001654:	b672      	cpsid	i
10001656:	e8d3 0fcf 	ldaexb	r0, [r3]
1000165a:	2101      	movs	r1, #1
1000165c:	2800      	cmp	r0, #0
1000165e:	d1fa      	bne.n	10001656 <alarm_pool_irq_handler+0x182>
10001660:	e8c3 1f40 	strexb	r0, r1, [r3]
10001664:	2800      	cmp	r0, #0
10001666:	d1f6      	bne.n	10001656 <alarm_pool_irq_handler+0x182>
10001668:	f3bf 8f5f 	dmb	sy
1000166c:	f8b4 8004 	ldrh.w	r8, [r4, #4]
10001670:	fa0f f888 	sxth.w	r8, r8
10001674:	f64f 73ff 	movw	r3, #65535	@ 0xffff
10001678:	80a3      	strh	r3, [r4, #4]
1000167a:	6921      	ldr	r1, [r4, #16]
1000167c:	2300      	movs	r3, #0
1000167e:	e8c1 3f8f 	stlb	r3, [r1]
10001682:	f382 8810 	msr	PRIMASK, r2
10001686:	e01a      	b.n	100016be <alarm_pool_irq_handler+0x1ea>
10001688:	461f      	mov	r7, r3
1000168a:	f930 600a 	ldrsh.w	r6, [r0, sl]
1000168e:	2e00      	cmp	r6, #0
10001690:	db0f      	blt.n	100016b2 <alarm_pool_irq_handler+0x1de>
10001692:	f9b7 3000 	ldrsh.w	r3, [r7]
10001696:	eb03 0343 	add.w	r3, r3, r3, lsl #1
1000169a:	ea4f 0ac3 	mov.w	sl, r3, lsl #3
1000169e:	eb00 03c3 	add.w	r3, r0, r3, lsl #3
100016a2:	6899      	ldr	r1, [r3, #8]
100016a4:	68da      	ldr	r2, [r3, #12]
100016a6:	ebbc 0101 	subs.w	r1, ip, r1
100016aa:	eb6e 0202 	sbc.w	r2, lr, r2
100016ae:	2a00      	cmp	r2, #0
100016b0:	daea      	bge.n	10001688 <alarm_pool_irq_handler+0x1b4>
100016b2:	f8a7 8000 	strh.w	r8, [r7]
100016b6:	f930 8009 	ldrsh.w	r8, [r0, r9]
100016ba:	f820 6009 	strh.w	r6, [r0, r9]
100016be:	f1b8 0f00 	cmp.w	r8, #0
100016c2:	db5d      	blt.n	10001780 <alarm_pool_irq_handler+0x2ac>
100016c4:	6960      	ldr	r0, [r4, #20]
100016c6:	eb08 0348 	add.w	r3, r8, r8, lsl #1
100016ca:	ea4f 09c3 	mov.w	r9, r3, lsl #3
100016ce:	eb00 03c3 	add.w	r3, r0, r3, lsl #3
100016d2:	f8d3 c008 	ldr.w	ip, [r3, #8]
100016d6:	f8d3 e00c 	ldr.w	lr, [r3, #12]
100016da:	f104 0708 	add.w	r7, r4, #8
100016de:	f9b4 6008 	ldrsh.w	r6, [r4, #8]
100016e2:	e7d4      	b.n	1000168e <alarm_pool_irq_handler+0x1ba>
100016e4:	2300      	movs	r3, #0
100016e6:	71a3      	strb	r3, [r4, #6]
100016e8:	f104 0c08 	add.w	ip, r4, #8
100016ec:	f9b4 3008 	ldrsh.w	r3, [r4, #8]
100016f0:	e010      	b.n	10001714 <alarm_pool_irq_handler+0x240>
100016f2:	f04f 38ff 	mov.w	r8, #4294967295	@ 0xffffffff
100016f6:	f04f 39ff 	mov.w	r9, #4294967295	@ 0xffffffff
100016fa:	e9c0 8902 	strd	r8, r9, [r0, #8]
100016fe:	f9b4 0008 	ldrsh.w	r0, [r4, #8]
10001702:	4298      	cmp	r0, r3
10001704:	d005      	beq.n	10001712 <alarm_pool_irq_handler+0x23e>
10001706:	f8ac 2000 	strh.w	r2, [ip]
1000170a:	f9b4 0008 	ldrsh.w	r0, [r4, #8]
1000170e:	53c8      	strh	r0, [r1, r7]
10001710:	8123      	strh	r3, [r4, #8]
10001712:	4613      	mov	r3, r2
10001714:	f1b3 3fff 	cmp.w	r3, #4294967295	@ 0xffffffff
10001718:	d035      	beq.n	10001786 <alarm_pool_irq_handler+0x2b2>
1000171a:	6961      	ldr	r1, [r4, #20]
1000171c:	eb03 0243 	add.w	r2, r3, r3, lsl #1
10001720:	00d7      	lsls	r7, r2, #3
10001722:	eb01 00c2 	add.w	r0, r1, r2, lsl #3
10001726:	f931 2032 	ldrsh.w	r2, [r1, r2, lsl #3]
1000172a:	8846      	ldrh	r6, [r0, #2]
1000172c:	f416 4f00 	tst.w	r6, #32768	@ 0x8000
10001730:	d1df      	bne.n	100016f2 <alarm_pool_irq_handler+0x21e>
10001732:	4684      	mov	ip, r0
10001734:	e7ed      	b.n	10001712 <alarm_pool_irq_handler+0x23e>
10001736:	bf00      	nop
10001738:	400b8000 	.word	0x400b8000
1000173c:	2001ba7c 	.word	0x2001ba7c
10001740:	10007814 	.word	0x10007814
10001744:	10008340 	.word	0x10008340
10001748:	10007840 	.word	0x10007840
1000174c:	100014d5 	.word	0x100014d5
10001750:	4628      	mov	r0, r5
10001752:	f000 faa3 	bl	10001c9c <timer_time_us_64>
10001756:	1a3f      	subs	r7, r7, r0
10001758:	eb66 0601 	sbc.w	r6, r6, r1
1000175c:	2f01      	cmp	r7, #1
1000175e:	f176 0600 	sbcs.w	r6, r6, #0
10001762:	da28      	bge.n	100017b6 <alarm_pool_irq_handler+0x2e2>
10001764:	9a03      	ldr	r2, [sp, #12]
10001766:	2301      	movs	r3, #1
10001768:	4093      	lsls	r3, r2
1000176a:	63eb      	str	r3, [r5, #60]	@ 0x3c
1000176c:	f9b4 6008 	ldrsh.w	r6, [r4, #8]
10001770:	2e00      	cmp	r6, #0
10001772:	f6bf aed0 	bge.w	10001516 <alarm_pool_irq_handler+0x42>
10001776:	88a3      	ldrh	r3, [r4, #4]
10001778:	f413 4f00 	tst.w	r3, #32768	@ 0x8000
1000177c:	f43f af67 	beq.w	1000164e <alarm_pool_irq_handler+0x17a>
10001780:	79a3      	ldrb	r3, [r4, #6]
10001782:	2b00      	cmp	r3, #0
10001784:	d1ae      	bne.n	100016e4 <alarm_pool_irq_handler+0x210>
10001786:	f9b4 3008 	ldrsh.w	r3, [r4, #8]
1000178a:	2b00      	cmp	r3, #0
1000178c:	db13      	blt.n	100017b6 <alarm_pool_irq_handler+0x2e2>
1000178e:	6962      	ldr	r2, [r4, #20]
10001790:	eb03 0343 	add.w	r3, r3, r3, lsl #1
10001794:	eb02 03c3 	add.w	r3, r2, r3, lsl #3
10001798:	689f      	ldr	r7, [r3, #8]
1000179a:	68de      	ldr	r6, [r3, #12]
1000179c:	f1b6 3fff 	cmp.w	r6, #4294967295	@ 0xffffffff
100017a0:	bf08      	it	eq
100017a2:	f1b7 3fff 	cmpeq.w	r7, #4294967295	@ 0xffffffff
100017a6:	d0d3      	beq.n	10001750 <alarm_pool_irq_handler+0x27c>
100017a8:	463a      	mov	r2, r7
100017aa:	4633      	mov	r3, r6
100017ac:	9903      	ldr	r1, [sp, #12]
100017ae:	4628      	mov	r0, r5
100017b0:	f7ff fe58 	bl	10001464 <ta_set_timeout>
100017b4:	e7cc      	b.n	10001750 <alarm_pool_irq_handler+0x27c>
100017b6:	bf40      	sev
100017b8:	b005      	add	sp, #20
100017ba:	e8bd 8ff0 	ldmia.w	sp!, {r4, r5, r6, r7, r8, r9, sl, fp, pc}
100017be:	bf00      	nop

100017c0 <ta_enable_irq_handler>:
100017c0:	b5f8      	push	{r3, r4, r5, r6, r7, lr}
100017c2:	4604      	mov	r4, r0
100017c4:	460d      	mov	r5, r1
100017c6:	4611      	mov	r1, r2
100017c8:	4b0a      	ldr	r3, [pc, #40]	@ (100017f4 <ta_enable_irq_handler+0x34>)
100017ca:	4298      	cmp	r0, r3
100017cc:	d010      	beq.n	100017f0 <ta_enable_irq_handler+0x30>
100017ce:	2600      	movs	r6, #0
100017d0:	442e      	add	r6, r5
100017d2:	2701      	movs	r7, #1
100017d4:	fa07 f505 	lsl.w	r5, r7, r5
100017d8:	6225      	str	r5, [r4, #32]
100017da:	4630      	mov	r0, r6
100017dc:	f000 fb38 	bl	10001e50 <irq_set_exclusive_handler>
100017e0:	4639      	mov	r1, r7
100017e2:	4630      	mov	r0, r6
100017e4:	f000 fb22 	bl	10001e2c <irq_set_enabled>
100017e8:	f504 5401 	add.w	r4, r4, #8256	@ 0x2040
100017ec:	6025      	str	r5, [r4, #0]
100017ee:	bdf8      	pop	{r3, r4, r5, r6, r7, pc}
100017f0:	2604      	movs	r6, #4
100017f2:	e7ed      	b.n	100017d0 <ta_enable_irq_handler+0x10>
100017f4:	400b8000 	.word	0x400b8000

100017f8 <alarm_pool_post_alloc_init>:
100017f8:	b5f8      	push	{r3, r4, r5, r6, r7, lr}
100017fa:	4604      	mov	r4, r0
100017fc:	460e      	mov	r6, r1
100017fe:	4617      	mov	r7, r2
10001800:	461d      	mov	r5, r3
10001802:	60c1      	str	r1, [r0, #12]
10001804:	f7ff fdba 	bl	1000137c <next_striped_spin_lock_num>
10001808:	4b16      	ldr	r3, [pc, #88]	@ (10001864 <alarm_pool_post_alloc_init+0x6c>)
1000180a:	4403      	add	r3, r0
1000180c:	6123      	str	r3, [r4, #16]
1000180e:	7027      	strb	r7, [r4, #0]
10001810:	b2ab      	uxth	r3, r5
10001812:	8163      	strh	r3, [r4, #10]
10001814:	f04f 4250 	mov.w	r2, #3489660928	@ 0xd0000000
10001818:	7812      	ldrb	r2, [r2, #0]
1000181a:	7062      	strb	r2, [r4, #1]
1000181c:	f64f 72ff 	movw	r2, #65535	@ 0xffff
10001820:	8122      	strh	r2, [r4, #8]
10001822:	80a2      	strh	r2, [r4, #4]
10001824:	3b01      	subs	r3, #1
10001826:	8063      	strh	r3, [r4, #2]
10001828:	f04f 0c00 	mov.w	ip, #0
1000182c:	e008      	b.n	10001840 <alarm_pool_post_alloc_init+0x48>
1000182e:	f10c 30ff 	add.w	r0, ip, #4294967295	@ 0xffffffff
10001832:	eb0c 0e4c 	add.w	lr, ip, ip, lsl #1
10001836:	6963      	ldr	r3, [r4, #20]
10001838:	f823 003e 	strh.w	r0, [r3, lr, lsl #3]
1000183c:	f10c 0c01 	add.w	ip, ip, #1
10001840:	45ac      	cmp	ip, r5
10001842:	d3f4      	bcc.n	1000182e <alarm_pool_post_alloc_init+0x36>
10001844:	4b08      	ldr	r3, [pc, #32]	@ (10001868 <alarm_pool_post_alloc_init+0x70>)
10001846:	429e      	cmp	r6, r3
10001848:	bf14      	ite	ne
1000184a:	2300      	movne	r3, #0
1000184c:	2301      	moveq	r3, #1
1000184e:	eb07 0383 	add.w	r3, r7, r3, lsl #2
10001852:	4a06      	ldr	r2, [pc, #24]	@ (1000186c <alarm_pool_post_alloc_init+0x74>)
10001854:	f842 4023 	str.w	r4, [r2, r3, lsl #2]
10001858:	4a05      	ldr	r2, [pc, #20]	@ (10001870 <alarm_pool_post_alloc_init+0x78>)
1000185a:	4639      	mov	r1, r7
1000185c:	4630      	mov	r0, r6
1000185e:	f7ff ffaf 	bl	100017c0 <ta_enable_irq_handler>
10001862:	bdf8      	pop	{r3, r4, r5, r6, r7, pc}
10001864:	2001a3ec 	.word	0x2001a3ec
10001868:	400b8000 	.word	0x400b8000
1000186c:	2001ba7c 	.word	0x2001ba7c
10001870:	100014d5 	.word	0x100014d5

10001874 <alarm_pool_get_default>:
10001874:	b508      	push	{r3, lr}
10001876:	4b05      	ldr	r3, [pc, #20]	@ (1000188c <alarm_pool_get_default+0x18>)
10001878:	691b      	ldr	r3, [r3, #16]
1000187a:	b10b      	cbz	r3, 10001880 <alarm_pool_get_default+0xc>
1000187c:	4803      	ldr	r0, [pc, #12]	@ (1000188c <alarm_pool_get_default+0x18>)
1000187e:	bd08      	pop	{r3, pc}
10001880:	4b03      	ldr	r3, [pc, #12]	@ (10001890 <alarm_pool_get_default+0x1c>)
10001882:	4a04      	ldr	r2, [pc, #16]	@ (10001894 <alarm_pool_get_default+0x20>)
10001884:	2165      	movs	r1, #101	@ 0x65
10001886:	4804      	ldr	r0, [pc, #16]	@ (10001898 <alarm_pool_get_default+0x24>)
10001888:	f002 fdb8 	bl	100043fc <__assert_func>
1000188c:	2001a06c 	.word	0x2001a06c
10001890:	10007880 	.word	0x10007880
10001894:	10008328 	.word	0x10008328
10001898:	10007840 	.word	0x10007840

1000189c <alarm_pool_add_alarm_at_force_in_context>:
1000189c:	b5f8      	push	{r3, r4, r5, r6, r7, lr}
1000189e:	4604      	mov	r4, r0
100018a0:	469e      	mov	lr, r3
100018a2:	6900      	ldr	r0, [r0, #16]
100018a4:	f3ef 8110 	mrs	r1, PRIMASK
100018a8:	b672      	cpsid	i
100018aa:	e8d0 6fcf 	ldaexb	r6, [r0]
100018ae:	2501      	movs	r5, #1
100018b0:	2e00      	cmp	r6, #0
100018b2:	d1fa      	bne.n	100018aa <alarm_pool_add_alarm_at_force_in_context+0xe>
100018b4:	e8c0 5f46 	strexb	r6, r5, [r0]
100018b8:	2e00      	cmp	r6, #0
100018ba:	d1f6      	bne.n	100018aa <alarm_pool_add_alarm_at_force_in_context+0xe>
100018bc:	f3bf 8f5f 	dmb	sy
100018c0:	f9b4 5002 	ldrsh.w	r5, [r4, #2]
100018c4:	6966      	ldr	r6, [r4, #20]
100018c6:	eb05 0045 	add.w	r0, r5, r5, lsl #1
100018ca:	00c7      	lsls	r7, r0, #3
100018cc:	eb06 00c0 	add.w	r0, r6, r0, lsl #3
100018d0:	2d00      	cmp	r5, #0
100018d2:	db03      	blt.n	100018dc <alarm_pool_add_alarm_at_force_in_context+0x40>
100018d4:	f936 c007 	ldrsh.w	ip, [r6, r7]
100018d8:	f8a4 c002 	strh.w	ip, [r4, #2]
100018dc:	f04f 0c00 	mov.w	ip, #0
100018e0:	6923      	ldr	r3, [r4, #16]
100018e2:	e8c3 cf8f 	stlb	ip, [r3]
100018e6:	f381 8810 	msr	PRIMASK, r1
100018ea:	4565      	cmp	r5, ip
100018ec:	db33      	blt.n	10001956 <alarm_pool_add_alarm_at_force_in_context+0xba>
100018ee:	9906      	ldr	r1, [sp, #24]
100018f0:	6101      	str	r1, [r0, #16]
100018f2:	9907      	ldr	r1, [sp, #28]
100018f4:	6141      	str	r1, [r0, #20]
100018f6:	6082      	str	r2, [r0, #8]
100018f8:	f8c0 e00c 	str.w	lr, [r0, #12]
100018fc:	8841      	ldrh	r1, [r0, #2]
100018fe:	b289      	uxth	r1, r1
10001900:	3101      	adds	r1, #1
10001902:	f3c1 010e 	ubfx	r1, r1, #0, #15
10001906:	b901      	cbnz	r1, 1000190a <alarm_pool_add_alarm_at_force_in_context+0x6e>
10001908:	2101      	movs	r1, #1
1000190a:	8041      	strh	r1, [r0, #2]
1000190c:	4628      	mov	r0, r5
1000190e:	f7ff fdc0 	bl	10001492 <make_alarm_id>
10001912:	6923      	ldr	r3, [r4, #16]
10001914:	f3ef 8210 	mrs	r2, PRIMASK
10001918:	b672      	cpsid	i
1000191a:	e8d3 cfcf 	ldaexb	ip, [r3]
1000191e:	2101      	movs	r1, #1
10001920:	f1bc 0f00 	cmp.w	ip, #0
10001924:	d1f9      	bne.n	1000191a <alarm_pool_add_alarm_at_force_in_context+0x7e>
10001926:	e8c3 1f4c 	strexb	ip, r1, [r3]
1000192a:	f1bc 0f00 	cmp.w	ip, #0
1000192e:	d1f4      	bne.n	1000191a <alarm_pool_add_alarm_at_force_in_context+0x7e>
10001930:	f3bf 8f5f 	dmb	sy
10001934:	88a3      	ldrh	r3, [r4, #4]
10001936:	53f3      	strh	r3, [r6, r7]
10001938:	80a5      	strh	r5, [r4, #4]
1000193a:	6921      	ldr	r1, [r4, #16]
1000193c:	2300      	movs	r3, #0
1000193e:	e8c1 3f8f 	stlb	r3, [r1]
10001942:	f382 8810 	msr	PRIMASK, r2
10001946:	68e3      	ldr	r3, [r4, #12]
10001948:	7821      	ldrb	r1, [r4, #0]
1000194a:	2201      	movs	r2, #1
1000194c:	408a      	lsls	r2, r1
1000194e:	f503 5301 	add.w	r3, r3, #8256	@ 0x2040
10001952:	605a      	str	r2, [r3, #4]
10001954:	bdf8      	pop	{r3, r4, r5, r6, r7, pc}
10001956:	f04f 30ff 	mov.w	r0, #4294967295	@ 0xffffffff
1000195a:	e7fb      	b.n	10001954 <alarm_pool_add_alarm_at_force_in_context+0xb8>

1000195c <alarm_pool_add_alarm_at>:
1000195c:	b570      	push	{r4, r5, r6, lr}
1000195e:	b082      	sub	sp, #8
10001960:	4606      	mov	r6, r0
10001962:	4615      	mov	r5, r2
10001964:	461c      	mov	r4, r3
10001966:	f89d 3020 	ldrb.w	r3, [sp, #32]
1000196a:	b933      	cbnz	r3, 1000197a <alarm_pool_add_alarm_at+0x1e>
1000196c:	f000 f9c0 	bl	10001cf0 <time_us_64>
10001970:	4285      	cmp	r5, r0
10001972:	eb64 0101 	sbc.w	r1, r4, r1
10001976:	2900      	cmp	r1, #0
10001978:	db0a      	blt.n	10001990 <alarm_pool_add_alarm_at+0x34>
1000197a:	9b07      	ldr	r3, [sp, #28]
1000197c:	9301      	str	r3, [sp, #4]
1000197e:	9b06      	ldr	r3, [sp, #24]
10001980:	9300      	str	r3, [sp, #0]
10001982:	462a      	mov	r2, r5
10001984:	4623      	mov	r3, r4
10001986:	4630      	mov	r0, r6
10001988:	f7ff ff88 	bl	1000189c <alarm_pool_add_alarm_at_force_in_context>
1000198c:	b002      	add	sp, #8
1000198e:	bd70      	pop	{r4, r5, r6, pc}
10001990:	2000      	movs	r0, #0
10001992:	e7fb      	b.n	1000198c <alarm_pool_add_alarm_at+0x30>

10001994 <add_alarm_at>:
10001994:	b5f0      	push	{r4, r5, r6, r7, lr}
10001996:	b085      	sub	sp, #20
10001998:	4607      	mov	r7, r0
1000199a:	460e      	mov	r6, r1
1000199c:	4615      	mov	r5, r2
1000199e:	461c      	mov	r4, r3
100019a0:	f7ff ff68 	bl	10001874 <alarm_pool_get_default>
100019a4:	f89d 3028 	ldrb.w	r3, [sp, #40]	@ 0x28
100019a8:	9302      	str	r3, [sp, #8]
100019aa:	9401      	str	r4, [sp, #4]
100019ac:	9500      	str	r5, [sp, #0]
100019ae:	463a      	mov	r2, r7
100019b0:	4633      	mov	r3, r6
100019b2:	f7ff ffd3 	bl	1000195c <alarm_pool_add_alarm_at>
100019b6:	b005      	add	sp, #20
100019b8:	bdf0      	pop	{r4, r5, r6, r7, pc}

100019ba <alarm_pool_cancel_alarm>:
100019ba:	4603      	mov	r3, r0
100019bc:	8940      	ldrh	r0, [r0, #10]
100019be:	ebb0 4f21 	cmp.w	r0, r1, asr #16
100019c2:	dd31      	ble.n	10001a28 <alarm_pool_cancel_alarm+0x6e>
100019c4:	b510      	push	{r4, lr}
100019c6:	140a      	asrs	r2, r1, #16
100019c8:	6958      	ldr	r0, [r3, #20]
100019ca:	eb02 0242 	add.w	r2, r2, r2, lsl #1
100019ce:	eb00 00c2 	add.w	r0, r0, r2, lsl #3
100019d2:	691a      	ldr	r2, [r3, #16]
100019d4:	f3ef 8c10 	mrs	ip, PRIMASK
100019d8:	b672      	cpsid	i
100019da:	e8d2 4fcf 	ldaexb	r4, [r2]
100019de:	f05f 0e01 	movs.w	lr, #1
100019e2:	2c00      	cmp	r4, #0
100019e4:	d1f9      	bne.n	100019da <alarm_pool_cancel_alarm+0x20>
100019e6:	e8c2 ef44 	strexb	r4, lr, [r2]
100019ea:	2c00      	cmp	r4, #0
100019ec:	d1f5      	bne.n	100019da <alarm_pool_cancel_alarm+0x20>
100019ee:	f3bf 8f5f 	dmb	sy
100019f2:	8842      	ldrh	r2, [r0, #2]
100019f4:	b292      	uxth	r2, r2
100019f6:	b289      	uxth	r1, r1
100019f8:	428a      	cmp	r2, r1
100019fa:	d00f      	beq.n	10001a1c <alarm_pool_cancel_alarm+0x62>
100019fc:	2000      	movs	r0, #0
100019fe:	6919      	ldr	r1, [r3, #16]
10001a00:	2200      	movs	r2, #0
10001a02:	e8c1 2f8f 	stlb	r2, [r1]
10001a06:	f38c 8810 	msr	PRIMASK, ip
10001a0a:	b130      	cbz	r0, 10001a1a <alarm_pool_cancel_alarm+0x60>
10001a0c:	68da      	ldr	r2, [r3, #12]
10001a0e:	781b      	ldrb	r3, [r3, #0]
10001a10:	2101      	movs	r1, #1
10001a12:	4099      	lsls	r1, r3
10001a14:	f502 5301 	add.w	r3, r2, #8256	@ 0x2040
10001a18:	6059      	str	r1, [r3, #4]
10001a1a:	bd10      	pop	{r4, pc}
10001a1c:	f442 4200 	orr.w	r2, r2, #32768	@ 0x8000
10001a20:	8042      	strh	r2, [r0, #2]
10001a22:	2001      	movs	r0, #1
10001a24:	7198      	strb	r0, [r3, #6]
10001a26:	e7ea      	b.n	100019fe <alarm_pool_cancel_alarm+0x44>
10001a28:	2000      	movs	r0, #0
10001a2a:	4770      	bx	lr

10001a2c <cancel_alarm>:
10001a2c:	b510      	push	{r4, lr}
10001a2e:	4604      	mov	r4, r0
10001a30:	f7ff ff20 	bl	10001874 <alarm_pool_get_default>
10001a34:	4621      	mov	r1, r4
10001a36:	f7ff ffc0 	bl	100019ba <alarm_pool_cancel_alarm>
10001a3a:	bd10      	pop	{r4, pc}

10001a3c <sleep_until>:
10001a3c:	b5f0      	push	{r4, r5, r6, r7, lr}
10001a3e:	b083      	sub	sp, #12
10001a40:	f3ef 8305 	mrs	r3, IPSR
10001a44:	b2db      	uxtb	r3, r3
10001a46:	b9cb      	cbnz	r3, 10001a7c <sleep_until+0x40>
10001a48:	4604      	mov	r4, r0
10001a4a:	460d      	mov	r5, r1
10001a4c:	1f86      	subs	r6, r0, #6
10001a4e:	f141 37ff 	adc.w	r7, r1, #4294967295	@ 0xffffffff
10001a52:	42b0      	cmp	r0, r6
10001a54:	eb71 0307 	sbcs.w	r3, r1, r7
10001a58:	d201      	bcs.n	10001a5e <sleep_until+0x22>
10001a5a:	2600      	movs	r6, #0
10001a5c:	4637      	mov	r7, r6
10001a5e:	f000 f947 	bl	10001cf0 <time_us_64>
10001a62:	1a30      	subs	r0, r6, r0
10001a64:	eb67 0301 	sbc.w	r3, r7, r1
10001a68:	2801      	cmp	r0, #1
10001a6a:	f173 0300 	sbcs.w	r3, r3, #0
10001a6e:	da08      	bge.n	10001a82 <sleep_until+0x46>
10001a70:	4620      	mov	r0, r4
10001a72:	4629      	mov	r1, r5
10001a74:	f000 f94e 	bl	10001d14 <busy_wait_until>
10001a78:	b003      	add	sp, #12
10001a7a:	bdf0      	pop	{r4, r5, r6, r7, pc}
10001a7c:	4818      	ldr	r0, [pc, #96]	@ (10001ae0 <sleep_until+0xa4>)
10001a7e:	f7ff fbe9 	bl	10001254 <panic>
10001a82:	2300      	movs	r3, #0
10001a84:	9300      	str	r3, [sp, #0]
10001a86:	4a17      	ldr	r2, [pc, #92]	@ (10001ae4 <sleep_until+0xa8>)
10001a88:	4630      	mov	r0, r6
10001a8a:	4639      	mov	r1, r7
10001a8c:	f7ff ff82 	bl	10001994 <add_alarm_at>
10001a90:	2800      	cmp	r0, #0
10001a92:	da19      	bge.n	10001ac8 <sleep_until+0x8c>
10001a94:	e7ec      	b.n	10001a70 <sleep_until+0x34>
10001a96:	4b14      	ldr	r3, [pc, #80]	@ (10001ae8 <sleep_until+0xac>)
10001a98:	681a      	ldr	r2, [r3, #0]
10001a9a:	f3ef 8110 	mrs	r1, PRIMASK
10001a9e:	b672      	cpsid	i
10001aa0:	e8d2 cfcf 	ldaexb	ip, [r2]
10001aa4:	2001      	movs	r0, #1
10001aa6:	f1bc 0f00 	cmp.w	ip, #0
10001aaa:	d1f9      	bne.n	10001aa0 <sleep_until+0x64>
10001aac:	e8c2 0f4c 	strexb	ip, r0, [r2]
10001ab0:	f1bc 0f00 	cmp.w	ip, #0
10001ab4:	d1f4      	bne.n	10001aa0 <sleep_until+0x64>
10001ab6:	f3bf 8f5f 	dmb	sy
10001aba:	681a      	ldr	r2, [r3, #0]
10001abc:	2300      	movs	r3, #0
10001abe:	e8c2 3f8f 	stlb	r3, [r2]
10001ac2:	f381 8810 	msr	PRIMASK, r1
10001ac6:	bf20      	wfe
10001ac8:	4b08      	ldr	r3, [pc, #32]	@ (10001aec <sleep_until+0xb0>)
10001aca:	6a5b      	ldr	r3, [r3, #36]	@ 0x24
10001acc:	429f      	cmp	r7, r3
10001ace:	d8e2      	bhi.n	10001a96 <sleep_until+0x5a>
10001ad0:	4a06      	ldr	r2, [pc, #24]	@ (10001aec <sleep_until+0xb0>)
10001ad2:	6a92      	ldr	r2, [r2, #40]	@ 0x28
10001ad4:	42b2      	cmp	r2, r6
10001ad6:	d2cb      	bcs.n	10001a70 <sleep_until+0x34>
10001ad8:	429f      	cmp	r7, r3
10001ada:	d1c9      	bne.n	10001a70 <sleep_until+0x34>
10001adc:	e7db      	b.n	10001a96 <sleep_until+0x5a>
10001ade:	bf00      	nop
10001ae0:	100078a4 	.word	0x100078a4
10001ae4:	10001499 	.word	0x10001499
10001ae8:	2001baac 	.word	0x2001baac
10001aec:	400b0000 	.word	0x400b0000

10001af0 <sleep_us>:
10001af0:	b538      	push	{r3, r4, r5, lr}
10001af2:	4605      	mov	r5, r0
10001af4:	460c      	mov	r4, r1
10001af6:	f000 f8fb 	bl	10001cf0 <time_us_64>
10001afa:	1828      	adds	r0, r5, r0
10001afc:	eb44 0101 	adc.w	r1, r4, r1
10001b00:	2900      	cmp	r1, #0
10001b02:	db02      	blt.n	10001b0a <sleep_us+0x1a>
10001b04:	f7ff ff9a 	bl	10001a3c <sleep_until>
10001b08:	bd38      	pop	{r3, r4, r5, pc}
10001b0a:	f04f 30ff 	mov.w	r0, #4294967295	@ 0xffffffff
10001b0e:	f06f 4100 	mvn.w	r1, #2147483648	@ 0x80000000
10001b12:	e7f7      	b.n	10001b04 <sleep_us+0x14>

10001b14 <sleep_ms>:
10001b14:	b508      	push	{r3, lr}
10001b16:	0ec3      	lsrs	r3, r0, #27
10001b18:	0141      	lsls	r1, r0, #5
10001b1a:	1a09      	subs	r1, r1, r0
10001b1c:	f163 0300 	sbc.w	r3, r3, #0
10001b20:	009b      	lsls	r3, r3, #2
10001b22:	ea43 7391 	orr.w	r3, r3, r1, lsr #30
10001b26:	0089      	lsls	r1, r1, #2
10001b28:	1809      	adds	r1, r1, r0
10001b2a:	f143 0300 	adc.w	r3, r3, #0
10001b2e:	00db      	lsls	r3, r3, #3
10001b30:	00c8      	lsls	r0, r1, #3
10001b32:	ea43 7151 	orr.w	r1, r3, r1, lsr #29
10001b36:	f7ff ffdb 	bl	10001af0 <sleep_us>
10001b3a:	bd08      	pop	{r3, pc}

10001b3c <best_effort_wfe_or_timeout>:
10001b3c:	b5f0      	push	{r4, r5, r6, r7, lr}
10001b3e:	b083      	sub	sp, #12
10001b40:	460c      	mov	r4, r1
10001b42:	f3ef 8305 	mrs	r3, IPSR
10001b46:	b2db      	uxtb	r3, r3
10001b48:	b193      	cbz	r3, 10001b70 <best_effort_wfe_or_timeout+0x34>
10001b4a:	4b3a      	ldr	r3, [pc, #232]	@ (10001c34 <best_effort_wfe_or_timeout+0xf8>)
10001b4c:	6a5b      	ldr	r3, [r3, #36]	@ 0x24
10001b4e:	428b      	cmp	r3, r1
10001b50:	d309      	bcc.n	10001b66 <best_effort_wfe_or_timeout+0x2a>
10001b52:	4a38      	ldr	r2, [pc, #224]	@ (10001c34 <best_effort_wfe_or_timeout+0xf8>)
10001b54:	6a92      	ldr	r2, [r2, #40]	@ 0x28
10001b56:	4282      	cmp	r2, r0
10001b58:	d208      	bcs.n	10001b6c <best_effort_wfe_or_timeout+0x30>
10001b5a:	42a3      	cmp	r3, r4
10001b5c:	d001      	beq.n	10001b62 <best_effort_wfe_or_timeout+0x26>
10001b5e:	2001      	movs	r0, #1
10001b60:	e002      	b.n	10001b68 <best_effort_wfe_or_timeout+0x2c>
10001b62:	2000      	movs	r0, #0
10001b64:	e000      	b.n	10001b68 <best_effort_wfe_or_timeout+0x2c>
10001b66:	2000      	movs	r0, #0
10001b68:	b003      	add	sp, #12
10001b6a:	bdf0      	pop	{r4, r5, r6, r7, pc}
10001b6c:	2001      	movs	r0, #1
10001b6e:	e7fb      	b.n	10001b68 <best_effort_wfe_or_timeout+0x2c>
10001b70:	4605      	mov	r5, r0
10001b72:	f7ff fe7f 	bl	10001874 <alarm_pool_get_default>
10001b76:	68c3      	ldr	r3, [r0, #12]
10001b78:	461f      	mov	r7, r3
10001b7a:	7806      	ldrb	r6, [r0, #0]
10001b7c:	4618      	mov	r0, r3
10001b7e:	f000 f88d 	bl	10001c9c <timer_time_us_64>
10001b82:	1a2a      	subs	r2, r5, r0
10001b84:	eb64 0101 	sbc.w	r1, r4, r1
10001b88:	1d33      	adds	r3, r6, #4
10001b8a:	f857 3023 	ldr.w	r3, [r7, r3, lsl #2]
10001b8e:	1a1b      	subs	r3, r3, r0
10001b90:	429a      	cmp	r2, r3
10001b92:	f171 0100 	sbcs.w	r1, r1, #0
10001b96:	db12      	blt.n	10001bbe <best_effort_wfe_or_timeout+0x82>
10001b98:	bf20      	wfe
10001b9a:	4b26      	ldr	r3, [pc, #152]	@ (10001c34 <best_effort_wfe_or_timeout+0xf8>)
10001b9c:	6a5b      	ldr	r3, [r3, #36]	@ 0x24
10001b9e:	429c      	cmp	r4, r3
10001ba0:	d809      	bhi.n	10001bb6 <best_effort_wfe_or_timeout+0x7a>
10001ba2:	4a24      	ldr	r2, [pc, #144]	@ (10001c34 <best_effort_wfe_or_timeout+0xf8>)
10001ba4:	6a92      	ldr	r2, [r2, #40]	@ 0x28
10001ba6:	42aa      	cmp	r2, r5
10001ba8:	d207      	bcs.n	10001bba <best_effort_wfe_or_timeout+0x7e>
10001baa:	429c      	cmp	r4, r3
10001bac:	d001      	beq.n	10001bb2 <best_effort_wfe_or_timeout+0x76>
10001bae:	2001      	movs	r0, #1
10001bb0:	e7da      	b.n	10001b68 <best_effort_wfe_or_timeout+0x2c>
10001bb2:	2000      	movs	r0, #0
10001bb4:	e7d8      	b.n	10001b68 <best_effort_wfe_or_timeout+0x2c>
10001bb6:	2000      	movs	r0, #0
10001bb8:	e7d6      	b.n	10001b68 <best_effort_wfe_or_timeout+0x2c>
10001bba:	2001      	movs	r0, #1
10001bbc:	e7d4      	b.n	10001b68 <best_effort_wfe_or_timeout+0x2c>
10001bbe:	2300      	movs	r3, #0
10001bc0:	9300      	str	r3, [sp, #0]
10001bc2:	4a1d      	ldr	r2, [pc, #116]	@ (10001c38 <best_effort_wfe_or_timeout+0xfc>)
10001bc4:	4628      	mov	r0, r5
10001bc6:	4621      	mov	r1, r4
10001bc8:	f7ff fee4 	bl	10001994 <add_alarm_at>
10001bcc:	2800      	cmp	r0, #0
10001bce:	dd18      	ble.n	10001c02 <best_effort_wfe_or_timeout+0xc6>
10001bd0:	4b18      	ldr	r3, [pc, #96]	@ (10001c34 <best_effort_wfe_or_timeout+0xf8>)
10001bd2:	6a5b      	ldr	r3, [r3, #36]	@ 0x24
10001bd4:	429c      	cmp	r4, r3
10001bd6:	d805      	bhi.n	10001be4 <best_effort_wfe_or_timeout+0xa8>
10001bd8:	4a16      	ldr	r2, [pc, #88]	@ (10001c34 <best_effort_wfe_or_timeout+0xf8>)
10001bda:	6a92      	ldr	r2, [r2, #40]	@ 0x28
10001bdc:	42aa      	cmp	r2, r5
10001bde:	d202      	bcs.n	10001be6 <best_effort_wfe_or_timeout+0xaa>
10001be0:	429c      	cmp	r4, r3
10001be2:	d100      	bne.n	10001be6 <best_effort_wfe_or_timeout+0xaa>
10001be4:	bf20      	wfe
10001be6:	f7ff ff21 	bl	10001a2c <cancel_alarm>
10001bea:	4b12      	ldr	r3, [pc, #72]	@ (10001c34 <best_effort_wfe_or_timeout+0xf8>)
10001bec:	6a5b      	ldr	r3, [r3, #36]	@ 0x24
10001bee:	429c      	cmp	r4, r3
10001bf0:	d81b      	bhi.n	10001c2a <best_effort_wfe_or_timeout+0xee>
10001bf2:	4a10      	ldr	r2, [pc, #64]	@ (10001c34 <best_effort_wfe_or_timeout+0xf8>)
10001bf4:	6a92      	ldr	r2, [r2, #40]	@ 0x28
10001bf6:	42aa      	cmp	r2, r5
10001bf8:	d219      	bcs.n	10001c2e <best_effort_wfe_or_timeout+0xf2>
10001bfa:	429c      	cmp	r4, r3
10001bfc:	d013      	beq.n	10001c26 <best_effort_wfe_or_timeout+0xea>
10001bfe:	2001      	movs	r0, #1
10001c00:	e7b2      	b.n	10001b68 <best_effort_wfe_or_timeout+0x2c>
10001c02:	4b0c      	ldr	r3, [pc, #48]	@ (10001c34 <best_effort_wfe_or_timeout+0xf8>)
10001c04:	6a5b      	ldr	r3, [r3, #36]	@ 0x24
10001c06:	429c      	cmp	r4, r3
10001c08:	d809      	bhi.n	10001c1e <best_effort_wfe_or_timeout+0xe2>
10001c0a:	4a0a      	ldr	r2, [pc, #40]	@ (10001c34 <best_effort_wfe_or_timeout+0xf8>)
10001c0c:	6a92      	ldr	r2, [r2, #40]	@ 0x28
10001c0e:	42aa      	cmp	r2, r5
10001c10:	d207      	bcs.n	10001c22 <best_effort_wfe_or_timeout+0xe6>
10001c12:	429c      	cmp	r4, r3
10001c14:	d001      	beq.n	10001c1a <best_effort_wfe_or_timeout+0xde>
10001c16:	2001      	movs	r0, #1
10001c18:	e7a6      	b.n	10001b68 <best_effort_wfe_or_timeout+0x2c>
10001c1a:	2000      	movs	r0, #0
10001c1c:	e7a4      	b.n	10001b68 <best_effort_wfe_or_timeout+0x2c>
10001c1e:	2000      	movs	r0, #0
10001c20:	e7a2      	b.n	10001b68 <best_effort_wfe_or_timeout+0x2c>
10001c22:	2001      	movs	r0, #1
10001c24:	e7a0      	b.n	10001b68 <best_effort_wfe_or_timeout+0x2c>
10001c26:	2000      	movs	r0, #0
10001c28:	e79e      	b.n	10001b68 <best_effort_wfe_or_timeout+0x2c>
10001c2a:	2000      	movs	r0, #0
10001c2c:	e79c      	b.n	10001b68 <best_effort_wfe_or_timeout+0x2c>
10001c2e:	2001      	movs	r0, #1
10001c30:	e79a      	b.n	10001b68 <best_effort_wfe_or_timeout+0x2c>
10001c32:	bf00      	nop
10001c34:	400b0000 	.word	0x400b0000
10001c38:	10001499 	.word	0x10001499

10001c3c <alarm_pool_get_default_timer>:
10001c3c:	4800      	ldr	r0, [pc, #0]	@ (10001c40 <alarm_pool_get_default_timer+0x4>)
10001c3e:	4770      	bx	lr
10001c40:	400b0000 	.word	0x400b0000

10001c44 <runtime_init_default_alarm_pool>:
10001c44:	b510      	push	{r4, lr}
10001c46:	4b0a      	ldr	r3, [pc, #40]	@ (10001c70 <runtime_init_default_alarm_pool+0x2c>)
10001c48:	691b      	ldr	r3, [r3, #16]
10001c4a:	b123      	cbz	r3, 10001c56 <runtime_init_default_alarm_pool+0x12>
10001c4c:	210a      	movs	r1, #10
10001c4e:	4809      	ldr	r0, [pc, #36]	@ (10001c74 <runtime_init_default_alarm_pool+0x30>)
10001c50:	f000 fac8 	bl	100021e4 <lock_init>
10001c54:	bd10      	pop	{r4, pc}
10001c56:	f7ff fff1 	bl	10001c3c <alarm_pool_get_default_timer>
10001c5a:	4604      	mov	r4, r0
10001c5c:	2103      	movs	r1, #3
10001c5e:	f000 f80b 	bl	10001c78 <timer_hardware_alarm_claim>
10001c62:	2310      	movs	r3, #16
10001c64:	2203      	movs	r2, #3
10001c66:	4621      	mov	r1, r4
10001c68:	4801      	ldr	r0, [pc, #4]	@ (10001c70 <runtime_init_default_alarm_pool+0x2c>)
10001c6a:	f7ff fdc5 	bl	100017f8 <alarm_pool_post_alloc_init>
10001c6e:	e7ed      	b.n	10001c4c <runtime_init_default_alarm_pool+0x8>
10001c70:	2001a06c 	.word	0x2001a06c
10001c74:	2001baac 	.word	0x2001baac

10001c78 <timer_hardware_alarm_claim>:
10001c78:	b508      	push	{r3, lr}
10001c7a:	4a05      	ldr	r2, [pc, #20]	@ (10001c90 <timer_hardware_alarm_claim+0x18>)
10001c7c:	f8df c018 	ldr.w	ip, [pc, #24]	@ 10001c98 <timer_hardware_alarm_claim+0x20>
10001c80:	4b04      	ldr	r3, [pc, #16]	@ (10001c94 <timer_hardware_alarm_claim+0x1c>)
10001c82:	4560      	cmp	r0, ip
10001c84:	bf14      	ite	ne
10001c86:	4618      	movne	r0, r3
10001c88:	1c58      	addeq	r0, r3, #1
10001c8a:	f7ff fb17 	bl	100012bc <hw_claim_or_assert>
10001c8e:	bd08      	pop	{r3, pc}
10001c90:	100078f4 	.word	0x100078f4
10001c94:	2001a564 	.word	0x2001a564
10001c98:	400b8000 	.word	0x400b8000

10001c9c <timer_time_us_64>:
10001c9c:	4602      	mov	r2, r0
10001c9e:	6a43      	ldr	r3, [r0, #36]	@ 0x24
10001ca0:	6a90      	ldr	r0, [r2, #40]	@ 0x28
10001ca2:	4619      	mov	r1, r3
10001ca4:	6a53      	ldr	r3, [r2, #36]	@ 0x24
10001ca6:	4299      	cmp	r1, r3
10001ca8:	d1fa      	bne.n	10001ca0 <timer_time_us_64+0x4>
10001caa:	4770      	bx	lr

10001cac <timer_busy_wait_until>:
10001cac:	6a41      	ldr	r1, [r0, #36]	@ 0x24
10001cae:	e000      	b.n	10001cb2 <timer_busy_wait_until+0x6>
10001cb0:	6a41      	ldr	r1, [r0, #36]	@ 0x24
10001cb2:	4299      	cmp	r1, r3
10001cb4:	d3fc      	bcc.n	10001cb0 <timer_busy_wait_until+0x4>
10001cb6:	e000      	b.n	10001cba <timer_busy_wait_until+0xe>
10001cb8:	6a41      	ldr	r1, [r0, #36]	@ 0x24
10001cba:	4299      	cmp	r1, r3
10001cbc:	d102      	bne.n	10001cc4 <timer_busy_wait_until+0x18>
10001cbe:	6a81      	ldr	r1, [r0, #40]	@ 0x28
10001cc0:	4291      	cmp	r1, r2
10001cc2:	d3f9      	bcc.n	10001cb8 <timer_busy_wait_until+0xc>
10001cc4:	4770      	bx	lr

10001cc6 <timer_busy_wait_us>:
10001cc6:	b570      	push	{r4, r5, r6, lr}
10001cc8:	4606      	mov	r6, r0
10001cca:	4615      	mov	r5, r2
10001ccc:	461c      	mov	r4, r3
10001cce:	f7ff ffe5 	bl	10001c9c <timer_time_us_64>
10001cd2:	1942      	adds	r2, r0, r5
10001cd4:	eb41 0304 	adc.w	r3, r1, r4
10001cd8:	4282      	cmp	r2, r0
10001cda:	eb73 0101 	sbcs.w	r1, r3, r1
10001cde:	d202      	bcs.n	10001ce6 <timer_busy_wait_us+0x20>
10001ce0:	f04f 32ff 	mov.w	r2, #4294967295	@ 0xffffffff
10001ce4:	4613      	mov	r3, r2
10001ce6:	4630      	mov	r0, r6
10001ce8:	f7ff ffe0 	bl	10001cac <timer_busy_wait_until>
10001cec:	bd70      	pop	{r4, r5, r6, pc}
	...

10001cf0 <time_us_64>:
10001cf0:	b508      	push	{r3, lr}
10001cf2:	4802      	ldr	r0, [pc, #8]	@ (10001cfc <time_us_64+0xc>)
10001cf4:	f7ff ffd2 	bl	10001c9c <timer_time_us_64>
10001cf8:	bd08      	pop	{r3, pc}
10001cfa:	bf00      	nop
10001cfc:	400b0000 	.word	0x400b0000

10001d00 <busy_wait_us>:
10001d00:	b508      	push	{r3, lr}
10001d02:	4602      	mov	r2, r0
10001d04:	460b      	mov	r3, r1
10001d06:	4802      	ldr	r0, [pc, #8]	@ (10001d10 <busy_wait_us+0x10>)
10001d08:	f7ff ffdd 	bl	10001cc6 <timer_busy_wait_us>
10001d0c:	bd08      	pop	{r3, pc}
10001d0e:	bf00      	nop
10001d10:	400b0000 	.word	0x400b0000

10001d14 <busy_wait_until>:
10001d14:	b508      	push	{r3, lr}
10001d16:	4602      	mov	r2, r0
10001d18:	460b      	mov	r3, r1
10001d1a:	4802      	ldr	r0, [pc, #8]	@ (10001d24 <busy_wait_until+0x10>)
10001d1c:	f7ff ffc6 	bl	10001cac <timer_busy_wait_until>
10001d20:	bd08      	pop	{r3, pc}
10001d22:	bf00      	nop
10001d24:	400b0000 	.word	0x400b0000

10001d28 <set_raw_irq_handler_and_unlock>:
10001d28:	4b06      	ldr	r3, [pc, #24]	@ (10001d44 <set_raw_irq_handler_and_unlock+0x1c>)
10001d2a:	689b      	ldr	r3, [r3, #8]
10001d2c:	3010      	adds	r0, #16
10001d2e:	f843 1020 	str.w	r1, [r3, r0, lsl #2]
10001d32:	f3bf 8f5f 	dmb	sy
10001d36:	2300      	movs	r3, #0
10001d38:	4903      	ldr	r1, [pc, #12]	@ (10001d48 <set_raw_irq_handler_and_unlock+0x20>)
10001d3a:	e8c1 3f8f 	stlb	r3, [r1]
10001d3e:	f382 8810 	msr	PRIMASK, r2
10001d42:	4770      	bx	lr
10001d44:	e000ed00 	.word	0xe000ed00
10001d48:	2001a3f5 	.word	0x2001a3f5

10001d4c <nvic_ipr0>:
10001d4c:	4800      	ldr	r0, [pc, #0]	@ (10001d50 <nvic_ipr0+0x4>)
10001d4e:	4770      	bx	lr
10001d50:	e000e400 	.word	0xe000e400

10001d54 <runtime_init_per_core_irq_priorities>:
10001d54:	b508      	push	{r3, lr}
10001d56:	f7ff fff9 	bl	10001d4c <nvic_ipr0>
10001d5a:	2300      	movs	r3, #0
10001d5c:	e004      	b.n	10001d68 <runtime_init_per_core_irq_priorities+0x14>
10001d5e:	f04f 3280 	mov.w	r2, #2155905152	@ 0x80808080
10001d62:	f840 2b04 	str.w	r2, [r0], #4
10001d66:	3301      	adds	r3, #1
10001d68:	2b0c      	cmp	r3, #12
10001d6a:	d9f8      	bls.n	10001d5e <runtime_init_per_core_irq_priorities+0xa>
10001d6c:	b662      	cpsie	i
10001d6e:	bd08      	pop	{r3, pc}

10001d70 <resolve_j_16>:
10001d70:	b508      	push	{r3, lr}
10001d72:	8803      	ldrh	r3, [r0, #0]
10001d74:	0ada      	lsrs	r2, r3, #11
10001d76:	2a1c      	cmp	r2, #28
10001d78:	d106      	bne.n	10001d88 <resolve_j_16+0x18>
10001d7a:	055b      	lsls	r3, r3, #21
10001d7c:	d40b      	bmi.n	10001d96 <resolve_j_16+0x26>
10001d7e:	155b      	asrs	r3, r3, #21
10001d80:	3302      	adds	r3, #2
10001d82:	eb00 0043 	add.w	r0, r0, r3, lsl #1
10001d86:	bd08      	pop	{r3, pc}
10001d88:	4b06      	ldr	r3, [pc, #24]	@ (10001da4 <resolve_j_16+0x34>)
10001d8a:	4a07      	ldr	r2, [pc, #28]	@ (10001da8 <resolve_j_16+0x38>)
10001d8c:	f44f 718e 	mov.w	r1, #284	@ 0x11c
10001d90:	4806      	ldr	r0, [pc, #24]	@ (10001dac <resolve_j_16+0x3c>)
10001d92:	f002 fb33 	bl	100043fc <__assert_func>
10001d96:	f503 13ff 	add.w	r3, r3, #2088960	@ 0x1fe000
10001d9a:	f503 53ff 	add.w	r3, r3, #8160	@ 0x1fe0
10001d9e:	331f      	adds	r3, #31
10001da0:	e7ed      	b.n	10001d7e <resolve_j_16+0xe>
10001da2:	bf00      	nop
10001da4:	10007918 	.word	0x10007918
10001da8:	10008380 	.word	0x10008380
10001dac:	10007930 	.word	0x10007930

10001db0 <make_j_16>:
10001db0:	b508      	push	{r3, lr}
10001db2:	1a09      	subs	r1, r1, r0
10001db4:	f201 72fc 	addw	r2, r1, #2044	@ 0x7fc
10001db8:	f640 73fe 	movw	r3, #4094	@ 0xffe
10001dbc:	429a      	cmp	r2, r3
10001dbe:	d808      	bhi.n	10001dd2 <make_j_16+0x22>
10001dc0:	1f08      	subs	r0, r1, #4
10001dc2:	f011 0f01 	tst.w	r1, #1
10001dc6:	d104      	bne.n	10001dd2 <make_j_16+0x22>
10001dc8:	f3c0 004a 	ubfx	r0, r0, #1, #11
10001dcc:	f440 4060 	orr.w	r0, r0, #57344	@ 0xe000
10001dd0:	bd08      	pop	{r3, pc}
10001dd2:	4b03      	ldr	r3, [pc, #12]	@ (10001de0 <make_j_16+0x30>)
10001dd4:	4a03      	ldr	r2, [pc, #12]	@ (10001de4 <make_j_16+0x34>)
10001dd6:	f44f 7187 	mov.w	r1, #270	@ 0x10e
10001dda:	4803      	ldr	r0, [pc, #12]	@ (10001de8 <make_j_16+0x38>)
10001ddc:	f002 fb0e 	bl	100043fc <__assert_func>
10001de0:	10007978 	.word	0x10007978
10001de4:	10008374 	.word	0x10008374
10001de8:	10007930 	.word	0x10007930

10001dec <irq_is_enabled>:
10001dec:	0942      	lsrs	r2, r0, #5
10001dee:	4b06      	ldr	r3, [pc, #24]	@ (10001e08 <irq_is_enabled+0x1c>)
10001df0:	f853 2022 	ldr.w	r2, [r3, r2, lsl #2]
10001df4:	f000 001f 	and.w	r0, r0, #31
10001df8:	2301      	movs	r3, #1
10001dfa:	4083      	lsls	r3, r0
10001dfc:	421a      	tst	r2, r3
10001dfe:	bf14      	ite	ne
10001e00:	2001      	movne	r0, #1
10001e02:	2000      	moveq	r0, #0
10001e04:	4770      	bx	lr
10001e06:	bf00      	nop
10001e08:	e000e100 	.word	0xe000e100

10001e0c <irq_set_mask_n_enabled>:
10001e0c:	b13a      	cbz	r2, 10001e1e <irq_set_mask_n_enabled+0x12>
10001e0e:	4b06      	ldr	r3, [pc, #24]	@ (10001e28 <irq_set_mask_n_enabled+0x1c>)
10001e10:	f100 0260 	add.w	r2, r0, #96	@ 0x60
10001e14:	f843 1022 	str.w	r1, [r3, r2, lsl #2]
10001e18:	f843 1020 	str.w	r1, [r3, r0, lsl #2]
10001e1c:	4770      	bx	lr
10001e1e:	3020      	adds	r0, #32
10001e20:	4b01      	ldr	r3, [pc, #4]	@ (10001e28 <irq_set_mask_n_enabled+0x1c>)
10001e22:	f843 1020 	str.w	r1, [r3, r0, lsl #2]
10001e26:	4770      	bx	lr
10001e28:	e000e100 	.word	0xe000e100

10001e2c <irq_set_enabled>:
10001e2c:	b508      	push	{r3, lr}
10001e2e:	460a      	mov	r2, r1
10001e30:	f000 031f 	and.w	r3, r0, #31
10001e34:	2101      	movs	r1, #1
10001e36:	4099      	lsls	r1, r3
10001e38:	0940      	lsrs	r0, r0, #5
10001e3a:	f7ff ffe7 	bl	10001e0c <irq_set_mask_n_enabled>
10001e3e:	bd08      	pop	{r3, pc}

10001e40 <irq_get_vtable_handler>:
10001e40:	4b02      	ldr	r3, [pc, #8]	@ (10001e4c <irq_get_vtable_handler+0xc>)
10001e42:	689b      	ldr	r3, [r3, #8]
10001e44:	3010      	adds	r0, #16
10001e46:	f853 0020 	ldr.w	r0, [r3, r0, lsl #2]
10001e4a:	4770      	bx	lr
10001e4c:	e000ed00 	.word	0xe000ed00

10001e50 <irq_set_exclusive_handler>:
10001e50:	b570      	push	{r4, r5, r6, lr}
10001e52:	4605      	mov	r5, r0
10001e54:	460c      	mov	r4, r1
10001e56:	f3ef 8310 	mrs	r3, PRIMASK
10001e5a:	b672      	cpsid	i
10001e5c:	461e      	mov	r6, r3
10001e5e:	4b0f      	ldr	r3, [pc, #60]	@ (10001e9c <irq_set_exclusive_handler+0x4c>)
10001e60:	e8d3 1fcf 	ldaexb	r1, [r3]
10001e64:	2201      	movs	r2, #1
10001e66:	2900      	cmp	r1, #0
10001e68:	d1fa      	bne.n	10001e60 <irq_set_exclusive_handler+0x10>
10001e6a:	e8c3 2f41 	strexb	r1, r2, [r3]
10001e6e:	2900      	cmp	r1, #0
10001e70:	d1f6      	bne.n	10001e60 <irq_set_exclusive_handler+0x10>
10001e72:	f3bf 8f5f 	dmb	sy
10001e76:	f7ff ffe3 	bl	10001e40 <irq_get_vtable_handler>
10001e7a:	4b09      	ldr	r3, [pc, #36]	@ (10001ea0 <irq_set_exclusive_handler+0x50>)
10001e7c:	4298      	cmp	r0, r3
10001e7e:	d001      	beq.n	10001e84 <irq_set_exclusive_handler+0x34>
10001e80:	42a0      	cmp	r0, r4
10001e82:	d105      	bne.n	10001e90 <irq_set_exclusive_handler+0x40>
10001e84:	4632      	mov	r2, r6
10001e86:	4621      	mov	r1, r4
10001e88:	4628      	mov	r0, r5
10001e8a:	f7ff ff4d 	bl	10001d28 <set_raw_irq_handler_and_unlock>
10001e8e:	bd70      	pop	{r4, r5, r6, pc}
10001e90:	4b04      	ldr	r3, [pc, #16]	@ (10001ea4 <irq_set_exclusive_handler+0x54>)
10001e92:	4a05      	ldr	r2, [pc, #20]	@ (10001ea8 <irq_set_exclusive_handler+0x58>)
10001e94:	21ed      	movs	r1, #237	@ 0xed
10001e96:	4805      	ldr	r0, [pc, #20]	@ (10001eac <irq_set_exclusive_handler+0x5c>)
10001e98:	f002 fab0 	bl	100043fc <__assert_func>
10001e9c:	2001a3f5 	.word	0x2001a3f5
10001ea0:	10000111 	.word	0x10000111
10001ea4:	100079a8 	.word	0x100079a8
10001ea8:	100083a8 	.word	0x100083a8
10001eac:	10007930 	.word	0x10007930

10001eb0 <irq_add_shared_handler>:
10001eb0:	e92d 4ff0 	stmdb	sp!, {r4, r5, r6, r7, r8, r9, sl, fp, lr}
10001eb4:	b087      	sub	sp, #28
10001eb6:	9100      	str	r1, [sp, #0]
10001eb8:	4615      	mov	r5, r2
10001eba:	f3ef 8310 	mrs	r3, PRIMASK
10001ebe:	b672      	cpsid	i
10001ec0:	469b      	mov	fp, r3
10001ec2:	4b7c      	ldr	r3, [pc, #496]	@ (100020b4 <irq_add_shared_handler+0x204>)
10001ec4:	e8d3 1fcf 	ldaexb	r1, [r3]
10001ec8:	2201      	movs	r2, #1
10001eca:	2900      	cmp	r1, #0
10001ecc:	d1fa      	bne.n	10001ec4 <irq_add_shared_handler+0x14>
10001ece:	e8c3 2f41 	strexb	r1, r2, [r3]
10001ed2:	2900      	cmp	r1, #0
10001ed4:	d1f6      	bne.n	10001ec4 <irq_add_shared_handler+0x14>
10001ed6:	f3bf 8f5f 	dmb	sy
10001eda:	4b77      	ldr	r3, [pc, #476]	@ (100020b8 <irq_add_shared_handler+0x208>)
10001edc:	f993 4000 	ldrsb.w	r4, [r3]
10001ee0:	2c00      	cmp	r4, #0
10001ee2:	db44      	blt.n	10001f6e <irq_add_shared_handler+0xbe>
10001ee4:	4680      	mov	r8, r0
10001ee6:	eb04 0744 	add.w	r7, r4, r4, lsl #1
10001eea:	4b74      	ldr	r3, [pc, #464]	@ (100020bc <irq_add_shared_handler+0x20c>)
10001eec:	eb03 0787 	add.w	r7, r3, r7, lsl #2
10001ef0:	f997 1006 	ldrsb.w	r1, [r7, #6]
10001ef4:	4a70      	ldr	r2, [pc, #448]	@ (100020b8 <irq_add_shared_handler+0x208>)
10001ef6:	7011      	strb	r1, [r2, #0]
10001ef8:	4a71      	ldr	r2, [pc, #452]	@ (100020c0 <irq_add_shared_handler+0x210>)
10001efa:	6892      	ldr	r2, [r2, #8]
10001efc:	f100 0110 	add.w	r1, r0, #16
10001f00:	f852 9021 	ldr.w	r9, [r2, r1, lsl #2]
10001f04:	eba9 0203 	sub.w	r2, r9, r3
10001f08:	2a2f      	cmp	r2, #47	@ 0x2f
10001f0a:	d93e      	bls.n	10001f8a <irq_add_shared_handler+0xda>
10001f0c:	4b6d      	ldr	r3, [pc, #436]	@ (100020c4 <irq_add_shared_handler+0x214>)
10001f0e:	4599      	cmp	r9, r3
10001f10:	d134      	bne.n	10001f7c <irq_add_shared_handler+0xcc>
10001f12:	f44f 4321 	mov.w	r3, #41216	@ 0xa100
10001f16:	f8ad 300c 	strh.w	r3, [sp, #12]
10001f1a:	ea4f 0944 	mov.w	r9, r4, lsl #1
10001f1e:	eb04 0044 	add.w	r0, r4, r4, lsl #1
10001f22:	4e66      	ldr	r6, [pc, #408]	@ (100020bc <irq_add_shared_handler+0x20c>)
10001f24:	eb06 0080 	add.w	r0, r6, r0, lsl #2
10001f28:	4967      	ldr	r1, [pc, #412]	@ (100020c8 <irq_add_shared_handler+0x218>)
10001f2a:	3002      	adds	r0, #2
10001f2c:	f7ff ff40 	bl	10001db0 <make_j_16>
10001f30:	f8ad 000e 	strh.w	r0, [sp, #14]
10001f34:	f64b 5301 	movw	r3, #48385	@ 0xbd01
10001f38:	f8ad 3010 	strh.w	r3, [sp, #16]
10001f3c:	23ff      	movs	r3, #255	@ 0xff
10001f3e:	f88d 3012 	strb.w	r3, [sp, #18]
10001f42:	f88d 5013 	strb.w	r5, [sp, #19]
10001f46:	9b00      	ldr	r3, [sp, #0]
10001f48:	9305      	str	r3, [sp, #20]
10001f4a:	44a1      	add	r9, r4
10001f4c:	eb06 0389 	add.w	r3, r6, r9, lsl #2
10001f50:	aa06      	add	r2, sp, #24
10001f52:	e912 0007 	ldmdb	r2, {r0, r1, r2}
10001f56:	e883 0007 	stmia.w	r3, {r0, r1, r2}
10001f5a:	f047 0901 	orr.w	r9, r7, #1
10001f5e:	465a      	mov	r2, fp
10001f60:	4649      	mov	r1, r9
10001f62:	4640      	mov	r0, r8
10001f64:	f7ff fee0 	bl	10001d28 <set_raw_irq_handler_and_unlock>
10001f68:	b007      	add	sp, #28
10001f6a:	e8bd 8ff0 	ldmia.w	sp!, {r4, r5, r6, r7, r8, r9, sl, fp, pc}
10001f6e:	4b57      	ldr	r3, [pc, #348]	@ (100020cc <irq_add_shared_handler+0x21c>)
10001f70:	4a57      	ldr	r2, [pc, #348]	@ (100020d0 <irq_add_shared_handler+0x220>)
10001f72:	f44f 71be 	mov.w	r1, #380	@ 0x17c
10001f76:	4857      	ldr	r0, [pc, #348]	@ (100020d4 <irq_add_shared_handler+0x224>)
10001f78:	f002 fa40 	bl	100043fc <__assert_func>
10001f7c:	4b56      	ldr	r3, [pc, #344]	@ (100020d8 <irq_add_shared_handler+0x228>)
10001f7e:	4a54      	ldr	r2, [pc, #336]	@ (100020d0 <irq_add_shared_handler+0x220>)
10001f80:	f240 1183 	movw	r1, #387	@ 0x183
10001f84:	4853      	ldr	r0, [pc, #332]	@ (100020d4 <irq_add_shared_handler+0x224>)
10001f86:	f002 fa39 	bl	100043fc <__assert_func>
10001f8a:	f029 0201 	bic.w	r2, r9, #1
10001f8e:	4692      	mov	sl, r2
10001f90:	1ad3      	subs	r3, r2, r3
10001f92:	4a52      	ldr	r2, [pc, #328]	@ (100020dc <irq_add_shared_handler+0x22c>)
10001f94:	fba2 1203 	umull	r1, r2, r2, r3
10001f98:	08d2      	lsrs	r2, r2, #3
10001f9a:	eb02 0242 	add.w	r2, r2, r2, lsl #1
10001f9e:	ebb3 0f82 	cmp.w	r3, r2, lsl #2
10001fa2:	d10f      	bne.n	10001fc4 <irq_add_shared_handler+0x114>
10001fa4:	4653      	mov	r3, sl
10001fa6:	2600      	movs	r6, #0
10001fa8:	79da      	ldrb	r2, [r3, #7]
10001faa:	42aa      	cmp	r2, r5
10001fac:	d912      	bls.n	10001fd4 <irq_add_shared_handler+0x124>
10001fae:	f993 2006 	ldrsb.w	r2, [r3, #6]
10001fb2:	2a00      	cmp	r2, #0
10001fb4:	db0d      	blt.n	10001fd2 <irq_add_shared_handler+0x122>
10001fb6:	eb02 0242 	add.w	r2, r2, r2, lsl #1
10001fba:	461e      	mov	r6, r3
10001fbc:	4b3f      	ldr	r3, [pc, #252]	@ (100020bc <irq_add_shared_handler+0x20c>)
10001fbe:	eb03 0382 	add.w	r3, r3, r2, lsl #2
10001fc2:	e7f1      	b.n	10001fa8 <irq_add_shared_handler+0xf8>
10001fc4:	4b46      	ldr	r3, [pc, #280]	@ (100020e0 <irq_add_shared_handler+0x230>)
10001fc6:	4a42      	ldr	r2, [pc, #264]	@ (100020d0 <irq_add_shared_handler+0x220>)
10001fc8:	f44f 71ca 	mov.w	r1, #404	@ 0x194
10001fcc:	4841      	ldr	r0, [pc, #260]	@ (100020d4 <irq_add_shared_handler+0x224>)
10001fce:	f002 fa15 	bl	100043fc <__assert_func>
10001fd2:	461e      	mov	r6, r3
10001fd4:	b3a6      	cbz	r6, 10002040 <irq_add_shared_handler+0x190>
10001fd6:	f644 0301 	movw	r3, #18433	@ 0x4801
10001fda:	f8ad 300c 	strh.w	r3, [sp, #12]
10001fde:	f44f 438f 	mov.w	r3, #18304	@ 0x4780
10001fe2:	f8ad 300e 	strh.w	r3, [sp, #14]
10001fe6:	f996 3006 	ldrsb.w	r3, [r6, #6]
10001fea:	469a      	mov	sl, r3
10001fec:	2b00      	cmp	r3, #0
10001fee:	da1a      	bge.n	10002026 <irq_add_shared_handler+0x176>
10001ff0:	f64b 5001 	movw	r0, #48385	@ 0xbd01
10001ff4:	f8ad 0010 	strh.w	r0, [sp, #16]
10001ff8:	f88d a012 	strb.w	sl, [sp, #18]
10001ffc:	f88d 5013 	strb.w	r5, [sp, #19]
10002000:	9b00      	ldr	r3, [sp, #0]
10002002:	9305      	str	r3, [sp, #20]
10002004:	4639      	mov	r1, r7
10002006:	1d30      	adds	r0, r6, #4
10002008:	f7ff fed2 	bl	10001db0 <make_j_16>
1000200c:	80b0      	strh	r0, [r6, #4]
1000200e:	71b4      	strb	r4, [r6, #6]
10002010:	eb04 0444 	add.w	r4, r4, r4, lsl #1
10002014:	4b29      	ldr	r3, [pc, #164]	@ (100020bc <irq_add_shared_handler+0x20c>)
10002016:	eb03 0384 	add.w	r3, r3, r4, lsl #2
1000201a:	aa06      	add	r2, sp, #24
1000201c:	e912 0007 	ldmdb	r2, {r0, r1, r2}
10002020:	e883 0007 	stmia.w	r3, {r0, r1, r2}
10002024:	e79b      	b.n	10001f5e <irq_add_shared_handler+0xae>
10002026:	1d30      	adds	r0, r6, #4
10002028:	f7ff fea2 	bl	10001d70 <resolve_j_16>
1000202c:	4601      	mov	r1, r0
1000202e:	eb04 0244 	add.w	r2, r4, r4, lsl #1
10002032:	4b22      	ldr	r3, [pc, #136]	@ (100020bc <irq_add_shared_handler+0x20c>)
10002034:	eb03 0382 	add.w	r3, r3, r2, lsl #2
10002038:	1d18      	adds	r0, r3, #4
1000203a:	f7ff feb9 	bl	10001db0 <make_j_16>
1000203e:	e7d9      	b.n	10001ff4 <irq_add_shared_handler+0x144>
10002040:	f44f 4321 	mov.w	r3, #41216	@ 0xa100
10002044:	f8ad 300c 	strh.w	r3, [sp, #12]
10002048:	0063      	lsls	r3, r4, #1
1000204a:	9301      	str	r3, [sp, #4]
1000204c:	eb04 0644 	add.w	r6, r4, r4, lsl #1
10002050:	f8df 9068 	ldr.w	r9, [pc, #104]	@ 100020bc <irq_add_shared_handler+0x20c>
10002054:	eb09 0686 	add.w	r6, r9, r6, lsl #2
10002058:	491b      	ldr	r1, [pc, #108]	@ (100020c8 <irq_add_shared_handler+0x218>)
1000205a:	1cb0      	adds	r0, r6, #2
1000205c:	f7ff fea8 	bl	10001db0 <make_j_16>
10002060:	f8ad 000e 	strh.w	r0, [sp, #14]
10002064:	4651      	mov	r1, sl
10002066:	1d30      	adds	r0, r6, #4
10002068:	f7ff fea2 	bl	10001db0 <make_j_16>
1000206c:	f8ad 0010 	strh.w	r0, [sp, #16]
10002070:	f64a 23aa 	movw	r3, #43690	@ 0xaaaa
10002074:	4652      	mov	r2, sl
10002076:	4649      	mov	r1, r9
10002078:	1a52      	subs	r2, r2, r1
1000207a:	4152      	adcs	r2, r2
1000207c:	4353      	muls	r3, r2
1000207e:	0d1b      	lsrs	r3, r3, #20
10002080:	f88d 3012 	strb.w	r3, [sp, #18]
10002084:	f88d 5013 	strb.w	r5, [sp, #19]
10002088:	9900      	ldr	r1, [sp, #0]
1000208a:	9105      	str	r1, [sp, #20]
1000208c:	9b01      	ldr	r3, [sp, #4]
1000208e:	4423      	add	r3, r4
10002090:	eb09 0983 	add.w	r9, r9, r3, lsl #2
10002094:	ab06      	add	r3, sp, #24
10002096:	e913 0007 	ldmdb	r3, {r0, r1, r2}
1000209a:	e889 0007 	stmia.w	r9, {r0, r1, r2}
1000209e:	f644 0301 	movw	r3, #18433	@ 0x4801
100020a2:	f8aa 3000 	strh.w	r3, [sl]
100020a6:	f44f 438f 	mov.w	r3, #18304	@ 0x4780
100020aa:	f8aa 3002 	strh.w	r3, [sl, #2]
100020ae:	f047 0901 	orr.w	r9, r7, #1
100020b2:	e754      	b.n	10001f5e <irq_add_shared_handler+0xae>
100020b4:	2001a3f5 	.word	0x2001a3f5
100020b8:	2001babb 	.word	0x2001babb
100020bc:	2001a084 	.word	0x2001a084
100020c0:	e000ed00 	.word	0xe000ed00
100020c4:	10000111 	.word	0x10000111
100020c8:	2001a0b4 	.word	0x2001a0b4
100020cc:	100079e0 	.word	0x100079e0
100020d0:	10008390 	.word	0x10008390
100020d4:	10007930 	.word	0x10007930
100020d8:	10007a08 	.word	0x10007a08
100020dc:	aaaaaaab 	.word	0xaaaaaaab
100020e0:	10007a30 	.word	0x10007a30

100020e4 <irq_add_tail_to_free_list>:
100020e4:	b538      	push	{r3, r4, r5, lr}
100020e6:	f040 0401 	orr.w	r4, r0, #1
100020ea:	4b34      	ldr	r3, [pc, #208]	@ (100021bc <irq_add_tail_to_free_list+0xd8>)
100020ec:	1ae3      	subs	r3, r4, r3
100020ee:	2b2f      	cmp	r3, #47	@ 0x2f
100020f0:	d835      	bhi.n	1000215e <irq_add_tail_to_free_list+0x7a>
100020f2:	f3ef 8105 	mrs	r1, IPSR
100020f6:	b2c9      	uxtb	r1, r1
100020f8:	2900      	cmp	r1, #0
100020fa:	d037      	beq.n	1000216c <irq_add_tail_to_free_list+0x88>
100020fc:	f3ef 8e10 	mrs	lr, PRIMASK
10002100:	b672      	cpsid	i
10002102:	4b2f      	ldr	r3, [pc, #188]	@ (100021c0 <irq_add_tail_to_free_list+0xdc>)
10002104:	e8d3 cfcf 	ldaexb	ip, [r3]
10002108:	2201      	movs	r2, #1
1000210a:	f1bc 0f00 	cmp.w	ip, #0
1000210e:	d1f9      	bne.n	10002104 <irq_add_tail_to_free_list+0x20>
10002110:	e8c3 2f4c 	strexb	ip, r2, [r3]
10002114:	f1bc 0f00 	cmp.w	ip, #0
10002118:	d1f4      	bne.n	10002104 <irq_add_tail_to_free_list+0x20>
1000211a:	f3bf 8f5f 	dmb	sy
1000211e:	f64a 23aa 	movw	r3, #43690	@ 0xaaaa
10002122:	4602      	mov	r2, r0
10002124:	f8df c094 	ldr.w	ip, [pc, #148]	@ 100021bc <irq_add_tail_to_free_list+0xd8>
10002128:	4665      	mov	r5, ip
1000212a:	1b52      	subs	r2, r2, r5
1000212c:	4152      	adcs	r2, r2
1000212e:	4353      	muls	r3, r2
10002130:	0d1b      	lsrs	r3, r3, #20
10002132:	fa4f fc83 	sxtb.w	ip, r3
10002136:	4b23      	ldr	r3, [pc, #140]	@ (100021c4 <irq_add_tail_to_free_list+0xe0>)
10002138:	689b      	ldr	r3, [r3, #8]
1000213a:	f853 3021 	ldr.w	r3, [r3, r1, lsl #2]
1000213e:	42a3      	cmp	r3, r4
10002140:	d01b      	beq.n	1000217a <irq_add_tail_to_free_list+0x96>
10002142:	2300      	movs	r3, #0
10002144:	2b03      	cmp	r3, #3
10002146:	d832      	bhi.n	100021ae <irq_add_tail_to_free_list+0xca>
10002148:	eb03 0143 	add.w	r1, r3, r3, lsl #1
1000214c:	4a1b      	ldr	r2, [pc, #108]	@ (100021bc <irq_add_tail_to_free_list+0xd8>)
1000214e:	eb02 0281 	add.w	r2, r2, r1, lsl #2
10002152:	f992 2006 	ldrsb.w	r2, [r2, #6]
10002156:	4562      	cmp	r2, ip
10002158:	d020      	beq.n	1000219c <irq_add_tail_to_free_list+0xb8>
1000215a:	3301      	adds	r3, #1
1000215c:	e7f2      	b.n	10002144 <irq_add_tail_to_free_list+0x60>
1000215e:	4b1a      	ldr	r3, [pc, #104]	@ (100021c8 <irq_add_tail_to_free_list+0xe4>)
10002160:	4a1a      	ldr	r2, [pc, #104]	@ (100021cc <irq_add_tail_to_free_list+0xe8>)
10002162:	f240 217f 	movw	r1, #639	@ 0x27f
10002166:	481a      	ldr	r0, [pc, #104]	@ (100021d0 <irq_add_tail_to_free_list+0xec>)
10002168:	f002 f948 	bl	100043fc <__assert_func>
1000216c:	4b19      	ldr	r3, [pc, #100]	@ (100021d4 <irq_add_tail_to_free_list+0xf0>)
1000216e:	4a17      	ldr	r2, [pc, #92]	@ (100021cc <irq_add_tail_to_free_list+0xe8>)
10002170:	f240 2182 	movw	r1, #642	@ 0x282
10002174:	4816      	ldr	r0, [pc, #88]	@ (100021d0 <irq_add_tail_to_free_list+0xec>)
10002176:	f002 f941 	bl	100043fc <__assert_func>
1000217a:	4b12      	ldr	r3, [pc, #72]	@ (100021c4 <irq_add_tail_to_free_list+0xe0>)
1000217c:	689b      	ldr	r3, [r3, #8]
1000217e:	4a16      	ldr	r2, [pc, #88]	@ (100021d8 <irq_add_tail_to_free_list+0xf4>)
10002180:	f843 2021 	str.w	r2, [r3, r1, lsl #2]
10002184:	4b15      	ldr	r3, [pc, #84]	@ (100021dc <irq_add_tail_to_free_list+0xf8>)
10002186:	781a      	ldrb	r2, [r3, #0]
10002188:	7182      	strb	r2, [r0, #6]
1000218a:	f883 c000 	strb.w	ip, [r3]
1000218e:	2300      	movs	r3, #0
10002190:	4a0b      	ldr	r2, [pc, #44]	@ (100021c0 <irq_add_tail_to_free_list+0xdc>)
10002192:	e8c2 3f8f 	stlb	r3, [r2]
10002196:	f38e 8810 	msr	PRIMASK, lr
1000219a:	bd38      	pop	{r3, r4, r5, pc}
1000219c:	4a07      	ldr	r2, [pc, #28]	@ (100021bc <irq_add_tail_to_free_list+0xd8>)
1000219e:	eb02 0181 	add.w	r1, r2, r1, lsl #2
100021a2:	24ff      	movs	r4, #255	@ 0xff
100021a4:	718c      	strb	r4, [r1, #6]
100021a6:	f64b 5301 	movw	r3, #48385	@ 0xbd01
100021aa:	808b      	strh	r3, [r1, #4]
100021ac:	e7ea      	b.n	10002184 <irq_add_tail_to_free_list+0xa0>
100021ae:	4b0c      	ldr	r3, [pc, #48]	@ (100021e0 <irq_add_tail_to_free_list+0xfc>)
100021b0:	4a06      	ldr	r2, [pc, #24]	@ (100021cc <irq_add_tail_to_free_list+0xe8>)
100021b2:	f240 2193 	movw	r1, #659	@ 0x293
100021b6:	4806      	ldr	r0, [pc, #24]	@ (100021d0 <irq_add_tail_to_free_list+0xec>)
100021b8:	f002 f920 	bl	100043fc <__assert_func>
100021bc:	2001a084 	.word	0x2001a084
100021c0:	2001a3f5 	.word	0x2001a3f5
100021c4:	e000ed00 	.word	0xe000ed00
100021c8:	10007ab4 	.word	0x10007ab4
100021cc:	10008358 	.word	0x10008358
100021d0:	10007930 	.word	0x10007930
100021d4:	10007adc 	.word	0x10007adc
100021d8:	10000111 	.word	0x10000111
100021dc:	2001babb 	.word	0x2001babb
100021e0:	10007ae8 	.word	0x10007ae8

100021e4 <lock_init>:
100021e4:	4b01      	ldr	r3, [pc, #4]	@ (100021ec <lock_init+0x8>)
100021e6:	440b      	add	r3, r1
100021e8:	6003      	str	r3, [r0, #0]
100021ea:	4770      	bx	lr
100021ec:	2001a3ec 	.word	0x2001a3ec

100021f0 <mutex_init>:
100021f0:	b510      	push	{r4, lr}
100021f2:	4604      	mov	r4, r0
100021f4:	f7ff f8c2 	bl	1000137c <next_striped_spin_lock_num>
100021f8:	4601      	mov	r1, r0
100021fa:	4620      	mov	r0, r4
100021fc:	f7ff fff2 	bl	100021e4 <lock_init>
10002200:	23ff      	movs	r3, #255	@ 0xff
10002202:	7123      	strb	r3, [r4, #4]
10002204:	f3bf 8f5f 	dmb	sy
10002208:	bd10      	pop	{r4, pc}

1000220a <recursive_mutex_init>:
1000220a:	b510      	push	{r4, lr}
1000220c:	4604      	mov	r4, r0
1000220e:	f7ff f8b5 	bl	1000137c <next_striped_spin_lock_num>
10002212:	4601      	mov	r1, r0
10002214:	4620      	mov	r0, r4
10002216:	f7ff ffe5 	bl	100021e4 <lock_init>
1000221a:	23ff      	movs	r3, #255	@ 0xff
1000221c:	7123      	strb	r3, [r4, #4]
1000221e:	2300      	movs	r3, #0
10002220:	7163      	strb	r3, [r4, #5]
10002222:	f3bf 8f5f 	dmb	sy
10002226:	bd10      	pop	{r4, pc}

10002228 <runtime_init_mutex>:
10002228:	b510      	push	{r4, lr}
1000222a:	4c0d      	ldr	r4, [pc, #52]	@ (10002260 <runtime_init_mutex+0x38>)
1000222c:	e009      	b.n	10002242 <runtime_init_mutex+0x1a>
1000222e:	4b0d      	ldr	r3, [pc, #52]	@ (10002264 <runtime_init_mutex+0x3c>)
10002230:	4a0d      	ldr	r2, [pc, #52]	@ (10002268 <runtime_init_mutex+0x40>)
10002232:	211a      	movs	r1, #26
10002234:	480d      	ldr	r0, [pc, #52]	@ (1000226c <runtime_init_mutex+0x44>)
10002236:	f002 f8e1 	bl	100043fc <__assert_func>
1000223a:	4620      	mov	r0, r4
1000223c:	f7ff ffd8 	bl	100021f0 <mutex_init>
10002240:	3408      	adds	r4, #8
10002242:	4b0b      	ldr	r3, [pc, #44]	@ (10002270 <runtime_init_mutex+0x48>)
10002244:	429c      	cmp	r4, r3
10002246:	d209      	bcs.n	1000225c <runtime_init_mutex+0x34>
10002248:	6823      	ldr	r3, [r4, #0]
1000224a:	2b00      	cmp	r3, #0
1000224c:	d0f5      	beq.n	1000223a <runtime_init_mutex+0x12>
1000224e:	2b01      	cmp	r3, #1
10002250:	d1ed      	bne.n	1000222e <runtime_init_mutex+0x6>
10002252:	4620      	mov	r0, r4
10002254:	f7ff ffd9 	bl	1000220a <recursive_mutex_init>
10002258:	3408      	adds	r4, #8
1000225a:	e7f2      	b.n	10002242 <runtime_init_mutex+0x1a>
1000225c:	bd10      	pop	{r4, pc}
1000225e:	bf00      	nop
10002260:	2001a0f0 	.word	0x2001a0f0
10002264:	10007af0 	.word	0x10007af0
10002268:	100083e8 	.word	0x100083e8
1000226c:	10007b10 	.word	0x10007b10
10002270:	2001a100 	.word	0x2001a100

10002274 <critical_section_init_with_lock_num>:
10002274:	4b02      	ldr	r3, [pc, #8]	@ (10002280 <critical_section_init_with_lock_num+0xc>)
10002276:	440b      	add	r3, r1
10002278:	6003      	str	r3, [r0, #0]
1000227a:	f3bf 8f5f 	dmb	sy
1000227e:	4770      	bx	lr
10002280:	2001a3ec 	.word	0x2001a3ec

10002284 <critical_section_init>:
10002284:	b510      	push	{r4, lr}
10002286:	4604      	mov	r4, r0
10002288:	2001      	movs	r0, #1
1000228a:	f7ff f885 	bl	10001398 <spin_lock_claim_unused>
1000228e:	4601      	mov	r1, r0
10002290:	4620      	mov	r0, r4
10002292:	f7ff ffef 	bl	10002274 <critical_section_init_with_lock_num>
10002296:	bd10      	pop	{r4, pc}

10002298 <gpio_set_function>:
10002298:	4b0c      	ldr	r3, [pc, #48]	@ (100022cc <gpio_set_function+0x34>)
1000229a:	eb03 0280 	add.w	r2, r3, r0, lsl #2
1000229e:	f853 3020 	ldr.w	r3, [r3, r0, lsl #2]
100022a2:	f083 0340 	eor.w	r3, r3, #64	@ 0x40
100022a6:	f003 03c0 	and.w	r3, r3, #192	@ 0xc0
100022aa:	f502 5c80 	add.w	ip, r2, #4096	@ 0x1000
100022ae:	f8cc 3000 	str.w	r3, [ip]
100022b2:	00c0      	lsls	r0, r0, #3
100022b4:	f100 4080 	add.w	r0, r0, #1073741824	@ 0x40000000
100022b8:	f500 3020 	add.w	r0, r0, #163840	@ 0x28000
100022bc:	6041      	str	r1, [r0, #4]
100022be:	f502 5240 	add.w	r2, r2, #12288	@ 0x3000
100022c2:	f44f 7380 	mov.w	r3, #256	@ 0x100
100022c6:	6013      	str	r3, [r2, #0]
100022c8:	4770      	bx	lr
100022ca:	bf00      	nop
100022cc:	40038004 	.word	0x40038004

100022d0 <gpio_set_pulls>:
100022d0:	b500      	push	{lr}
100022d2:	f8df e028 	ldr.w	lr, [pc, #40]	@ 100022fc <gpio_set_pulls+0x2c>
100022d6:	eb0e 0c80 	add.w	ip, lr, r0, lsl #2
100022da:	b169      	cbz	r1, 100022f8 <gpio_set_pulls+0x28>
100022dc:	2308      	movs	r3, #8
100022de:	b102      	cbz	r2, 100022e2 <gpio_set_pulls+0x12>
100022e0:	2204      	movs	r2, #4
100022e2:	4313      	orrs	r3, r2
100022e4:	f85e 2020 	ldr.w	r2, [lr, r0, lsl #2]
100022e8:	4053      	eors	r3, r2
100022ea:	f003 030c 	and.w	r3, r3, #12
100022ee:	f50c 5c80 	add.w	ip, ip, #4096	@ 0x1000
100022f2:	f8cc 3000 	str.w	r3, [ip]
100022f6:	bd00      	pop	{pc}
100022f8:	460b      	mov	r3, r1
100022fa:	e7f0      	b.n	100022de <gpio_set_pulls+0xe>
100022fc:	40038004 	.word	0x40038004

10002300 <gpio_init>:
10002300:	b508      	push	{r3, lr}
10002302:	f04f 0200 	mov.w	r2, #0
10002306:	ec42 0044 	gpioc_bit_oe_put r0, r2
1000230a:	ec42 0040 	gpioc_bit_out_put r0, r2
1000230e:	2105      	movs	r1, #5
10002310:	f7ff ffc2 	bl	10002298 <gpio_set_function>
10002314:	bd08      	pop	{r3, pc}

10002316 <pio_get_default_sm_config>:
10002316:	2200      	movs	r2, #0
10002318:	6002      	str	r2, [r0, #0]
1000231a:	6042      	str	r2, [r0, #4]
1000231c:	6082      	str	r2, [r0, #8]
1000231e:	60c2      	str	r2, [r0, #12]
10002320:	6102      	str	r2, [r0, #16]
10002322:	f04f 32ff 	mov.w	r2, #4294967295	@ 0xffffffff
10002326:	6102      	str	r2, [r0, #16]
10002328:	f44f 3280 	mov.w	r2, #65536	@ 0x10000
1000232c:	6002      	str	r2, [r0, #0]
1000232e:	f44f 32f8 	mov.w	r2, #126976	@ 0x1f000
10002332:	6042      	str	r2, [r0, #4]
10002334:	f44f 2280 	mov.w	r2, #262144	@ 0x40000
10002338:	6082      	str	r2, [r0, #8]
1000233a:	f44f 2240 	mov.w	r2, #786432	@ 0xc0000
1000233e:	6082      	str	r2, [r0, #8]
10002340:	4770      	bx	lr
	...

10002344 <pio_sm_set_config>:
10002344:	b510      	push	{r4, lr}
10002346:	6814      	ldr	r4, [r2, #0]
10002348:	eb01 0341 	add.w	r3, r1, r1, lsl #1
1000234c:	eb00 03c3 	add.w	r3, r0, r3, lsl #3
10002350:	f8c3 40c8 	str.w	r4, [r3, #200]	@ 0xc8
10002354:	6894      	ldr	r4, [r2, #8]
10002356:	f8c3 40d0 	str.w	r4, [r3, #208]	@ 0xd0
1000235a:	6914      	ldr	r4, [r2, #16]
1000235c:	ea6f 0c04 	mvn.w	ip, r4
10002360:	4b1e      	ldr	r3, [pc, #120]	@ (100023dc <pio_sm_set_config+0x98>)
10002362:	ea03 131c 	and.w	r3, r3, ip, lsr #4
10002366:	ea0c 0c5c 	and.w	ip, ip, ip, lsr #1
1000236a:	ea03 0454 	and.w	r4, r3, r4, lsr #1
1000236e:	f8d0 e168 	ldr.w	lr, [r0, #360]	@ 0x168
10002372:	ea1c 0f03 	tst.w	ip, r3
10002376:	d002      	beq.n	1000237e <pio_sm_set_config+0x3a>
10002378:	f1be 0f00 	cmp.w	lr, #0
1000237c:	d127      	bne.n	100023ce <pio_sm_set_config+0x8a>
1000237e:	b304      	cbz	r4, 100023c2 <pio_sm_set_config+0x7e>
10002380:	f1be 0f00 	cmp.w	lr, #0
10002384:	d026      	beq.n	100023d4 <pio_sm_set_config+0x90>
10002386:	6854      	ldr	r4, [r2, #4]
10002388:	ea4f 5c13 	mov.w	ip, r3, lsr #20
1000238c:	ea4f 7c0c 	mov.w	ip, ip, lsl #28
10002390:	ea84 0c0c 	eor.w	ip, r4, ip
10002394:	eb01 0441 	add.w	r4, r1, r1, lsl #1
10002398:	eb00 04c4 	add.w	r4, r0, r4, lsl #3
1000239c:	f8c4 c0cc 	str.w	ip, [r4, #204]	@ 0xcc
100023a0:	68d2      	ldr	r2, [r2, #12]
100023a2:	f1be 0f00 	cmp.w	lr, #0
100023a6:	d002      	beq.n	100023ae <pio_sm_set_config+0x6a>
100023a8:	031b      	lsls	r3, r3, #12
100023aa:	ea4f 2e13 	mov.w	lr, r3, lsr #8
100023ae:	ea82 020e 	eor.w	r2, r2, lr
100023b2:	eb01 0141 	add.w	r1, r1, r1, lsl #1
100023b6:	eb00 00c1 	add.w	r0, r0, r1, lsl #3
100023ba:	f8c0 20dc 	str.w	r2, [r0, #220]	@ 0xdc
100023be:	2000      	movs	r0, #0
100023c0:	bd10      	pop	{r4, pc}
100023c2:	6854      	ldr	r4, [r2, #4]
100023c4:	f1be 0f00 	cmp.w	lr, #0
100023c8:	d1de      	bne.n	10002388 <pio_sm_set_config+0x44>
100023ca:	46f4      	mov	ip, lr
100023cc:	e7e0      	b.n	10002390 <pio_sm_set_config+0x4c>
100023ce:	f06f 000a 	mvn.w	r0, #10
100023d2:	e7f5      	b.n	100023c0 <pio_sm_set_config+0x7c>
100023d4:	f06f 000a 	mvn.w	r0, #10
100023d8:	e7f2      	b.n	100023c0 <pio_sm_set_config+0x7c>
100023da:	bf00      	nop
100023dc:	00108421 	.word	0x00108421

100023e0 <pio_set_gpio_base_unsafe>:
100023e0:	460a      	mov	r2, r1
100023e2:	b109      	cbz	r1, 100023e8 <pio_set_gpio_base_unsafe+0x8>
100023e4:	2910      	cmp	r1, #16
100023e6:	d10c      	bne.n	10002402 <pio_set_gpio_base_unsafe+0x22>
100023e8:	f100 432f 	add.w	r3, r0, #2936012800	@ 0xaf000000
100023ec:	f503 0360 	add.w	r3, r3, #14680064	@ 0xe00000
100023f0:	0d1b      	lsrs	r3, r3, #20
100023f2:	4907      	ldr	r1, [pc, #28]	@ (10002410 <pio_set_gpio_base_unsafe+0x30>)
100023f4:	f851 3023 	ldr.w	r3, [r1, r3, lsl #2]
100023f8:	b933      	cbnz	r3, 10002408 <pio_set_gpio_base_unsafe+0x28>
100023fa:	f8c0 2168 	str.w	r2, [r0, #360]	@ 0x168
100023fe:	4618      	mov	r0, r3
10002400:	4770      	bx	lr
10002402:	f06f 000a 	mvn.w	r0, #10
10002406:	4770      	bx	lr
10002408:	f06f 000b 	mvn.w	r0, #11
1000240c:	4770      	bx	lr
1000240e:	bf00      	nop
10002410:	2001a554 	.word	0x2001a554

10002414 <is_gpio_compatible>:
10002414:	f8d0 3168 	ldr.w	r3, [r0, #360]	@ 0x168
10002418:	b123      	cbz	r3, 10002424 <is_gpio_compatible+0x10>
1000241a:	f011 0f01 	tst.w	r1, #1
1000241e:	d006      	beq.n	1000242e <is_gpio_compatible+0x1a>
10002420:	2000      	movs	r0, #0
10002422:	4770      	bx	lr
10002424:	f011 0f04 	tst.w	r1, #4
10002428:	d003      	beq.n	10002432 <is_gpio_compatible+0x1e>
1000242a:	4618      	mov	r0, r3
1000242c:	4770      	bx	lr
1000242e:	2001      	movs	r0, #1
10002430:	4770      	bx	lr
10002432:	2001      	movs	r0, #1
10002434:	4770      	bx	lr

10002436 <is_program_gpio_compatible>:
10002436:	b508      	push	{r3, lr}
10002438:	79c9      	ldrb	r1, [r1, #7]
1000243a:	f7ff ffeb 	bl	10002414 <is_gpio_compatible>
1000243e:	bd08      	pop	{r3, pc}

10002440 <add_program_at_offset_check>:
10002440:	b570      	push	{r4, r5, r6, lr}
10002442:	4606      	mov	r6, r0
10002444:	460c      	mov	r4, r1
10002446:	4615      	mov	r5, r2
10002448:	f7ff fff5 	bl	10002436 <is_program_gpio_compatible>
1000244c:	b1d0      	cbz	r0, 10002484 <add_program_at_offset_check+0x44>
1000244e:	f994 3005 	ldrsb.w	r3, [r4, #5]
10002452:	2b00      	cmp	r3, #0
10002454:	db01      	blt.n	1000245a <add_program_at_offset_check+0x1a>
10002456:	42ab      	cmp	r3, r5
10002458:	d117      	bne.n	1000248a <add_program_at_offset_check+0x4a>
1000245a:	f106 402f 	add.w	r0, r6, #2936012800	@ 0xaf000000
1000245e:	f500 0060 	add.w	r0, r0, #14680064	@ 0xe00000
10002462:	0d00      	lsrs	r0, r0, #20
10002464:	4b0a      	ldr	r3, [pc, #40]	@ (10002490 <add_program_at_offset_check+0x50>)
10002466:	f853 1020 	ldr.w	r1, [r3, r0, lsl #2]
1000246a:	7922      	ldrb	r2, [r4, #4]
1000246c:	2301      	movs	r3, #1
1000246e:	4093      	lsls	r3, r2
10002470:	3b01      	subs	r3, #1
10002472:	fa03 f205 	lsl.w	r2, r3, r5
10002476:	420a      	tst	r2, r1
10002478:	d101      	bne.n	1000247e <add_program_at_offset_check+0x3e>
1000247a:	2000      	movs	r0, #0
1000247c:	bd70      	pop	{r4, r5, r6, pc}
1000247e:	f06f 0008 	mvn.w	r0, #8
10002482:	e7fb      	b.n	1000247c <add_program_at_offset_check+0x3c>
10002484:	f06f 000a 	mvn.w	r0, #10
10002488:	e7f8      	b.n	1000247c <add_program_at_offset_check+0x3c>
1000248a:	f06f 000a 	mvn.w	r0, #10
1000248e:	e7f5      	b.n	1000247c <add_program_at_offset_check+0x3c>
10002490:	2001a554 	.word	0x2001a554

10002494 <add_program_at_offset>:
10002494:	b570      	push	{r4, r5, r6, lr}
10002496:	4604      	mov	r4, r0
10002498:	460d      	mov	r5, r1
1000249a:	4616      	mov	r6, r2
1000249c:	f7ff ffd0 	bl	10002440 <add_program_at_offset_check>
100024a0:	bb90      	cbnz	r0, 10002508 <add_program_at_offset+0x74>
100024a2:	4684      	mov	ip, r0
100024a4:	e00f      	b.n	100024c6 <add_program_at_offset+0x32>
100024a6:	f013 0f60 	tst.w	r3, #96	@ 0x60
100024aa:	d117      	bne.n	100024dc <add_program_at_offset+0x48>
100024ac:	f8d4 2168 	ldr.w	r2, [r4, #360]	@ 0x168
100024b0:	b292      	uxth	r2, r2
100024b2:	4053      	eors	r3, r2
100024b4:	e012      	b.n	100024dc <add_program_at_offset+0x48>
100024b6:	eb0c 0e06 	add.w	lr, ip, r6
100024ba:	f10e 0e12 	add.w	lr, lr, #18
100024be:	f844 302e 	str.w	r3, [r4, lr, lsl #2]
100024c2:	f10c 0c01 	add.w	ip, ip, #1
100024c6:	792b      	ldrb	r3, [r5, #4]
100024c8:	4563      	cmp	r3, ip
100024ca:	d90c      	bls.n	100024e6 <add_program_at_offset+0x52>
100024cc:	682b      	ldr	r3, [r5, #0]
100024ce:	f833 301c 	ldrh.w	r3, [r3, ip, lsl #1]
100024d2:	f403 4260 	and.w	r2, r3, #57344	@ 0xe000
100024d6:	f5b2 5f00 	cmp.w	r2, #8192	@ 0x2000
100024da:	d0e4      	beq.n	100024a6 <add_program_at_offset+0x12>
100024dc:	f5b3 5f00 	cmp.w	r3, #8192	@ 0x2000
100024e0:	d2e9      	bcs.n	100024b6 <add_program_at_offset+0x22>
100024e2:	4433      	add	r3, r6
100024e4:	e7e7      	b.n	100024b6 <add_program_at_offset+0x22>
100024e6:	2201      	movs	r2, #1
100024e8:	fa02 f303 	lsl.w	r3, r2, r3
100024ec:	3b01      	subs	r3, #1
100024ee:	f104 442f 	add.w	r4, r4, #2936012800	@ 0xaf000000
100024f2:	f504 0460 	add.w	r4, r4, #14680064	@ 0xe00000
100024f6:	0d24      	lsrs	r4, r4, #20
100024f8:	4904      	ldr	r1, [pc, #16]	@ (1000250c <add_program_at_offset+0x78>)
100024fa:	f851 2024 	ldr.w	r2, [r1, r4, lsl #2]
100024fe:	40b3      	lsls	r3, r6
10002500:	431a      	orrs	r2, r3
10002502:	f841 2024 	str.w	r2, [r1, r4, lsl #2]
10002506:	4630      	mov	r0, r6
10002508:	bd70      	pop	{r4, r5, r6, pc}
1000250a:	bf00      	nop
1000250c:	2001a554 	.word	0x2001a554

10002510 <find_offset_for_program>:
10002510:	b508      	push	{r3, lr}
10002512:	790a      	ldrb	r2, [r1, #4]
10002514:	2a20      	cmp	r2, #32
10002516:	d81c      	bhi.n	10002552 <find_offset_for_program+0x42>
10002518:	468c      	mov	ip, r1
1000251a:	f100 402f 	add.w	r0, r0, #2936012800	@ 0xaf000000
1000251e:	f500 0060 	add.w	r0, r0, #14680064	@ 0xe00000
10002522:	0d00      	lsrs	r0, r0, #20
10002524:	4b16      	ldr	r3, [pc, #88]	@ (10002580 <find_offset_for_program+0x70>)
10002526:	f853 1020 	ldr.w	r1, [r3, r0, lsl #2]
1000252a:	2301      	movs	r3, #1
1000252c:	4093      	lsls	r3, r2
1000252e:	3b01      	subs	r3, #1
10002530:	f99c c005 	ldrsb.w	ip, [ip, #5]
10002534:	f1bc 0f00 	cmp.w	ip, #0
10002538:	db11      	blt.n	1000255e <find_offset_for_program+0x4e>
1000253a:	4660      	mov	r0, ip
1000253c:	f1c2 0220 	rsb	r2, r2, #32
10002540:	4594      	cmp	ip, r2
10002542:	dc19      	bgt.n	10002578 <find_offset_for_program+0x68>
10002544:	fa03 f30c 	lsl.w	r3, r3, ip
10002548:	420b      	tst	r3, r1
1000254a:	d001      	beq.n	10002550 <find_offset_for_program+0x40>
1000254c:	f04f 30ff 	mov.w	r0, #4294967295	@ 0xffffffff
10002550:	bd08      	pop	{r3, pc}
10002552:	4b0c      	ldr	r3, [pc, #48]	@ (10002584 <find_offset_for_program+0x74>)
10002554:	4a0c      	ldr	r2, [pc, #48]	@ (10002588 <find_offset_for_program+0x78>)
10002556:	2143      	movs	r1, #67	@ 0x43
10002558:	480c      	ldr	r0, [pc, #48]	@ (1000258c <find_offset_for_program+0x7c>)
1000255a:	f001 ff4f 	bl	100043fc <__assert_func>
1000255e:	f1c2 0020 	rsb	r0, r2, #32
10002562:	2800      	cmp	r0, #0
10002564:	db05      	blt.n	10002572 <find_offset_for_program+0x62>
10002566:	fa03 f200 	lsl.w	r2, r3, r0
1000256a:	420a      	tst	r2, r1
1000256c:	d0f0      	beq.n	10002550 <find_offset_for_program+0x40>
1000256e:	3801      	subs	r0, #1
10002570:	e7f7      	b.n	10002562 <find_offset_for_program+0x52>
10002572:	f06f 0008 	mvn.w	r0, #8
10002576:	e7eb      	b.n	10002550 <find_offset_for_program+0x40>
10002578:	f04f 30ff 	mov.w	r0, #4294967295	@ 0xffffffff
1000257c:	e7e8      	b.n	10002550 <find_offset_for_program+0x40>
1000257e:	bf00      	nop
10002580:	2001a554 	.word	0x2001a554
10002584:	10007ba8 	.word	0x10007ba8
10002588:	10008410 	.word	0x10008410
1000258c:	10007bd4 	.word	0x10007bd4

10002590 <pio_sm_unclaim>:
10002590:	b508      	push	{r3, lr}
10002592:	f100 402f 	add.w	r0, r0, #2936012800	@ 0xaf000000
10002596:	f500 0060 	add.w	r0, r0, #14680064	@ 0xe00000
1000259a:	0d00      	lsrs	r0, r0, #20
1000259c:	eb01 0180 	add.w	r1, r1, r0, lsl #2
100025a0:	4801      	ldr	r0, [pc, #4]	@ (100025a8 <pio_sm_unclaim+0x18>)
100025a2:	f7fe fecb 	bl	1000133c <hw_claim_clear>
100025a6:	bd08      	pop	{r3, pc}
100025a8:	2001a568 	.word	0x2001a568

100025ac <pio_claim_unused_sm>:
100025ac:	b510      	push	{r4, lr}
100025ae:	b082      	sub	sp, #8
100025b0:	f100 402f 	add.w	r0, r0, #2936012800	@ 0xaf000000
100025b4:	f500 0060 	add.w	r0, r0, #14680064	@ 0xe00000
100025b8:	0d00      	lsrs	r0, r0, #20
100025ba:	0084      	lsls	r4, r0, #2
100025bc:	4b07      	ldr	r3, [pc, #28]	@ (100025dc <pio_claim_unused_sm+0x30>)
100025be:	9300      	str	r3, [sp, #0]
100025c0:	1ce3      	adds	r3, r4, #3
100025c2:	4622      	mov	r2, r4
100025c4:	4806      	ldr	r0, [pc, #24]	@ (100025e0 <pio_claim_unused_sm+0x34>)
100025c6:	f7fe fe92 	bl	100012ee <hw_claim_unused_from_range>
100025ca:	4284      	cmp	r4, r0
100025cc:	dc02      	bgt.n	100025d4 <pio_claim_unused_sm+0x28>
100025ce:	1b00      	subs	r0, r0, r4
100025d0:	b002      	add	sp, #8
100025d2:	bd10      	pop	{r4, pc}
100025d4:	f04f 30ff 	mov.w	r0, #4294967295	@ 0xffffffff
100025d8:	e7fa      	b.n	100025d0 <pio_claim_unused_sm+0x24>
100025da:	bf00      	nop
100025dc:	10007c1c 	.word	0x10007c1c
100025e0:	2001a568 	.word	0x2001a568

100025e4 <pio_can_add_program>:
100025e4:	b5f8      	push	{r3, r4, r5, r6, r7, lr}
100025e6:	4605      	mov	r5, r0
100025e8:	460e      	mov	r6, r1
100025ea:	f7fe fe4b 	bl	10001284 <hw_claim_lock>
100025ee:	4607      	mov	r7, r0
100025f0:	4631      	mov	r1, r6
100025f2:	4628      	mov	r0, r5
100025f4:	f7ff ff8c 	bl	10002510 <find_offset_for_program>
100025f8:	1e04      	subs	r4, r0, #0
100025fa:	da06      	bge.n	1000260a <pio_can_add_program+0x26>
100025fc:	4638      	mov	r0, r7
100025fe:	f7fe fe53 	bl	100012a8 <hw_claim_unlock>
10002602:	fab4 f084 	clz	r0, r4
10002606:	0940      	lsrs	r0, r0, #5
10002608:	bdf8      	pop	{r3, r4, r5, r6, r7, pc}
1000260a:	4622      	mov	r2, r4
1000260c:	4631      	mov	r1, r6
1000260e:	4628      	mov	r0, r5
10002610:	f7ff ff16 	bl	10002440 <add_program_at_offset_check>
10002614:	4604      	mov	r4, r0
10002616:	e7f1      	b.n	100025fc <pio_can_add_program+0x18>

10002618 <pio_add_program>:
10002618:	b5f8      	push	{r3, r4, r5, r6, r7, lr}
1000261a:	4605      	mov	r5, r0
1000261c:	460e      	mov	r6, r1
1000261e:	f7fe fe31 	bl	10001284 <hw_claim_lock>
10002622:	4607      	mov	r7, r0
10002624:	4631      	mov	r1, r6
10002626:	4628      	mov	r0, r5
10002628:	f7ff ff72 	bl	10002510 <find_offset_for_program>
1000262c:	1e04      	subs	r4, r0, #0
1000262e:	da04      	bge.n	1000263a <pio_add_program+0x22>
10002630:	4638      	mov	r0, r7
10002632:	f7fe fe39 	bl	100012a8 <hw_claim_unlock>
10002636:	4620      	mov	r0, r4
10002638:	bdf8      	pop	{r3, r4, r5, r6, r7, pc}
1000263a:	4622      	mov	r2, r4
1000263c:	4631      	mov	r1, r6
1000263e:	4628      	mov	r0, r5
10002640:	f7ff ff28 	bl	10002494 <add_program_at_offset>
10002644:	4604      	mov	r4, r0
10002646:	e7f3      	b.n	10002630 <pio_add_program+0x18>

10002648 <pio_remove_program>:
10002648:	b538      	push	{r3, r4, r5, lr}
1000264a:	4605      	mov	r5, r0
1000264c:	790b      	ldrb	r3, [r1, #4]
1000264e:	2401      	movs	r4, #1
10002650:	409c      	lsls	r4, r3
10002652:	3c01      	subs	r4, #1
10002654:	4094      	lsls	r4, r2
10002656:	f7fe fe15 	bl	10001284 <hw_claim_lock>
1000265a:	f105 432f 	add.w	r3, r5, #2936012800	@ 0xaf000000
1000265e:	f503 0360 	add.w	r3, r3, #14680064	@ 0xe00000
10002662:	0d1b      	lsrs	r3, r3, #20
10002664:	4a09      	ldr	r2, [pc, #36]	@ (1000268c <pio_remove_program+0x44>)
10002666:	f852 2023 	ldr.w	r2, [r2, r3, lsl #2]
1000266a:	ea34 0102 	bics.w	r1, r4, r2
1000266e:	d107      	bne.n	10002680 <pio_remove_program+0x38>
10002670:	ea22 0204 	bic.w	r2, r2, r4
10002674:	4905      	ldr	r1, [pc, #20]	@ (1000268c <pio_remove_program+0x44>)
10002676:	f841 2023 	str.w	r2, [r1, r3, lsl #2]
1000267a:	f7fe fe15 	bl	100012a8 <hw_claim_unlock>
1000267e:	bd38      	pop	{r3, r4, r5, pc}
10002680:	4b03      	ldr	r3, [pc, #12]	@ (10002690 <pio_remove_program+0x48>)
10002682:	4a04      	ldr	r2, [pc, #16]	@ (10002694 <pio_remove_program+0x4c>)
10002684:	21cb      	movs	r1, #203	@ 0xcb
10002686:	4804      	ldr	r0, [pc, #16]	@ (10002698 <pio_remove_program+0x50>)
10002688:	f001 feb8 	bl	100043fc <__assert_func>
1000268c:	2001a554 	.word	0x2001a554
10002690:	10007c40 	.word	0x10007c40
10002694:	100083fc 	.word	0x100083fc
10002698:	10007bd4 	.word	0x10007bd4

1000269c <pio_sm_set_pindirs_with_mask_internal>:
1000269c:	b570      	push	{r4, r5, r6, lr}
1000269e:	4614      	mov	r4, r2
100026a0:	461a      	mov	r2, r3
100026a2:	eb01 0341 	add.w	r3, r1, r1, lsl #1
100026a6:	eb00 03c3 	add.w	r3, r0, r3, lsl #3
100026aa:	f8d3 60dc 	ldr.w	r6, [r3, #220]	@ 0xdc
100026ae:	f8d3 50cc 	ldr.w	r5, [r3, #204]	@ 0xcc
100026b2:	eb01 0341 	add.w	r3, r1, r1, lsl #1
100026b6:	00db      	lsls	r3, r3, #3
100026b8:	33c8      	adds	r3, #200	@ 0xc8
100026ba:	4403      	add	r3, r0
100026bc:	f503 5340 	add.w	r3, r3, #12288	@ 0x3000
100026c0:	f44f 3c00 	mov.w	ip, #131072	@ 0x20000
100026c4:	f8c3 c004 	str.w	ip, [r3, #4]
100026c8:	e019      	b.n	100026fe <pio_sm_set_pindirs_with_mask_internal+0x62>
100026ca:	fa92 fca2 	rbit	ip, r2
100026ce:	fabc fc8c 	clz	ip, ip
100026d2:	ea4f 134c 	mov.w	r3, ip, lsl #5
100026d6:	f043 6380 	orr.w	r3, r3, #67108864	@ 0x4000000
100026da:	eb01 0e41 	add.w	lr, r1, r1, lsl #1
100026de:	eb00 0ece 	add.w	lr, r0, lr, lsl #3
100026e2:	f8ce 30dc 	str.w	r3, [lr, #220]	@ 0xdc
100026e6:	fa24 f30c 	lsr.w	r3, r4, ip
100026ea:	f003 0301 	and.w	r3, r3, #1
100026ee:	f443 4360 	orr.w	r3, r3, #57344	@ 0xe000
100026f2:	f043 0380 	orr.w	r3, r3, #128	@ 0x80
100026f6:	f8ce 30d8 	str.w	r3, [lr, #216]	@ 0xd8
100026fa:	1e53      	subs	r3, r2, #1
100026fc:	401a      	ands	r2, r3
100026fe:	2a00      	cmp	r2, #0
10002700:	d1e3      	bne.n	100026ca <pio_sm_set_pindirs_with_mask_internal+0x2e>
10002702:	eb01 0341 	add.w	r3, r1, r1, lsl #1
10002706:	eb00 03c3 	add.w	r3, r0, r3, lsl #3
1000270a:	f8c3 60dc 	str.w	r6, [r3, #220]	@ 0xdc
1000270e:	f8c3 50cc 	str.w	r5, [r3, #204]	@ 0xcc
10002712:	bd70      	pop	{r4, r5, r6, pc}

10002714 <pio_sm_set_pindirs_with_mask>:
10002714:	b508      	push	{r3, lr}
10002716:	f8d0 e168 	ldr.w	lr, [r0, #360]	@ 0x168
1000271a:	f8d0 c168 	ldr.w	ip, [r0, #360]	@ 0x168
1000271e:	fa23 f30c 	lsr.w	r3, r3, ip
10002722:	fa22 f20e 	lsr.w	r2, r2, lr
10002726:	f7ff ffb9 	bl	1000269c <pio_sm_set_pindirs_with_mask_internal>
1000272a:	bd08      	pop	{r3, pc}

1000272c <pio_sm_set_consecutive_pindirs>:
1000272c:	b570      	push	{r4, r5, r6, lr}
1000272e:	461e      	mov	r6, r3
10002730:	f89d c010 	ldrb.w	ip, [sp, #16]
10002734:	f8d0 3168 	ldr.w	r3, [r0, #360]	@ 0x168
10002738:	1ad2      	subs	r2, r2, r3
1000273a:	2a1f      	cmp	r2, #31
1000273c:	d844      	bhi.n	100027c8 <pio_sm_set_consecutive_pindirs+0x9c>
1000273e:	eb01 0341 	add.w	r3, r1, r1, lsl #1
10002742:	eb00 03c3 	add.w	r3, r0, r3, lsl #3
10002746:	f8d3 50dc 	ldr.w	r5, [r3, #220]	@ 0xdc
1000274a:	f8d3 40cc 	ldr.w	r4, [r3, #204]	@ 0xcc
1000274e:	eb01 0341 	add.w	r3, r1, r1, lsl #1
10002752:	00db      	lsls	r3, r3, #3
10002754:	33c8      	adds	r3, #200	@ 0xc8
10002756:	4403      	add	r3, r0
10002758:	f503 5340 	add.w	r3, r3, #12288	@ 0x3000
1000275c:	f44f 3e00 	mov.w	lr, #131072	@ 0x20000
10002760:	f8c3 e004 	str.w	lr, [r3, #4]
10002764:	f1bc 0f00 	cmp.w	ip, #0
10002768:	d12b      	bne.n	100027c2 <pio_sm_set_consecutive_pindirs+0x96>
1000276a:	46e6      	mov	lr, ip
1000276c:	e012      	b.n	10002794 <pio_sm_set_consecutive_pindirs+0x68>
1000276e:	0153      	lsls	r3, r2, #5
10002770:	f043 53a0 	orr.w	r3, r3, #335544320	@ 0x14000000
10002774:	eb01 0c41 	add.w	ip, r1, r1, lsl #1
10002778:	eb00 0ccc 	add.w	ip, r0, ip, lsl #3
1000277c:	f8cc 30dc 	str.w	r3, [ip, #220]	@ 0xdc
10002780:	f44e 4360 	orr.w	r3, lr, #57344	@ 0xe000
10002784:	f043 0380 	orr.w	r3, r3, #128	@ 0x80
10002788:	f8cc 30d8 	str.w	r3, [ip, #216]	@ 0xd8
1000278c:	3e05      	subs	r6, #5
1000278e:	3205      	adds	r2, #5
10002790:	f002 021f 	and.w	r2, r2, #31
10002794:	2e05      	cmp	r6, #5
10002796:	d8ea      	bhi.n	1000276e <pio_sm_set_consecutive_pindirs+0x42>
10002798:	0152      	lsls	r2, r2, #5
1000279a:	ea42 6686 	orr.w	r6, r2, r6, lsl #26
1000279e:	eb01 0241 	add.w	r2, r1, r1, lsl #1
100027a2:	eb00 02c2 	add.w	r2, r0, r2, lsl #3
100027a6:	f8c2 60dc 	str.w	r6, [r2, #220]	@ 0xdc
100027aa:	f44e 4360 	orr.w	r3, lr, #57344	@ 0xe000
100027ae:	f043 0380 	orr.w	r3, r3, #128	@ 0x80
100027b2:	f8c2 30d8 	str.w	r3, [r2, #216]	@ 0xd8
100027b6:	f8c2 50dc 	str.w	r5, [r2, #220]	@ 0xdc
100027ba:	f8c2 40cc 	str.w	r4, [r2, #204]	@ 0xcc
100027be:	2000      	movs	r0, #0
100027c0:	bd70      	pop	{r4, r5, r6, pc}
100027c2:	f04f 0e1f 	mov.w	lr, #31
100027c6:	e7e5      	b.n	10002794 <pio_sm_set_consecutive_pindirs+0x68>
100027c8:	f06f 0004 	mvn.w	r0, #4
100027cc:	e7f8      	b.n	100027c0 <pio_sm_set_consecutive_pindirs+0x94>

100027ce <pio_sm_init>:
100027ce:	b570      	push	{r4, r5, r6, lr}
100027d0:	b086      	sub	sp, #24
100027d2:	4605      	mov	r5, r0
100027d4:	460c      	mov	r4, r1
100027d6:	4616      	mov	r6, r2
100027d8:	6802      	ldr	r2, [r0, #0]
100027da:	2101      	movs	r1, #1
100027dc:	40a1      	lsls	r1, r4
100027de:	ea22 0201 	bic.w	r2, r2, r1
100027e2:	6002      	str	r2, [r0, #0]
100027e4:	b343      	cbz	r3, 10002838 <pio_sm_init+0x6a>
100027e6:	461a      	mov	r2, r3
100027e8:	4621      	mov	r1, r4
100027ea:	f7ff fdab 	bl	10002344 <pio_sm_set_config>
100027ee:	bb08      	cbnz	r0, 10002834 <pio_sm_init+0x66>
100027f0:	eb04 0344 	add.w	r3, r4, r4, lsl #1
100027f4:	00db      	lsls	r3, r3, #3
100027f6:	33d0      	adds	r3, #208	@ 0xd0
100027f8:	442b      	add	r3, r5
100027fa:	f503 5380 	add.w	r3, r3, #4096	@ 0x1000
100027fe:	f04f 4200 	mov.w	r2, #2147483648	@ 0x80000000
10002802:	601a      	str	r2, [r3, #0]
10002804:	601a      	str	r2, [r3, #0]
10002806:	f04f 3301 	mov.w	r3, #16843009	@ 0x1010101
1000280a:	40a3      	lsls	r3, r4
1000280c:	60ab      	str	r3, [r5, #8]
1000280e:	1d22      	adds	r2, r4, #4
10002810:	2301      	movs	r3, #1
10002812:	fa03 f202 	lsl.w	r2, r3, r2
10002816:	f505 5100 	add.w	r1, r5, #8192	@ 0x2000
1000281a:	600a      	str	r2, [r1, #0]
1000281c:	f104 0208 	add.w	r2, r4, #8
10002820:	4093      	lsls	r3, r2
10002822:	600b      	str	r3, [r1, #0]
10002824:	f006 031f 	and.w	r3, r6, #31
10002828:	eb04 0444 	add.w	r4, r4, r4, lsl #1
1000282c:	eb05 05c4 	add.w	r5, r5, r4, lsl #3
10002830:	f8c5 30d8 	str.w	r3, [r5, #216]	@ 0xd8
10002834:	b006      	add	sp, #24
10002836:	bd70      	pop	{r4, r5, r6, pc}
10002838:	a801      	add	r0, sp, #4
1000283a:	f7ff fd6c 	bl	10002316 <pio_get_default_sm_config>
1000283e:	aa01      	add	r2, sp, #4
10002840:	4621      	mov	r1, r4
10002842:	4628      	mov	r0, r5
10002844:	f7ff fd7e 	bl	10002344 <pio_sm_set_config>
10002848:	e7d1      	b.n	100027ee <pio_sm_init+0x20>

1000284a <pio_claim_free_sm_and_add_program_for_gpio_range>:
1000284a:	e92d 4ff0 	stmdb	sp!, {r4, r5, r6, r7, r8, r9, sl, fp, lr}
1000284e:	b087      	sub	sp, #28
10002850:	9001      	str	r0, [sp, #4]
10002852:	460e      	mov	r6, r1
10002854:	9202      	str	r2, [sp, #8]
10002856:	9303      	str	r3, [sp, #12]
10002858:	9b10      	ldr	r3, [sp, #64]	@ 0x40
1000285a:	f8dd b044 	ldr.w	fp, [sp, #68]	@ 0x44
1000285e:	f89d 1048 	ldrb.w	r1, [sp, #72]	@ 0x48
10002862:	f1bb 0f00 	cmp.w	fp, #0
10002866:	d009      	beq.n	1000287c <pio_claim_free_sm_and_add_program_for_gpio_range+0x32>
10002868:	0918      	lsrs	r0, r3, #4
1000286a:	2201      	movs	r2, #1
1000286c:	fa02 f000 	lsl.w	r0, r2, r0
10002870:	445b      	add	r3, fp
10002872:	3b01      	subs	r3, #1
10002874:	091b      	lsrs	r3, r3, #4
10002876:	409a      	lsls	r2, r3
10002878:	ea40 0b02 	orr.w	fp, r0, r2
1000287c:	b111      	cbz	r1, 10002884 <pio_claim_free_sm_and_add_program_for_gpio_range+0x3a>
1000287e:	2402      	movs	r4, #2
10002880:	2500      	movs	r5, #0
10002882:	e06a      	b.n	1000295a <pio_claim_free_sm_and_add_program_for_gpio_range+0x110>
10002884:	2401      	movs	r4, #1
10002886:	e7fb      	b.n	10002880 <pio_claim_free_sm_and_add_program_for_gpio_range+0x36>
10002888:	2301      	movs	r3, #1
1000288a:	429f      	cmp	r7, r3
1000288c:	d210      	bcs.n	100028b0 <pio_claim_free_sm_and_add_program_for_gpio_range+0x66>
1000288e:	2100      	movs	r1, #0
10002890:	6830      	ldr	r0, [r6, #0]
10002892:	f7ff fe8b 	bl	100025ac <pio_claim_unused_sm>
10002896:	b240      	sxtb	r0, r0
10002898:	f107 0318 	add.w	r3, r7, #24
1000289c:	446b      	add	r3, sp
1000289e:	f803 0c04 	strb.w	r0, [r3, #-4]
100028a2:	2800      	cmp	r0, #0
100028a4:	db04      	blt.n	100028b0 <pio_claim_free_sm_and_add_program_for_gpio_range+0x66>
100028a6:	3701      	adds	r7, #1
100028a8:	2d00      	cmp	r5, #0
100028aa:	d0ed      	beq.n	10002888 <pio_claim_free_sm_and_add_program_for_gpio_range+0x3e>
100028ac:	2304      	movs	r3, #4
100028ae:	e7ec      	b.n	1000288a <pio_claim_free_sm_and_add_program_for_gpio_range+0x40>
100028b0:	b117      	cbz	r7, 100028b8 <pio_claim_free_sm_and_add_program_for_gpio_range+0x6e>
100028b2:	b165      	cbz	r5, 100028ce <pio_claim_free_sm_and_add_program_for_gpio_range+0x84>
100028b4:	2f04      	cmp	r7, #4
100028b6:	d00a      	beq.n	100028ce <pio_claim_free_sm_and_add_program_for_gpio_range+0x84>
100028b8:	4643      	mov	r3, r8
100028ba:	f103 38ff 	add.w	r8, r3, #4294967295	@ 0xffffffff
100028be:	2b00      	cmp	r3, #0
100028c0:	d04a      	beq.n	10002958 <pio_claim_free_sm_and_add_program_for_gpio_range+0x10e>
100028c2:	f203 5301 	addw	r3, r3, #1281	@ 0x501
100028c6:	051b      	lsls	r3, r3, #20
100028c8:	6033      	str	r3, [r6, #0]
100028ca:	2700      	movs	r7, #0
100028cc:	e7ec      	b.n	100028a8 <pio_claim_free_sm_and_add_program_for_gpio_range+0x5e>
100028ce:	f7fe fcd9 	bl	10001284 <hw_claim_lock>
100028d2:	4682      	mov	sl, r0
100028d4:	b975      	cbnz	r5, 100028f4 <pio_claim_free_sm_and_add_program_for_gpio_range+0xaa>
100028d6:	4659      	mov	r1, fp
100028d8:	6830      	ldr	r0, [r6, #0]
100028da:	f7ff fd9b 	bl	10002414 <is_gpio_compatible>
100028de:	b988      	cbnz	r0, 10002904 <pio_claim_free_sm_and_add_program_for_gpio_range+0xba>
100028e0:	f06f 090a 	mvn.w	r9, #10
100028e4:	4650      	mov	r0, sl
100028e6:	f7fe fcdf 	bl	100012a8 <hw_claim_unlock>
100028ea:	ea6f 0a09 	mvn.w	sl, r9
100028ee:	ea4f 7ada 	mov.w	sl, sl, lsr #31
100028f2:	e02a      	b.n	1000294a <pio_claim_free_sm_and_add_program_for_gpio_range+0x100>
100028f4:	ea4f 018b 	mov.w	r1, fp, lsl #2
100028f8:	f001 0110 	and.w	r1, r1, #16
100028fc:	6830      	ldr	r0, [r6, #0]
100028fe:	f7ff fd6f 	bl	100023e0 <pio_set_gpio_base_unsafe>
10002902:	e7e8      	b.n	100028d6 <pio_claim_free_sm_and_add_program_for_gpio_range+0x8c>
10002904:	6833      	ldr	r3, [r6, #0]
10002906:	9901      	ldr	r1, [sp, #4]
10002908:	9300      	str	r3, [sp, #0]
1000290a:	4618      	mov	r0, r3
1000290c:	f7ff fe00 	bl	10002510 <find_offset_for_program>
10002910:	f1b0 0900 	subs.w	r9, r0, #0
10002914:	dbe6      	blt.n	100028e4 <pio_claim_free_sm_and_add_program_for_gpio_range+0x9a>
10002916:	464a      	mov	r2, r9
10002918:	9901      	ldr	r1, [sp, #4]
1000291a:	9800      	ldr	r0, [sp, #0]
1000291c:	f7ff fdba 	bl	10002494 <add_program_at_offset>
10002920:	f1b0 0900 	subs.w	r9, r0, #0
10002924:	dbde      	blt.n	100028e4 <pio_claim_free_sm_and_add_program_for_gpio_range+0x9a>
10002926:	f99d 3014 	ldrsb.w	r3, [sp, #20]
1000292a:	9a02      	ldr	r2, [sp, #8]
1000292c:	6013      	str	r3, [r2, #0]
1000292e:	9b03      	ldr	r3, [sp, #12]
10002930:	f8c3 9000 	str.w	r9, [r3]
10002934:	e7d6      	b.n	100028e4 <pio_claim_free_sm_and_add_program_for_gpio_range+0x9a>
10002936:	f10a 0318 	add.w	r3, sl, #24
1000293a:	446b      	add	r3, sp
1000293c:	f913 1c04 	ldrsb.w	r1, [r3, #-4]
10002940:	6830      	ldr	r0, [r6, #0]
10002942:	f7ff fe25 	bl	10002590 <pio_sm_unclaim>
10002946:	f10a 0a01 	add.w	sl, sl, #1
1000294a:	4557      	cmp	r7, sl
1000294c:	d8f3      	bhi.n	10002936 <pio_claim_free_sm_and_add_program_for_gpio_range+0xec>
1000294e:	f1b9 0f00 	cmp.w	r9, #0
10002952:	dbb1      	blt.n	100028b8 <pio_claim_free_sm_and_add_program_for_gpio_range+0x6e>
10002954:	2001      	movs	r0, #1
10002956:	e006      	b.n	10002966 <pio_claim_free_sm_and_add_program_for_gpio_range+0x11c>
10002958:	3501      	adds	r5, #1
1000295a:	42ac      	cmp	r4, r5
1000295c:	dd01      	ble.n	10002962 <pio_claim_free_sm_and_add_program_for_gpio_range+0x118>
1000295e:	2303      	movs	r3, #3
10002960:	e7ab      	b.n	100028ba <pio_claim_free_sm_and_add_program_for_gpio_range+0x70>
10002962:	2000      	movs	r0, #0
10002964:	6030      	str	r0, [r6, #0]
10002966:	b007      	add	sp, #28
10002968:	e8bd 8ff0 	ldmia.w	sp!, {r4, r5, r6, r7, r8, r9, sl, fp, pc}

1000296c <spi_unreset>:
1000296c:	4b07      	ldr	r3, [pc, #28]	@ (1000298c <spi_unreset+0x20>)
1000296e:	4298      	cmp	r0, r3
10002970:	d00a      	beq.n	10002988 <spi_unreset+0x1c>
10002972:	2313      	movs	r3, #19
10002974:	2201      	movs	r2, #1
10002976:	409a      	lsls	r2, r3
10002978:	4b05      	ldr	r3, [pc, #20]	@ (10002990 <spi_unreset+0x24>)
1000297a:	601a      	str	r2, [r3, #0]
1000297c:	4b05      	ldr	r3, [pc, #20]	@ (10002994 <spi_unreset+0x28>)
1000297e:	689b      	ldr	r3, [r3, #8]
10002980:	ea32 0303 	bics.w	r3, r2, r3
10002984:	d1fa      	bne.n	1000297c <spi_unreset+0x10>
10002986:	4770      	bx	lr
10002988:	2312      	movs	r3, #18
1000298a:	e7f3      	b.n	10002974 <spi_unreset+0x8>
1000298c:	40080000 	.word	0x40080000
10002990:	40023000 	.word	0x40023000
10002994:	40020000 	.word	0x40020000

10002998 <spi_deinit>:
10002998:	f500 5340 	add.w	r3, r0, #12288	@ 0x3000
1000299c:	2202      	movs	r2, #2
1000299e:	605a      	str	r2, [r3, #4]
100029a0:	f500 5340 	add.w	r3, r0, #12288	@ 0x3000
100029a4:	2203      	movs	r2, #3
100029a6:	625a      	str	r2, [r3, #36]	@ 0x24
100029a8:	4b05      	ldr	r3, [pc, #20]	@ (100029c0 <spi_deinit+0x28>)
100029aa:	4298      	cmp	r0, r3
100029ac:	d005      	beq.n	100029ba <spi_deinit+0x22>
100029ae:	2213      	movs	r2, #19
100029b0:	2301      	movs	r3, #1
100029b2:	4093      	lsls	r3, r2
100029b4:	4a03      	ldr	r2, [pc, #12]	@ (100029c4 <spi_deinit+0x2c>)
100029b6:	6013      	str	r3, [r2, #0]
100029b8:	4770      	bx	lr
100029ba:	2212      	movs	r2, #18
100029bc:	e7f8      	b.n	100029b0 <spi_deinit+0x18>
100029be:	bf00      	nop
100029c0:	40080000 	.word	0x40080000
100029c4:	40022000 	.word	0x40022000

100029c8 <spi_set_baudrate>:
100029c8:	b570      	push	{r4, r5, r6, lr}
100029ca:	4605      	mov	r5, r0
100029cc:	460c      	mov	r4, r1
100029ce:	2006      	movs	r0, #6
100029d0:	f000 f8f2 	bl	10002bb8 <clock_get_hz>
100029d4:	46ae      	mov	lr, r5
100029d6:	f85e 6f04 	ldr.w	r6, [lr, #4]!
100029da:	f006 0602 	and.w	r6, r6, #2
100029de:	f50e 5240 	add.w	r2, lr, #12288	@ 0x3000
100029e2:	2302      	movs	r3, #2
100029e4:	6013      	str	r3, [r2, #0]
100029e6:	2bfe      	cmp	r3, #254	@ 0xfe
100029e8:	d809      	bhi.n	100029fe <spi_set_baudrate+0x36>
100029ea:	021a      	lsls	r2, r3, #8
100029ec:	fba2 2104 	umull	r2, r1, r2, r4
100029f0:	4290      	cmp	r0, r2
100029f2:	f04f 0200 	mov.w	r2, #0
100029f6:	418a      	sbcs	r2, r1
100029f8:	d304      	bcc.n	10002a04 <spi_set_baudrate+0x3c>
100029fa:	3302      	adds	r3, #2
100029fc:	e7f3      	b.n	100029e6 <spi_set_baudrate+0x1e>
100029fe:	f44f 7180 	mov.w	r1, #256	@ 0x100
10002a02:	e001      	b.n	10002a08 <spi_set_baudrate+0x40>
10002a04:	f44f 7180 	mov.w	r1, #256	@ 0x100
10002a08:	2901      	cmp	r1, #1
10002a0a:	d909      	bls.n	10002a20 <spi_set_baudrate+0x58>
10002a0c:	f101 3cff 	add.w	ip, r1, #4294967295	@ 0xffffffff
10002a10:	fb03 f20c 	mul.w	r2, r3, ip
10002a14:	fbb0 f2f2 	udiv	r2, r0, r2
10002a18:	42a2      	cmp	r2, r4
10002a1a:	d801      	bhi.n	10002a20 <spi_set_baudrate+0x58>
10002a1c:	4661      	mov	r1, ip
10002a1e:	e7f3      	b.n	10002a08 <spi_set_baudrate+0x40>
10002a20:	612b      	str	r3, [r5, #16]
10002a22:	1e4c      	subs	r4, r1, #1
10002a24:	682a      	ldr	r2, [r5, #0]
10002a26:	ea82 2204 	eor.w	r2, r2, r4, lsl #8
10002a2a:	f402 427f 	and.w	r2, r2, #65280	@ 0xff00
10002a2e:	f505 5580 	add.w	r5, r5, #4096	@ 0x1000
10002a32:	602a      	str	r2, [r5, #0]
10002a34:	f50e 5e00 	add.w	lr, lr, #8192	@ 0x2000
10002a38:	f8ce 6000 	str.w	r6, [lr]
10002a3c:	fb01 f303 	mul.w	r3, r1, r3
10002a40:	fbb0 f0f3 	udiv	r0, r0, r3
10002a44:	bd70      	pop	{r4, r5, r6, pc}
	...

10002a48 <spi_init>:
10002a48:	b538      	push	{r3, r4, r5, lr}
10002a4a:	4604      	mov	r4, r0
10002a4c:	460d      	mov	r5, r1
10002a4e:	4b17      	ldr	r3, [pc, #92]	@ (10002aac <spi_init+0x64>)
10002a50:	4298      	cmp	r0, r3
10002a52:	d029      	beq.n	10002aa8 <spi_init+0x60>
10002a54:	2213      	movs	r2, #19
10002a56:	2301      	movs	r3, #1
10002a58:	4093      	lsls	r3, r2
10002a5a:	4a15      	ldr	r2, [pc, #84]	@ (10002ab0 <spi_init+0x68>)
10002a5c:	6013      	str	r3, [r2, #0]
10002a5e:	4620      	mov	r0, r4
10002a60:	f7ff ff84 	bl	1000296c <spi_unreset>
10002a64:	4629      	mov	r1, r5
10002a66:	4620      	mov	r0, r4
10002a68:	f7ff ffae 	bl	100029c8 <spi_set_baudrate>
10002a6c:	4623      	mov	r3, r4
10002a6e:	f853 1f04 	ldr.w	r1, [r3, #4]!
10002a72:	f001 0102 	and.w	r1, r1, #2
10002a76:	f503 5240 	add.w	r2, r3, #12288	@ 0x3000
10002a7a:	f04f 0c02 	mov.w	ip, #2
10002a7e:	f8c2 c000 	str.w	ip, [r2]
10002a82:	6822      	ldr	r2, [r4, #0]
10002a84:	f082 0207 	eor.w	r2, r2, #7
10002a88:	f002 02cf 	and.w	r2, r2, #207	@ 0xcf
10002a8c:	f504 5e80 	add.w	lr, r4, #4096	@ 0x1000
10002a90:	f8ce 2000 	str.w	r2, [lr]
10002a94:	f503 5300 	add.w	r3, r3, #8192	@ 0x2000
10002a98:	6019      	str	r1, [r3, #0]
10002a9a:	f504 5400 	add.w	r4, r4, #8192	@ 0x2000
10002a9e:	2203      	movs	r2, #3
10002aa0:	6262      	str	r2, [r4, #36]	@ 0x24
10002aa2:	f8c3 c000 	str.w	ip, [r3]
10002aa6:	bd38      	pop	{r3, r4, r5, pc}
10002aa8:	2212      	movs	r2, #18
10002aaa:	e7d4      	b.n	10002a56 <spi_init+0xe>
10002aac:	40080000 	.word	0x40080000
10002ab0:	40022000 	.word	0x40022000

10002ab4 <gpio_to_gpout_clock_handle>:
10002ab4:	280d      	cmp	r0, #13
10002ab6:	d00b      	beq.n	10002ad0 <gpio_to_gpout_clock_handle+0x1c>
10002ab8:	280f      	cmp	r0, #15
10002aba:	d00b      	beq.n	10002ad4 <gpio_to_gpout_clock_handle+0x20>
10002abc:	2815      	cmp	r0, #21
10002abe:	d00b      	beq.n	10002ad8 <gpio_to_gpout_clock_handle+0x24>
10002ac0:	2817      	cmp	r0, #23
10002ac2:	d00b      	beq.n	10002adc <gpio_to_gpout_clock_handle+0x28>
10002ac4:	2818      	cmp	r0, #24
10002ac6:	d00b      	beq.n	10002ae0 <gpio_to_gpout_clock_handle+0x2c>
10002ac8:	2819      	cmp	r0, #25
10002aca:	d00b      	beq.n	10002ae4 <gpio_to_gpout_clock_handle+0x30>
10002acc:	4608      	mov	r0, r1
10002ace:	4770      	bx	lr
10002ad0:	2000      	movs	r0, #0
10002ad2:	4770      	bx	lr
10002ad4:	2001      	movs	r0, #1
10002ad6:	4770      	bx	lr
10002ad8:	2000      	movs	r0, #0
10002ada:	4770      	bx	lr
10002adc:	2001      	movs	r0, #1
10002ade:	4770      	bx	lr
10002ae0:	2002      	movs	r0, #2
10002ae2:	4770      	bx	lr
10002ae4:	2003      	movs	r0, #3
10002ae6:	4770      	bx	lr

10002ae8 <clock_configure_internal>:
10002ae8:	b570      	push	{r4, r5, r6, lr}
10002aea:	4615      	mov	r5, r2
10002aec:	461e      	mov	r6, r3
10002aee:	eb00 0c40 	add.w	ip, r0, r0, lsl #1
10002af2:	ea4f 0c8c 	mov.w	ip, ip, lsl #2
10002af6:	f10c 4c80 	add.w	ip, ip, #1073741824	@ 0x40000000
10002afa:	f50c 3c80 	add.w	ip, ip, #65536	@ 0x10000
10002afe:	f8dc 3004 	ldr.w	r3, [ip, #4]
10002b02:	9a04      	ldr	r2, [sp, #16]
10002b04:	4293      	cmp	r3, r2
10002b06:	d201      	bcs.n	10002b0c <clock_configure_internal+0x24>
10002b08:	f8cc 2004 	str.w	r2, [ip, #4]
10002b0c:	1f04      	subs	r4, r0, #4
10002b0e:	b2e4      	uxtb	r4, r4
10002b10:	2c01      	cmp	r4, #1
10002b12:	d92a      	bls.n	10002b6a <clock_configure_internal+0x82>
10002b14:	f50c 5340 	add.w	r3, ip, #12288	@ 0x3000
10002b18:	f44f 6200 	mov.w	r2, #2048	@ 0x800
10002b1c:	601a      	str	r2, [r3, #0]
10002b1e:	4b20      	ldr	r3, [pc, #128]	@ (10002ba0 <clock_configure_internal+0xb8>)
10002b20:	f853 2020 	ldr.w	r2, [r3, r0, lsl #2]
10002b24:	b14a      	cbz	r2, 10002b3a <clock_configure_internal+0x52>
10002b26:	695b      	ldr	r3, [r3, #20]
10002b28:	fbb3 fef2 	udiv	lr, r3, r2
10002b2c:	f10e 0e01 	add.w	lr, lr, #1
10002b30:	eb0e 0e4e 	add.w	lr, lr, lr, lsl #1
10002b34:	f1be 0e03 	subs.w	lr, lr, #3
10002b38:	d2fc      	bcs.n	10002b34 <clock_configure_internal+0x4c>
10002b3a:	f8dc 2000 	ldr.w	r2, [ip]
10002b3e:	ea82 1245 	eor.w	r2, r2, r5, lsl #5
10002b42:	f002 02e0 	and.w	r2, r2, #224	@ 0xe0
10002b46:	f50c 5e80 	add.w	lr, ip, #4096	@ 0x1000
10002b4a:	f8ce 2000 	str.w	r2, [lr]
10002b4e:	2c01      	cmp	r4, #1
10002b50:	d917      	bls.n	10002b82 <clock_configure_internal+0x9a>
10002b52:	f50c 5300 	add.w	r3, ip, #8192	@ 0x2000
10002b56:	f44f 6200 	mov.w	r2, #2048	@ 0x800
10002b5a:	601a      	str	r2, [r3, #0]
10002b5c:	9b04      	ldr	r3, [sp, #16]
10002b5e:	f8cc 3004 	str.w	r3, [ip, #4]
10002b62:	4b0f      	ldr	r3, [pc, #60]	@ (10002ba0 <clock_configure_internal+0xb8>)
10002b64:	f843 6020 	str.w	r6, [r3, r0, lsl #2]
10002b68:	bd70      	pop	{r4, r5, r6, pc}
10002b6a:	2901      	cmp	r1, #1
10002b6c:	d1d2      	bne.n	10002b14 <clock_configure_internal+0x2c>
10002b6e:	f50c 5340 	add.w	r3, ip, #12288	@ 0x3000
10002b72:	2203      	movs	r2, #3
10002b74:	601a      	str	r2, [r3, #0]
10002b76:	f8dc 3008 	ldr.w	r3, [ip, #8]
10002b7a:	f013 0f01 	tst.w	r3, #1
10002b7e:	d0fa      	beq.n	10002b76 <clock_configure_internal+0x8e>
10002b80:	e7db      	b.n	10002b3a <clock_configure_internal+0x52>
10002b82:	f8dc 3000 	ldr.w	r3, [ip]
10002b86:	404b      	eors	r3, r1
10002b88:	f003 0303 	and.w	r3, r3, #3
10002b8c:	f8ce 3000 	str.w	r3, [lr]
10002b90:	f8dc 3008 	ldr.w	r3, [ip, #8]
10002b94:	2201      	movs	r2, #1
10002b96:	408a      	lsls	r2, r1
10002b98:	4213      	tst	r3, r2
10002b9a:	d0f9      	beq.n	10002b90 <clock_configure_internal+0xa8>
10002b9c:	e7d9      	b.n	10002b52 <clock_configure_internal+0x6a>
10002b9e:	bf00      	nop
10002ba0:	2001a56c 	.word	0x2001a56c

10002ba4 <clock_configure_undivided>:
10002ba4:	b500      	push	{lr}
10002ba6:	b083      	sub	sp, #12
10002ba8:	f44f 3c80 	mov.w	ip, #65536	@ 0x10000
10002bac:	f8cd c000 	str.w	ip, [sp]
10002bb0:	f7ff ff9a 	bl	10002ae8 <clock_configure_internal>
10002bb4:	b003      	add	sp, #12
10002bb6:	bd00      	pop	{pc}

10002bb8 <clock_get_hz>:
10002bb8:	4b01      	ldr	r3, [pc, #4]	@ (10002bc0 <clock_get_hz+0x8>)
10002bba:	f853 0020 	ldr.w	r0, [r3, r0, lsl #2]
10002bbe:	4770      	bx	lr
10002bc0:	2001a56c 	.word	0x2001a56c

10002bc4 <clock_gpio_init_int_frac16>:
10002bc4:	b5f8      	push	{r3, r4, r5, r6, r7, lr}
10002bc6:	4607      	mov	r7, r0
10002bc8:	460e      	mov	r6, r1
10002bca:	4615      	mov	r5, r2
10002bcc:	461c      	mov	r4, r3
10002bce:	2100      	movs	r1, #0
10002bd0:	f7ff ff70 	bl	10002ab4 <gpio_to_gpout_clock_handle>
10002bd4:	0171      	lsls	r1, r6, #5
10002bd6:	f441 6100 	orr.w	r1, r1, #2048	@ 0x800
10002bda:	4b08      	ldr	r3, [pc, #32]	@ (10002bfc <clock_gpio_init_int_frac16+0x38>)
10002bdc:	eb00 0240 	add.w	r2, r0, r0, lsl #1
10002be0:	0092      	lsls	r2, r2, #2
10002be2:	5099      	str	r1, [r3, r2]
10002be4:	ea44 4205 	orr.w	r2, r4, r5, lsl #16
10002be8:	eb00 0040 	add.w	r0, r0, r0, lsl #1
10002bec:	eb03 0380 	add.w	r3, r3, r0, lsl #2
10002bf0:	605a      	str	r2, [r3, #4]
10002bf2:	2109      	movs	r1, #9
10002bf4:	4638      	mov	r0, r7
10002bf6:	f7ff fb4f 	bl	10002298 <gpio_set_function>
10002bfa:	bdf8      	pop	{r3, r4, r5, r6, r7, pc}
10002bfc:	40010000 	.word	0x40010000

10002c00 <pll_init>:
10002c00:	b538      	push	{r3, r4, r5, lr}
10002c02:	468e      	mov	lr, r1
10002c04:	4694      	mov	ip, r2
10002c06:	9a04      	ldr	r2, [sp, #16]
10002c08:	4933      	ldr	r1, [pc, #204]	@ (10002cd8 <pll_init+0xd8>)
10002c0a:	fbb1 f1fe 	udiv	r1, r1, lr
10002c0e:	4c33      	ldr	r4, [pc, #204]	@ (10002cdc <pll_init+0xdc>)
10002c10:	4464      	add	r4, ip
10002c12:	4d33      	ldr	r5, [pc, #204]	@ (10002ce0 <pll_init+0xe0>)
10002c14:	42ac      	cmp	r4, r5
10002c16:	d834      	bhi.n	10002c82 <pll_init+0x82>
10002c18:	fbbc f4f1 	udiv	r4, ip, r1
10002c1c:	f1a4 0510 	sub.w	r5, r4, #16
10002c20:	f5b5 7f98 	cmp.w	r5, #304	@ 0x130
10002c24:	d833      	bhi.n	10002c8e <pll_init+0x8e>
10002c26:	1e5d      	subs	r5, r3, #1
10002c28:	2d06      	cmp	r5, #6
10002c2a:	d836      	bhi.n	10002c9a <pll_init+0x9a>
10002c2c:	1e55      	subs	r5, r2, #1
10002c2e:	2d06      	cmp	r5, #6
10002c30:	d833      	bhi.n	10002c9a <pll_init+0x9a>
10002c32:	ebb1 1f1c 	cmp.w	r1, ip, lsr #4
10002c36:	d836      	bhi.n	10002ca6 <pll_init+0xa6>
10002c38:	0312      	lsls	r2, r2, #12
10002c3a:	ea42 4103 	orr.w	r1, r2, r3, lsl #16
10002c3e:	6803      	ldr	r3, [r0, #0]
10002c40:	2b00      	cmp	r3, #0
10002c42:	db36      	blt.n	10002cb2 <pll_init+0xb2>
10002c44:	4b27      	ldr	r3, [pc, #156]	@ (10002ce4 <pll_init+0xe4>)
10002c46:	4298      	cmp	r0, r3
10002c48:	d043      	beq.n	10002cd2 <pll_init+0xd2>
10002c4a:	230e      	movs	r3, #14
10002c4c:	2201      	movs	r2, #1
10002c4e:	409a      	lsls	r2, r3
10002c50:	4b25      	ldr	r3, [pc, #148]	@ (10002ce8 <pll_init+0xe8>)
10002c52:	601a      	str	r2, [r3, #0]
10002c54:	f503 5380 	add.w	r3, r3, #4096	@ 0x1000
10002c58:	601a      	str	r2, [r3, #0]
10002c5a:	4b24      	ldr	r3, [pc, #144]	@ (10002cec <pll_init+0xec>)
10002c5c:	689b      	ldr	r3, [r3, #8]
10002c5e:	ea32 0303 	bics.w	r3, r2, r3
10002c62:	d1fa      	bne.n	10002c5a <pll_init+0x5a>
10002c64:	f8c0 e000 	str.w	lr, [r0]
10002c68:	6084      	str	r4, [r0, #8]
10002c6a:	f500 5240 	add.w	r2, r0, #12288	@ 0x3000
10002c6e:	3204      	adds	r2, #4
10002c70:	2321      	movs	r3, #33	@ 0x21
10002c72:	6013      	str	r3, [r2, #0]
10002c74:	6803      	ldr	r3, [r0, #0]
10002c76:	2b00      	cmp	r3, #0
10002c78:	dafc      	bge.n	10002c74 <pll_init+0x74>
10002c7a:	60c1      	str	r1, [r0, #12]
10002c7c:	2308      	movs	r3, #8
10002c7e:	6013      	str	r3, [r2, #0]
10002c80:	bd38      	pop	{r3, r4, r5, pc}
10002c82:	4b1b      	ldr	r3, [pc, #108]	@ (10002cf0 <pll_init+0xf0>)
10002c84:	4a1b      	ldr	r2, [pc, #108]	@ (10002cf4 <pll_init+0xf4>)
10002c86:	2111      	movs	r1, #17
10002c88:	481b      	ldr	r0, [pc, #108]	@ (10002cf8 <pll_init+0xf8>)
10002c8a:	f001 fbb7 	bl	100043fc <__assert_func>
10002c8e:	4b1b      	ldr	r3, [pc, #108]	@ (10002cfc <pll_init+0xfc>)
10002c90:	4a18      	ldr	r2, [pc, #96]	@ (10002cf4 <pll_init+0xf4>)
10002c92:	2119      	movs	r1, #25
10002c94:	4818      	ldr	r0, [pc, #96]	@ (10002cf8 <pll_init+0xf8>)
10002c96:	f001 fbb1 	bl	100043fc <__assert_func>
10002c9a:	4b19      	ldr	r3, [pc, #100]	@ (10002d00 <pll_init+0x100>)
10002c9c:	4a15      	ldr	r2, [pc, #84]	@ (10002cf4 <pll_init+0xf4>)
10002c9e:	211c      	movs	r1, #28
10002ca0:	4815      	ldr	r0, [pc, #84]	@ (10002cf8 <pll_init+0xf8>)
10002ca2:	f001 fbab 	bl	100043fc <__assert_func>
10002ca6:	4b17      	ldr	r3, [pc, #92]	@ (10002d04 <pll_init+0x104>)
10002ca8:	4a12      	ldr	r2, [pc, #72]	@ (10002cf4 <pll_init+0xf4>)
10002caa:	2123      	movs	r1, #35	@ 0x23
10002cac:	4812      	ldr	r0, [pc, #72]	@ (10002cf8 <pll_init+0xf8>)
10002cae:	f001 fba5 	bl	100043fc <__assert_func>
10002cb2:	6803      	ldr	r3, [r0, #0]
10002cb4:	f003 033f 	and.w	r3, r3, #63	@ 0x3f
10002cb8:	4573      	cmp	r3, lr
10002cba:	d1c3      	bne.n	10002c44 <pll_init+0x44>
10002cbc:	6883      	ldr	r3, [r0, #8]
10002cbe:	f3c3 030b 	ubfx	r3, r3, #0, #12
10002cc2:	42a3      	cmp	r3, r4
10002cc4:	d1be      	bne.n	10002c44 <pll_init+0x44>
10002cc6:	68c3      	ldr	r3, [r0, #12]
10002cc8:	f403 23ee 	and.w	r3, r3, #487424	@ 0x77000
10002ccc:	428b      	cmp	r3, r1
10002cce:	d1b9      	bne.n	10002c44 <pll_init+0x44>
10002cd0:	e7d6      	b.n	10002c80 <pll_init+0x80>
10002cd2:	230f      	movs	r3, #15
10002cd4:	e7ba      	b.n	10002c4c <pll_init+0x4c>
10002cd6:	bf00      	nop
10002cd8:	00b71b00 	.word	0x00b71b00
10002cdc:	d34be880 	.word	0xd34be880
10002ce0:	32a9f880 	.word	0x32a9f880
10002ce4:	40058000 	.word	0x40058000
10002ce8:	40022000 	.word	0x40022000
10002cec:	40020000 	.word	0x40020000
10002cf0:	10007c90 	.word	0x10007c90
10002cf4:	10008428 	.word	0x10008428
10002cf8:	10007ce0 	.word	0x10007ce0
10002cfc:	10007d28 	.word	0x10007d28
10002d00:	10007d44 	.word	0x10007d44
10002d04:	10007d90 	.word	0x10007d90

10002d08 <tick_start>:
10002d08:	4a05      	ldr	r2, [pc, #20]	@ (10002d20 <tick_start+0x18>)
10002d0a:	eb00 0340 	add.w	r3, r0, r0, lsl #1
10002d0e:	eb02 0383 	add.w	r3, r2, r3, lsl #2
10002d12:	6059      	str	r1, [r3, #4]
10002d14:	eb00 0040 	add.w	r0, r0, r0, lsl #1
10002d18:	0080      	lsls	r0, r0, #2
10002d1a:	2301      	movs	r3, #1
10002d1c:	5013      	str	r3, [r2, r0]
10002d1e:	4770      	bx	lr
10002d20:	40108000 	.word	0x40108000

10002d24 <xosc_init>:
10002d24:	4b07      	ldr	r3, [pc, #28]	@ (10002d44 <xosc_init+0x20>)
10002d26:	f44f 622a 	mov.w	r2, #2720	@ 0xaa0
10002d2a:	601a      	str	r2, [r3, #0]
10002d2c:	f44f 623c 	mov.w	r2, #3008	@ 0xbc0
10002d30:	60da      	str	r2, [r3, #12]
10002d32:	f503 5300 	add.w	r3, r3, #8192	@ 0x2000
10002d36:	4a04      	ldr	r2, [pc, #16]	@ (10002d48 <xosc_init+0x24>)
10002d38:	601a      	str	r2, [r3, #0]
10002d3a:	4b02      	ldr	r3, [pc, #8]	@ (10002d44 <xosc_init+0x20>)
10002d3c:	685b      	ldr	r3, [r3, #4]
10002d3e:	2b00      	cmp	r3, #0
10002d40:	dafb      	bge.n	10002d3a <xosc_init+0x16>
10002d42:	4770      	bx	lr
10002d44:	40048000 	.word	0x40048000
10002d48:	00fab000 	.word	0x00fab000

10002d4c <dma_claim_unused_channel>:
10002d4c:	b500      	push	{lr}
10002d4e:	b083      	sub	sp, #12
10002d50:	4601      	mov	r1, r0
10002d52:	4b04      	ldr	r3, [pc, #16]	@ (10002d64 <dma_claim_unused_channel+0x18>)
10002d54:	9300      	str	r3, [sp, #0]
10002d56:	230f      	movs	r3, #15
10002d58:	2200      	movs	r2, #0
10002d5a:	4803      	ldr	r0, [pc, #12]	@ (10002d68 <dma_claim_unused_channel+0x1c>)
10002d5c:	f7fe fac7 	bl	100012ee <hw_claim_unused_from_range>
10002d60:	b003      	add	sp, #12
10002d62:	bd00      	pop	{pc}
10002d64:	10007dac 	.word	0x10007dac
10002d68:	2001bab4 	.word	0x2001bab4

10002d6c <runtime_run_initializers_from>:
10002d6c:	b510      	push	{r4, lr}
10002d6e:	4604      	mov	r4, r0
10002d70:	e002      	b.n	10002d78 <runtime_run_initializers_from+0xc>
10002d72:	f854 3b04 	ldr.w	r3, [r4], #4
10002d76:	4798      	blx	r3
10002d78:	4b01      	ldr	r3, [pc, #4]	@ (10002d80 <runtime_run_initializers_from+0x14>)
10002d7a:	429c      	cmp	r4, r3
10002d7c:	d3f9      	bcc.n	10002d72 <runtime_run_initializers_from+0x6>
10002d7e:	bd10      	pop	{r4, pc}
10002d80:	10007638 	.word	0x10007638

10002d84 <first_per_core_initializer>:
10002d84:	4770      	bx	lr
	...

10002d88 <runtime_run_initializers>:
10002d88:	b508      	push	{r3, lr}
10002d8a:	4802      	ldr	r0, [pc, #8]	@ (10002d94 <runtime_run_initializers+0xc>)
10002d8c:	f7ff ffee 	bl	10002d6c <runtime_run_initializers_from>
10002d90:	bd08      	pop	{r3, pc}
10002d92:	bf00      	nop
10002d94:	100075f8 	.word	0x100075f8

10002d98 <runtime_run_per_core_initializers>:
10002d98:	b508      	push	{r3, lr}
10002d9a:	4802      	ldr	r0, [pc, #8]	@ (10002da4 <runtime_run_per_core_initializers+0xc>)
10002d9c:	f7ff ffe6 	bl	10002d6c <runtime_run_initializers_from>
10002da0:	bd08      	pop	{r3, pc}
10002da2:	bf00      	nop
10002da4:	10007624 	.word	0x10007624

10002da8 <runtime_init_early_resets>:
10002da8:	4b06      	ldr	r3, [pc, #24]	@ (10002dc4 <runtime_init_early_resets+0x1c>)
10002daa:	4a07      	ldr	r2, [pc, #28]	@ (10002dc8 <runtime_init_early_resets+0x20>)
10002dac:	601a      	str	r2, [r3, #0]
10002dae:	f503 5380 	add.w	r3, r3, #4096	@ 0x1000
10002db2:	4a06      	ldr	r2, [pc, #24]	@ (10002dcc <runtime_init_early_resets+0x24>)
10002db4:	601a      	str	r2, [r3, #0]
10002db6:	4b06      	ldr	r3, [pc, #24]	@ (10002dd0 <runtime_init_early_resets+0x28>)
10002db8:	689a      	ldr	r2, [r3, #8]
10002dba:	4b04      	ldr	r3, [pc, #16]	@ (10002dcc <runtime_init_early_resets+0x24>)
10002dbc:	4393      	bics	r3, r2
10002dbe:	d1fa      	bne.n	10002db6 <runtime_init_early_resets+0xe>
10002dc0:	4770      	bx	lr
10002dc2:	bf00      	nop
10002dc4:	40022000 	.word	0x40022000
10002dc8:	efef3b7f 	.word	0xefef3b7f
10002dcc:	03f3fff6 	.word	0x03f3fff6
10002dd0:	40020000 	.word	0x40020000

10002dd4 <runtime_init_usb_power_down>:
10002dd4:	4b05      	ldr	r3, [pc, #20]	@ (10002dec <runtime_init_usb_power_down+0x18>)
10002dd6:	6cdb      	ldr	r3, [r3, #76]	@ 0x4c
10002dd8:	f5b3 4f00 	cmp.w	r3, #32768	@ 0x8000
10002ddc:	d000      	beq.n	10002de0 <runtime_init_usb_power_down+0xc>
10002dde:	4770      	bx	lr
10002de0:	4b03      	ldr	r3, [pc, #12]	@ (10002df0 <runtime_init_usb_power_down+0x1c>)
10002de2:	f44f 2280 	mov.w	r2, #262144	@ 0x40000
10002de6:	64da      	str	r2, [r3, #76]	@ 0x4c
10002de8:	e7f9      	b.n	10002dde <runtime_init_usb_power_down+0xa>
10002dea:	bf00      	nop
10002dec:	50110000 	.word	0x50110000
10002df0:	50112000 	.word	0x50112000

10002df4 <runtime_init_per_core_enable_coprocessors>:
10002df4:	f04f 22e0 	mov.w	r2, #3758153728	@ 0xe000e000
10002df8:	f8d2 1d88 	ldr.w	r1, [r2, #3464]	@ 0xd88
10002dfc:	4b03      	ldr	r3, [pc, #12]	@ (10002e0c <runtime_init_per_core_enable_coprocessors+0x18>)
10002dfe:	430b      	orrs	r3, r1
10002e00:	f8c2 3d88 	str.w	r3, [r2, #3464]	@ 0xd88
10002e04:	ee10 0430 			dcp_rcmp r0
10002e08:	4770      	bx	lr
10002e0a:	bf00      	nop
10002e0c:	00300303 	.word	0x00300303

10002e10 <runtime_init_post_clock_resets>:
10002e10:	4b05      	ldr	r3, [pc, #20]	@ (10002e28 <runtime_init_post_clock_resets+0x18>)
10002e12:	f06f 4260 	mvn.w	r2, #3758096384	@ 0xe0000000
10002e16:	601a      	str	r2, [r3, #0]
10002e18:	4b04      	ldr	r3, [pc, #16]	@ (10002e2c <runtime_init_post_clock_resets+0x1c>)
10002e1a:	689b      	ldr	r3, [r3, #8]
10002e1c:	43db      	mvns	r3, r3
10002e1e:	f033 4360 	bics.w	r3, r3, #3758096384	@ 0xe0000000
10002e22:	d1f9      	bne.n	10002e18 <runtime_init_post_clock_resets+0x8>
10002e24:	4770      	bx	lr
10002e26:	bf00      	nop
10002e28:	40023000 	.word	0x40023000
10002e2c:	40020000 	.word	0x40020000

10002e30 <runtime_init_bootrom_reset>:
10002e30:	b508      	push	{r3, lr}
10002e32:	f245 2053 	movw	r0, #21075	@ 0x5253
10002e36:	f7fe fad5 	bl	100013e4 <rom_func_lookup>
10002e3a:	4603      	mov	r3, r0
10002e3c:	2004      	movs	r0, #4
10002e3e:	4798      	blx	r3
10002e40:	bd08      	pop	{r3, pc}

10002e42 <runtime_init_per_core_bootrom_reset>:
10002e42:	b508      	push	{r3, lr}
10002e44:	f245 2053 	movw	r0, #21075	@ 0x5253
10002e48:	f7fe facc 	bl	100013e4 <rom_func_lookup>
10002e4c:	4603      	mov	r3, r0
10002e4e:	2001      	movs	r0, #1
10002e50:	4798      	blx	r3
10002e52:	bd08      	pop	{r3, pc}

10002e54 <runtime_init_spin_locks_reset>:
10002e54:	b508      	push	{r3, lr}
10002e56:	f7fe fab7 	bl	100013c8 <spin_locks_reset>
10002e5a:	bd08      	pop	{r3, pc}

10002e5c <runtime_init_install_ram_vector_table>:
10002e5c:	b510      	push	{r4, lr}
10002e5e:	490c      	ldr	r1, [pc, #48]	@ (10002e90 <runtime_init_install_ram_vector_table+0x34>)
10002e60:	4a0c      	ldr	r2, [pc, #48]	@ (10002e94 <runtime_init_install_ram_vector_table+0x38>)
10002e62:	1a52      	subs	r2, r2, r1
10002e64:	1092      	asrs	r2, r2, #2
10002e66:	4614      	mov	r4, r2
10002e68:	2a44      	cmp	r2, #68	@ 0x44
10002e6a:	bf28      	it	cs
10002e6c:	2244      	movcs	r2, #68	@ 0x44
10002e6e:	0092      	lsls	r2, r2, #2
10002e70:	4809      	ldr	r0, [pc, #36]	@ (10002e98 <runtime_init_install_ram_vector_table+0x3c>)
10002e72:	f004 fb03 	bl	1000747c <memcpy>
10002e76:	e004      	b.n	10002e82 <runtime_init_install_ram_vector_table+0x26>
10002e78:	4a08      	ldr	r2, [pc, #32]	@ (10002e9c <runtime_init_install_ram_vector_table+0x40>)
10002e7a:	4b07      	ldr	r3, [pc, #28]	@ (10002e98 <runtime_init_install_ram_vector_table+0x3c>)
10002e7c:	f843 2024 	str.w	r2, [r3, r4, lsl #2]
10002e80:	3401      	adds	r4, #1
10002e82:	2c43      	cmp	r4, #67	@ 0x43
10002e84:	d9f8      	bls.n	10002e78 <runtime_init_install_ram_vector_table+0x1c>
10002e86:	4a04      	ldr	r2, [pc, #16]	@ (10002e98 <runtime_init_install_ram_vector_table+0x3c>)
10002e88:	4b05      	ldr	r3, [pc, #20]	@ (10002ea0 <runtime_init_install_ram_vector_table+0x44>)
10002e8a:	609a      	str	r2, [r3, #8]
10002e8c:	bd10      	pop	{r4, pc}
10002e8e:	bf00      	nop
10002e90:	10000000 	.word	0x10000000
10002e94:	10000110 	.word	0x10000110
10002e98:	20000000 	.word	0x20000000
10002e9c:	10000111 	.word	0x10000111
10002ea0:	e000ed00 	.word	0xe000ed00

10002ea4 <start_all_ticks>:
10002ea4:	b538      	push	{r3, r4, r5, lr}
10002ea6:	2004      	movs	r0, #4
10002ea8:	f7ff fe86 	bl	10002bb8 <clock_get_hz>
10002eac:	4b06      	ldr	r3, [pc, #24]	@ (10002ec8 <start_all_ticks+0x24>)
10002eae:	fba3 3500 	umull	r3, r5, r3, r0
10002eb2:	0cad      	lsrs	r5, r5, #18
10002eb4:	2400      	movs	r4, #0
10002eb6:	e004      	b.n	10002ec2 <start_all_ticks+0x1e>
10002eb8:	4629      	mov	r1, r5
10002eba:	b2e0      	uxtb	r0, r4
10002ebc:	f7ff ff24 	bl	10002d08 <tick_start>
10002ec0:	3401      	adds	r4, #1
10002ec2:	2c05      	cmp	r4, #5
10002ec4:	ddf8      	ble.n	10002eb8 <start_all_ticks+0x14>
10002ec6:	bd38      	pop	{r3, r4, r5, pc}
10002ec8:	431bde83 	.word	0x431bde83

10002ecc <runtime_init_clocks>:
10002ecc:	b530      	push	{r4, r5, lr}
10002ece:	b083      	sub	sp, #12
10002ed0:	4b26      	ldr	r3, [pc, #152]	@ (10002f6c <runtime_init_clocks+0xa0>)
10002ed2:	2200      	movs	r2, #0
10002ed4:	f8c3 2084 	str.w	r2, [r3, #132]	@ 0x84
10002ed8:	f7ff ff24 	bl	10002d24 <xosc_init>
10002edc:	4b24      	ldr	r3, [pc, #144]	@ (10002f70 <runtime_init_clocks+0xa4>)
10002ede:	2201      	movs	r2, #1
10002ee0:	63da      	str	r2, [r3, #60]	@ 0x3c
10002ee2:	4b22      	ldr	r3, [pc, #136]	@ (10002f6c <runtime_init_clocks+0xa0>)
10002ee4:	6c5b      	ldr	r3, [r3, #68]	@ 0x44
10002ee6:	2b01      	cmp	r3, #1
10002ee8:	d1fb      	bne.n	10002ee2 <runtime_init_clocks+0x16>
10002eea:	4b21      	ldr	r3, [pc, #132]	@ (10002f70 <runtime_init_clocks+0xa4>)
10002eec:	2203      	movs	r2, #3
10002eee:	631a      	str	r2, [r3, #48]	@ 0x30
10002ef0:	4b1e      	ldr	r3, [pc, #120]	@ (10002f6c <runtime_init_clocks+0xa0>)
10002ef2:	6b9b      	ldr	r3, [r3, #56]	@ 0x38
10002ef4:	2b01      	cmp	r3, #1
10002ef6:	d1fb      	bne.n	10002ef0 <runtime_init_clocks+0x24>
10002ef8:	2402      	movs	r4, #2
10002efa:	9400      	str	r4, [sp, #0]
10002efc:	2305      	movs	r3, #5
10002efe:	4a1d      	ldr	r2, [pc, #116]	@ (10002f74 <runtime_init_clocks+0xa8>)
10002f00:	2101      	movs	r1, #1
10002f02:	481d      	ldr	r0, [pc, #116]	@ (10002f78 <runtime_init_clocks+0xac>)
10002f04:	f7ff fe7c 	bl	10002c00 <pll_init>
10002f08:	2505      	movs	r5, #5
10002f0a:	9500      	str	r5, [sp, #0]
10002f0c:	462b      	mov	r3, r5
10002f0e:	4a1b      	ldr	r2, [pc, #108]	@ (10002f7c <runtime_init_clocks+0xb0>)
10002f10:	2101      	movs	r1, #1
10002f12:	481b      	ldr	r0, [pc, #108]	@ (10002f80 <runtime_init_clocks+0xb4>)
10002f14:	f7ff fe74 	bl	10002c00 <pll_init>
10002f18:	4b1a      	ldr	r3, [pc, #104]	@ (10002f84 <runtime_init_clocks+0xb8>)
10002f1a:	2200      	movs	r2, #0
10002f1c:	4621      	mov	r1, r4
10002f1e:	2004      	movs	r0, #4
10002f20:	f7ff fe40 	bl	10002ba4 <clock_configure_undivided>
10002f24:	4c18      	ldr	r4, [pc, #96]	@ (10002f88 <runtime_init_clocks+0xbc>)
10002f26:	4623      	mov	r3, r4
10002f28:	2200      	movs	r2, #0
10002f2a:	2101      	movs	r1, #1
10002f2c:	4628      	mov	r0, r5
10002f2e:	f7ff fe39 	bl	10002ba4 <clock_configure_undivided>
10002f32:	4d16      	ldr	r5, [pc, #88]	@ (10002f8c <runtime_init_clocks+0xc0>)
10002f34:	462b      	mov	r3, r5
10002f36:	2200      	movs	r2, #0
10002f38:	4611      	mov	r1, r2
10002f3a:	2008      	movs	r0, #8
10002f3c:	f7ff fe32 	bl	10002ba4 <clock_configure_undivided>
10002f40:	462b      	mov	r3, r5
10002f42:	2200      	movs	r2, #0
10002f44:	4611      	mov	r1, r2
10002f46:	2009      	movs	r0, #9
10002f48:	f7ff fe2c 	bl	10002ba4 <clock_configure_undivided>
10002f4c:	4623      	mov	r3, r4
10002f4e:	2200      	movs	r2, #0
10002f50:	4611      	mov	r1, r2
10002f52:	2006      	movs	r0, #6
10002f54:	f7ff fe26 	bl	10002ba4 <clock_configure_undivided>
10002f58:	4623      	mov	r3, r4
10002f5a:	2200      	movs	r2, #0
10002f5c:	4611      	mov	r1, r2
10002f5e:	2007      	movs	r0, #7
10002f60:	f7ff fe20 	bl	10002ba4 <clock_configure_undivided>
10002f64:	f7ff ff9e 	bl	10002ea4 <start_all_ticks>
10002f68:	b003      	add	sp, #12
10002f6a:	bd30      	pop	{r4, r5, pc}
10002f6c:	40010000 	.word	0x40010000
10002f70:	40013000 	.word	0x40013000
10002f74:	59682f00 	.word	0x59682f00
10002f78:	40050000 	.word	0x40050000
10002f7c:	47868c00 	.word	0x47868c00
10002f80:	40058000 	.word	0x40058000
10002f84:	00b71b00 	.word	0x00b71b00
10002f88:	08f0d180 	.word	0x08f0d180
10002f8c:	02dc6c00 	.word	0x02dc6c00

10002f90 <generic_save_state>:
10002f90:	b086      	sub	sp, #24
10002f92:	b403      	push	{r0, r1}
10002f94:	fc51 0408 	dcp_pxmd r0, r1
10002f98:	e9cd 0102 	strd	r0, r1, [sp, #8]
10002f9c:	fc51 0409 	dcp_pymd r0, r1
10002fa0:	e9cd 0104 	strd	r0, r1, [sp, #16]
10002fa4:	ec51 040a 	dcp_refd r0, r1
10002fa8:	e9cd 0106 	strd	r0, r1, [sp, #24]
10002fac:	bc03      	pop	{r0, r1}
10002fae:	47f0      	blx	lr

10002fb0 <generic_restore_state>:
10002fb0:	e8bd 5000 	ldmia.w	sp!, {ip, lr}
10002fb4:	ec4e c400 	dcp_wxmd ip, lr
10002fb8:	e8bd 5000 	ldmia.w	sp!, {ip, lr}
10002fbc:	ec4e c401 	dcp_wymd ip, lr
10002fc0:	e8bd 5000 	ldmia.w	sp!, {ip, lr}
10002fc4:	ec4e c402 	dcp_wefd ip, lr
10002fc8:	bd00      	pop	{pc}
10002fca:	0000      	movs	r0, r0
10002fcc:	b500      	push	{lr}
10002fce:	f7ff ffdf 	bl	10002f90 <generic_save_state>
10002fd2:	e002      	b.n	10002fda <__wrap___aeabi_dadd+0x6>

10002fd4 <__wrap___aeabi_dadd>:
10002fd4:	fe10 f430 	dcp_pcmp APSR_nzcv
10002fd8:	d4f8      	bmi.n	10002fcc <generic_restore_state+0x1c>
10002fda:	ec41 0410 	dcp_wxup r0, r1
10002fde:	ec43 2411 	dcp_wyup r2, r3
10002fe2:	ee00 0401 			dcp_add0
10002fe6:	ee10 0401 			dcp_add1
10002fea:	ee80 0420 			dcp_nrdd
10002fee:	ec51 0410 	dcp_rdda r0, r1
10002ff2:	4770      	bx	lr
10002ff4:	b500      	push	{lr}
10002ff6:	f7ff ffcb 	bl	10002f90 <generic_save_state>
10002ffa:	e002      	b.n	10003002 <__wrap___aeabi_dsub+0x6>

10002ffc <__wrap___aeabi_dsub>:
10002ffc:	fe10 f430 	dcp_pcmp APSR_nzcv
10003000:	d4f8      	bmi.n	10002ff4 <__wrap___aeabi_dadd+0x20>
10003002:	ec41 0410 	dcp_wxup r0, r1
10003006:	ec43 2411 	dcp_wyup r2, r3
1000300a:	ee00 0401 			dcp_add0
1000300e:	ee10 0421 			dcp_sub1
10003012:	ee80 0420 			dcp_nrdd
10003016:	ec51 0430 	dcp_rdds r0, r1
1000301a:	4770      	bx	lr
1000301c:	b500      	push	{lr}
1000301e:	f7ff ffb7 	bl	10002f90 <generic_save_state>
10003022:	e002      	b.n	1000302a <__wrap___aeabi_dmul+0x6>

10003024 <__wrap___aeabi_dmul>:
10003024:	fe10 f430 	dcp_pcmp APSR_nzcv
10003028:	d4f8      	bmi.n	1000301c <__wrap___aeabi_dsub+0x20>
1000302a:	b510      	push	{r4, lr}
1000302c:	ec41 0410 	dcp_wxup r0, r1
10003030:	ec43 2411 	dcp_wyup r2, r3
10003034:	ec51 0404 	dcp_rxms r0, r1, #0x0
10003038:	ec53 2405 	dcp_ryms r2, r3, #0x0
1000303c:	fba0 4c02 	umull	r4, ip, r0, r2
10003040:	f05f 0e00 	movs.w	lr, #0
10003044:	fbe0 ce03 	umlal	ip, lr, r0, r3
10003048:	fbe1 ce02 	umlal	ip, lr, r1, r2
1000304c:	ec4c 4420 	dcp_wxms r4, ip
10003050:	2400      	movs	r4, #0
10003052:	fbe1 e403 	umlal	lr, r4, r1, r3
10003056:	ec44 e430 	dcp_wxmo lr, r4
1000305a:	ee80 0420 			dcp_nrdd
1000305e:	ec51 0450 	dcp_rddm r0, r1
10003062:	e8bd 4010 	ldmia.w	sp!, {r4, lr}
10003066:	4770      	bx	lr
10003068:	b500      	push	{lr}
1000306a:	f7ff ff91 	bl	10002f90 <generic_save_state>
1000306e:	e002      	b.n	10003076 <__wrap___aeabi_ddiv+0x6>

10003070 <__wrap___aeabi_ddiv>:
10003070:	fe10 f430 	dcp_pcmp APSR_nzcv
10003074:	d4f8      	bmi.n	10003068 <__wrap___aeabi_dmul+0x44>
10003076:	ec41 0410 	dcp_wxup r0, r1
1000307a:	ec43 2411 	dcp_wyup r2, r3
1000307e:	ec51 0421 	dcp_rymr r0, r1
10003082:	fba0 1201 	umull	r1, r2, r0, r1
10003086:	ea6f 0282 	mvn.w	r2, r2, lsl #2
1000308a:	fb52 0010 	smmlar	r0, r2, r0, r0
1000308e:	fb52 f212 	smmulr	r2, r2, r2
10003092:	fb52 0010 	smmlar	r0, r2, r0, r0
10003096:	eba0 7cd0 	sub.w	ip, r0, r0, lsr #31
1000309a:	ec53 2404 	dcp_rxms r2, r3, #0x0
1000309e:	fb5c f113 	smmulr	r1, ip, r3
100030a2:	ec53 2415 	dcp_ryms r2, r3, #0x1
100030a6:	fba1 2002 	umull	r2, r0, r1, r2
100030aa:	fb01 0003 	mla	r0, r1, r3, r0
100030ae:	ec53 2444 	dcp_rxms r2, r3, #0x4
100030b2:	eba2 0000 	sub.w	r0, r2, r0
100030b6:	fb50 f21c 	smmulr	r2, r0, ip
100030ba:	ea4f 1311 	mov.w	r3, r1, lsr #4
100030be:	eb12 7001 	adds.w	r0, r2, r1, lsl #28
100030c2:	eb43 71e2 	adc.w	r1, r3, r2, asr #31
100030c6:	ea40 5051 	orr.w	r0, r0, r1, lsr #21
100030ca:	ea20 5091 	bic.w	r0, r0, r1, lsr #22
100030ce:	f020 0007 	bic.w	r0, r0, #7
100030d2:	ec53 2475 	dcp_ryms r2, r3, #0x7
100030d6:	fba0 3c02 	umull	r3, ip, r0, r2
100030da:	ec53 2475 	dcp_ryms r2, r3, #0x7
100030de:	fb00 cc03 	mla	ip, r0, r3, ip
100030e2:	fb01 cc02 	mla	ip, r1, r2, ip
100030e6:	ec53 2404 	dcp_rxms r2, r3, #0x0
100030ea:	ebac 4c82 	sub.w	ip, ip, r2, lsl #18
100030ee:	ea40 705c 	orr.w	r0, r0, ip, lsr #29
100030f2:	f1a0 0001 	sub.w	r0, r0, #1
100030f6:	ec41 0440 	dcp_wxdd r0, r1
100030fa:	ee80 0420 			dcp_nrdd
100030fe:	ec51 0470 	dcp_rddd r0, r1
10003102:	4770      	bx	lr
10003104:	b500      	push	{lr}
10003106:	f7ff ff43 	bl	10002f90 <generic_save_state>
1000310a:	e002      	b.n	10003112 <__wrap___aeabi_i2d+0x6>

1000310c <__wrap___aeabi_i2d>:
1000310c:	fe10 f430 	dcp_pcmp APSR_nzcv
10003110:	d4f8      	bmi.n	10003104 <__wrap___aeabi_ddiv+0x94>
10003112:	ec40 0470 	dcp_wxic r0, r0
10003116:	ee00 0401 			dcp_add0
1000311a:	ee10 0421 			dcp_sub1
1000311e:	ee80 0420 			dcp_nrdd
10003122:	ec51 0430 	dcp_rdds r0, r1
10003126:	4770      	bx	lr
10003128:	b500      	push	{lr}
1000312a:	f7ff ff31 	bl	10002f90 <generic_save_state>
1000312e:	e002      	b.n	10003136 <__wrap___aeabi_ui2d+0x6>

10003130 <__wrap___aeabi_ui2d>:
10003130:	fe10 f430 	dcp_pcmp APSR_nzcv
10003134:	d4f8      	bmi.n	10003128 <__wrap___aeabi_i2d+0x1c>
10003136:	ec40 0460 	dcp_wxuc r0, r0
1000313a:	ee00 0401 			dcp_add0
1000313e:	ee10 0421 			dcp_sub1
10003142:	ee80 0420 			dcp_nrdd
10003146:	ec51 0430 	dcp_rdds r0, r1
1000314a:	4770      	bx	lr
1000314c:	b500      	push	{lr}
1000314e:	f7ff ff1f 	bl	10002f90 <generic_save_state>
10003152:	e002      	b.n	1000315a <double2int_z_entry>

10003154 <__wrap___aeabi_d2iz>:
10003154:	fe10 f430 	dcp_pcmp APSR_nzcv
10003158:	d4f8      	bmi.n	1000314c <__wrap___aeabi_ui2d+0x1c>

1000315a <double2int_z_entry>:
1000315a:	ec41 0480 	dcp_wxdc r0, r1
1000315e:	ee00 0401 			dcp_add0
10003162:	ee10 0401 			dcp_add1
10003166:	ee80 0440 			dcp_ntdc
1000316a:	ee10 0413 			dcp_rdic r0
1000316e:	4770      	bx	lr
10003170:	b500      	push	{lr}
10003172:	f7ff ff0d 	bl	10002f90 <generic_save_state>
10003176:	e002      	b.n	1000317e <double2uint_z_entry>

10003178 <__wrap___aeabi_d2uiz>:
10003178:	fe10 f430 	dcp_pcmp APSR_nzcv
1000317c:	d4f8      	bmi.n	10003170 <double2int_z_entry+0x16>

1000317e <double2uint_z_entry>:
1000317e:	ec41 0480 	dcp_wxdc r0, r1
10003182:	ee00 0401 			dcp_add0
10003186:	ee10 0401 			dcp_add1
1000318a:	ee80 0440 			dcp_ntdc
1000318e:	ee10 0433 			dcp_rduc r0
10003192:	4770      	bx	lr
10003194:	b500      	push	{lr}
10003196:	f7ff fefb 	bl	10002f90 <generic_save_state>
1000319a:	e002      	b.n	100031a2 <__wrap___aeabi_dcmpun+0x6>

1000319c <__wrap___aeabi_dcmpun>:
1000319c:	fe10 f430 	dcp_pcmp APSR_nzcv
100031a0:	d4f8      	bmi.n	10003194 <double2uint_z_entry+0x16>
100031a2:	ec41 0410 	dcp_wxup r0, r1
100031a6:	ec43 2411 	dcp_wyup r2, r3
100031aa:	ee00 0401 			dcp_add0
100031ae:	ee10 0430 			dcp_rcmp r0
100031b2:	f3c0 7000 	ubfx	r0, r0, #28, #1
100031b6:	4770      	bx	lr
100031b8:	b500      	push	{lr}
100031ba:	f7ff fee9 	bl	10002f90 <generic_save_state>
100031be:	e002      	b.n	100031c6 <__wrap___aeabi_dcmplt+0x6>

100031c0 <__wrap___aeabi_dcmplt>:
100031c0:	fe10 f430 	dcp_pcmp APSR_nzcv
100031c4:	d4f8      	bmi.n	100031b8 <__wrap___aeabi_dcmpun+0x1c>
100031c6:	ec43 2410 	dcp_wxup r2, r3
100031ca:	ec41 0411 	dcp_wyup r0, r1
100031ce:	ee00 0401 			dcp_add0
100031d2:	ee10 f430 			dcp_rcmp APSR_nzcv
100031d6:	bf8c      	ite	hi
100031d8:	2001      	movhi	r0, #1
100031da:	2000      	movls	r0, #0
100031dc:	4770      	bx	lr
100031de:	bf00      	nop
100031e0:	b500      	push	{lr}
100031e2:	f7ff fed5 	bl	10002f90 <generic_save_state>
100031e6:	e002      	b.n	100031ee <__wrap___aeabi_dcmple+0x6>

100031e8 <__wrap___aeabi_dcmple>:
100031e8:	fe10 f430 	dcp_pcmp APSR_nzcv
100031ec:	d4f8      	bmi.n	100031e0 <__wrap___aeabi_dcmplt+0x20>
100031ee:	ec43 2410 	dcp_wxup r2, r3
100031f2:	ec41 0411 	dcp_wyup r0, r1
100031f6:	ee00 0401 			dcp_add0
100031fa:	ee10 f430 			dcp_rcmp APSR_nzcv
100031fe:	bf2c      	ite	cs
10003200:	2001      	movcs	r0, #1
10003202:	2000      	movcc	r0, #0
10003204:	4770      	bx	lr
10003206:	bf00      	nop
10003208:	b500      	push	{lr}
1000320a:	f7ff fec1 	bl	10002f90 <generic_save_state>
1000320e:	e002      	b.n	10003216 <__wrap___aeabi_dcmpge+0x6>

10003210 <__wrap___aeabi_dcmpge>:
10003210:	fe10 f430 	dcp_pcmp APSR_nzcv
10003214:	d4f8      	bmi.n	10003208 <__wrap___aeabi_dcmple+0x20>
10003216:	ec41 0410 	dcp_wxup r0, r1
1000321a:	ec43 2411 	dcp_wyup r2, r3
1000321e:	ee00 0401 			dcp_add0
10003222:	ee10 f430 			dcp_rcmp APSR_nzcv
10003226:	bf2c      	ite	cs
10003228:	2001      	movcs	r0, #1
1000322a:	2000      	movcc	r0, #0
1000322c:	4770      	bx	lr
1000322e:	bf00      	nop
10003230:	b500      	push	{lr}
10003232:	f7ff fead 	bl	10002f90 <generic_save_state>
10003236:	e002      	b.n	1000323e <__wrap___aeabi_dcmpgt+0x6>

10003238 <__wrap___aeabi_dcmpgt>:
10003238:	fe10 f430 	dcp_pcmp APSR_nzcv
1000323c:	d4f8      	bmi.n	10003230 <__wrap___aeabi_dcmpge+0x20>
1000323e:	ec41 0410 	dcp_wxup r0, r1
10003242:	ec43 2411 	dcp_wyup r2, r3
10003246:	ee00 0401 			dcp_add0
1000324a:	ee10 f430 			dcp_rcmp APSR_nzcv
1000324e:	bf8c      	ite	hi
10003250:	2001      	movhi	r0, #1
10003252:	2000      	movls	r0, #0
10003254:	4770      	bx	lr
10003256:	bf00      	nop

10003258 <_out_null>:
10003258:	4770      	bx	lr

1000325a <_out_fct>:
1000325a:	b120      	cbz	r0, 10003266 <_out_fct+0xc>
1000325c:	b508      	push	{r3, lr}
1000325e:	680a      	ldr	r2, [r1, #0]
10003260:	6849      	ldr	r1, [r1, #4]
10003262:	4790      	blx	r2
10003264:	bd08      	pop	{r3, pc}
10003266:	4770      	bx	lr

10003268 <_atoi>:
10003268:	4601      	mov	r1, r0
1000326a:	2000      	movs	r0, #0
1000326c:	e008      	b.n	10003280 <_atoi+0x18>
1000326e:	eb00 0080 	add.w	r0, r0, r0, lsl #2
10003272:	1c53      	adds	r3, r2, #1
10003274:	600b      	str	r3, [r1, #0]
10003276:	7813      	ldrb	r3, [r2, #0]
10003278:	eb03 0340 	add.w	r3, r3, r0, lsl #1
1000327c:	f1a3 0030 	sub.w	r0, r3, #48	@ 0x30
10003280:	680a      	ldr	r2, [r1, #0]
10003282:	7813      	ldrb	r3, [r2, #0]
10003284:	3b30      	subs	r3, #48	@ 0x30
10003286:	b2db      	uxtb	r3, r3
10003288:	2b09      	cmp	r3, #9
1000328a:	d9f0      	bls.n	1000326e <_atoi+0x6>
1000328c:	4770      	bx	lr

1000328e <_out_rev>:
1000328e:	e92d 4ff0 	stmdb	sp!, {r4, r5, r6, r7, r8, r9, sl, fp, lr}
10003292:	b083      	sub	sp, #12
10003294:	4605      	mov	r5, r0
10003296:	460e      	mov	r6, r1
10003298:	4693      	mov	fp, r2
1000329a:	461f      	mov	r7, r3
1000329c:	f8dd 8030 	ldr.w	r8, [sp, #48]	@ 0x30
100032a0:	9c0d      	ldr	r4, [sp, #52]	@ 0x34
100032a2:	f8dd 9038 	ldr.w	r9, [sp, #56]	@ 0x38
100032a6:	9b0f      	ldr	r3, [sp, #60]	@ 0x3c
100032a8:	f013 0202 	ands.w	r2, r3, #2
100032ac:	9200      	str	r2, [sp, #0]
100032ae:	d128      	bne.n	10003302 <_out_rev+0x74>
100032b0:	f013 0f01 	tst.w	r3, #1
100032b4:	d00f      	beq.n	100032d6 <_out_rev+0x48>
100032b6:	465a      	mov	r2, fp
100032b8:	e01b      	b.n	100032f2 <_out_rev+0x64>
100032ba:	f102 0b01 	add.w	fp, r2, #1
100032be:	463b      	mov	r3, r7
100032c0:	4631      	mov	r1, r6
100032c2:	2020      	movs	r0, #32
100032c4:	47a8      	blx	r5
100032c6:	f10a 0a01 	add.w	sl, sl, #1
100032ca:	465a      	mov	r2, fp
100032cc:	45ca      	cmp	sl, r9
100032ce:	d3f4      	bcc.n	100032ba <_out_rev+0x2c>
100032d0:	f8dd b004 	ldr.w	fp, [sp, #4]
100032d4:	e00d      	b.n	100032f2 <_out_rev+0x64>
100032d6:	46a2      	mov	sl, r4
100032d8:	465a      	mov	r2, fp
100032da:	f8cd b004 	str.w	fp, [sp, #4]
100032de:	e7f5      	b.n	100032cc <_out_rev+0x3e>
100032e0:	3c01      	subs	r4, #1
100032e2:	f102 0a01 	add.w	sl, r2, #1
100032e6:	463b      	mov	r3, r7
100032e8:	4631      	mov	r1, r6
100032ea:	f818 0004 	ldrb.w	r0, [r8, r4]
100032ee:	47a8      	blx	r5
100032f0:	4652      	mov	r2, sl
100032f2:	2c00      	cmp	r4, #0
100032f4:	d1f4      	bne.n	100032e0 <_out_rev+0x52>
100032f6:	9b00      	ldr	r3, [sp, #0]
100032f8:	b95b      	cbnz	r3, 10003312 <_out_rev+0x84>
100032fa:	4610      	mov	r0, r2
100032fc:	b003      	add	sp, #12
100032fe:	e8bd 8ff0 	ldmia.w	sp!, {r4, r5, r6, r7, r8, r9, sl, fp, pc}
10003302:	465a      	mov	r2, fp
10003304:	e7f5      	b.n	100032f2 <_out_rev+0x64>
10003306:	1c54      	adds	r4, r2, #1
10003308:	463b      	mov	r3, r7
1000330a:	4631      	mov	r1, r6
1000330c:	2020      	movs	r0, #32
1000330e:	47a8      	blx	r5
10003310:	4622      	mov	r2, r4
10003312:	eba2 030b 	sub.w	r3, r2, fp
10003316:	454b      	cmp	r3, r9
10003318:	d3f5      	bcc.n	10003306 <_out_rev+0x78>
1000331a:	e7ee      	b.n	100032fa <_out_rev+0x6c>

1000331c <_ntoa_format>:
1000331c:	e92d 41f0 	stmdb	sp!, {r4, r5, r6, r7, r8, lr}
10003320:	b084      	sub	sp, #16
10003322:	4604      	mov	r4, r0
10003324:	460d      	mov	r5, r1
10003326:	4616      	mov	r6, r2
10003328:	461f      	mov	r7, r3
1000332a:	f8dd e028 	ldr.w	lr, [sp, #40]	@ 0x28
1000332e:	f8dd c02c 	ldr.w	ip, [sp, #44]	@ 0x2c
10003332:	f89d 3030 	ldrb.w	r3, [sp, #48]	@ 0x30
10003336:	461a      	mov	r2, r3
10003338:	4698      	mov	r8, r3
1000333a:	980e      	ldr	r0, [sp, #56]	@ 0x38
1000333c:	990f      	ldr	r1, [sp, #60]	@ 0x3c
1000333e:	9b10      	ldr	r3, [sp, #64]	@ 0x40
10003340:	f013 0f02 	tst.w	r3, #2
10003344:	d121      	bne.n	1000338a <_ntoa_format+0x6e>
10003346:	b169      	cbz	r1, 10003364 <_ntoa_format+0x48>
10003348:	f013 0f01 	tst.w	r3, #1
1000334c:	d00a      	beq.n	10003364 <_ntoa_format+0x48>
1000334e:	b912      	cbnz	r2, 10003356 <_ntoa_format+0x3a>
10003350:	f013 0f0c 	tst.w	r3, #12
10003354:	d006      	beq.n	10003364 <_ntoa_format+0x48>
10003356:	3901      	subs	r1, #1
10003358:	e004      	b.n	10003364 <_ntoa_format+0x48>
1000335a:	2230      	movs	r2, #48	@ 0x30
1000335c:	f80e 200c 	strb.w	r2, [lr, ip]
10003360:	f10c 0c01 	add.w	ip, ip, #1
10003364:	4584      	cmp	ip, r0
10003366:	d202      	bcs.n	1000336e <_ntoa_format+0x52>
10003368:	f1bc 0f1f 	cmp.w	ip, #31
1000336c:	d9f5      	bls.n	1000335a <_ntoa_format+0x3e>
1000336e:	f013 0f01 	tst.w	r3, #1
10003372:	d00a      	beq.n	1000338a <_ntoa_format+0x6e>
10003374:	458c      	cmp	ip, r1
10003376:	d208      	bcs.n	1000338a <_ntoa_format+0x6e>
10003378:	f1bc 0f1f 	cmp.w	ip, #31
1000337c:	d805      	bhi.n	1000338a <_ntoa_format+0x6e>
1000337e:	2230      	movs	r2, #48	@ 0x30
10003380:	f80e 200c 	strb.w	r2, [lr, ip]
10003384:	f10c 0c01 	add.w	ip, ip, #1
10003388:	e7f1      	b.n	1000336e <_ntoa_format+0x52>
1000338a:	f013 0f10 	tst.w	r3, #16
1000338e:	d017      	beq.n	100033c0 <_ntoa_format+0xa4>
10003390:	f413 6f80 	tst.w	r3, #1024	@ 0x400
10003394:	d106      	bne.n	100033a4 <_ntoa_format+0x88>
10003396:	f1bc 0f00 	cmp.w	ip, #0
1000339a:	d003      	beq.n	100033a4 <_ntoa_format+0x88>
1000339c:	4584      	cmp	ip, r0
1000339e:	d029      	beq.n	100033f4 <_ntoa_format+0xd8>
100033a0:	458c      	cmp	ip, r1
100033a2:	d027      	beq.n	100033f4 <_ntoa_format+0xd8>
100033a4:	9a0d      	ldr	r2, [sp, #52]	@ 0x34
100033a6:	2a10      	cmp	r2, #16
100033a8:	d03c      	beq.n	10003424 <_ntoa_format+0x108>
100033aa:	9a0d      	ldr	r2, [sp, #52]	@ 0x34
100033ac:	2a02      	cmp	r2, #2
100033ae:	d047      	beq.n	10003440 <_ntoa_format+0x124>
100033b0:	f1bc 0f1f 	cmp.w	ip, #31
100033b4:	d80f      	bhi.n	100033d6 <_ntoa_format+0xba>
100033b6:	2230      	movs	r2, #48	@ 0x30
100033b8:	f80e 200c 	strb.w	r2, [lr, ip]
100033bc:	f10c 0c01 	add.w	ip, ip, #1
100033c0:	f1bc 0f1f 	cmp.w	ip, #31
100033c4:	d807      	bhi.n	100033d6 <_ntoa_format+0xba>
100033c6:	4642      	mov	r2, r8
100033c8:	2a00      	cmp	r2, #0
100033ca:	d042      	beq.n	10003452 <_ntoa_format+0x136>
100033cc:	222d      	movs	r2, #45	@ 0x2d
100033ce:	f80e 200c 	strb.w	r2, [lr, ip]
100033d2:	f10c 0c01 	add.w	ip, ip, #1
100033d6:	9303      	str	r3, [sp, #12]
100033d8:	9102      	str	r1, [sp, #8]
100033da:	f8cd c004 	str.w	ip, [sp, #4]
100033de:	f8cd e000 	str.w	lr, [sp]
100033e2:	463b      	mov	r3, r7
100033e4:	4632      	mov	r2, r6
100033e6:	4629      	mov	r1, r5
100033e8:	4620      	mov	r0, r4
100033ea:	f7ff ff50 	bl	1000328e <_out_rev>
100033ee:	b004      	add	sp, #16
100033f0:	e8bd 81f0 	ldmia.w	sp!, {r4, r5, r6, r7, r8, pc}
100033f4:	f1bc 0201 	subs.w	r2, ip, #1
100033f8:	d020      	beq.n	1000343c <_ntoa_format+0x120>
100033fa:	980d      	ldr	r0, [sp, #52]	@ 0x34
100033fc:	2810      	cmp	r0, #16
100033fe:	d00f      	beq.n	10003420 <_ntoa_format+0x104>
10003400:	4694      	mov	ip, r2
10003402:	9a0d      	ldr	r2, [sp, #52]	@ 0x34
10003404:	2a10      	cmp	r2, #16
10003406:	d1d0      	bne.n	100033aa <_ntoa_format+0x8e>
10003408:	f013 0f20 	tst.w	r3, #32
1000340c:	d0cd      	beq.n	100033aa <_ntoa_format+0x8e>
1000340e:	f1bc 0f1f 	cmp.w	ip, #31
10003412:	d8ca      	bhi.n	100033aa <_ntoa_format+0x8e>
10003414:	2258      	movs	r2, #88	@ 0x58
10003416:	f80e 200c 	strb.w	r2, [lr, ip]
1000341a:	f10c 0c01 	add.w	ip, ip, #1
1000341e:	e7c7      	b.n	100033b0 <_ntoa_format+0x94>
10003420:	f1ac 0c02 	sub.w	ip, ip, #2
10003424:	f013 0f20 	tst.w	r3, #32
10003428:	d1eb      	bne.n	10003402 <_ntoa_format+0xe6>
1000342a:	f1bc 0f1f 	cmp.w	ip, #31
1000342e:	d8e8      	bhi.n	10003402 <_ntoa_format+0xe6>
10003430:	2278      	movs	r2, #120	@ 0x78
10003432:	f80e 200c 	strb.w	r2, [lr, ip]
10003436:	f10c 0c01 	add.w	ip, ip, #1
1000343a:	e7b9      	b.n	100033b0 <_ntoa_format+0x94>
1000343c:	4694      	mov	ip, r2
1000343e:	e7b1      	b.n	100033a4 <_ntoa_format+0x88>
10003440:	f1bc 0f1f 	cmp.w	ip, #31
10003444:	d8c7      	bhi.n	100033d6 <_ntoa_format+0xba>
10003446:	2262      	movs	r2, #98	@ 0x62
10003448:	f80e 200c 	strb.w	r2, [lr, ip]
1000344c:	f10c 0c01 	add.w	ip, ip, #1
10003450:	e7ae      	b.n	100033b0 <_ntoa_format+0x94>
10003452:	f013 0f04 	tst.w	r3, #4
10003456:	d005      	beq.n	10003464 <_ntoa_format+0x148>
10003458:	222b      	movs	r2, #43	@ 0x2b
1000345a:	f80e 200c 	strb.w	r2, [lr, ip]
1000345e:	f10c 0c01 	add.w	ip, ip, #1
10003462:	e7b8      	b.n	100033d6 <_ntoa_format+0xba>
10003464:	f013 0f08 	tst.w	r3, #8
10003468:	d0b5      	beq.n	100033d6 <_ntoa_format+0xba>
1000346a:	2220      	movs	r2, #32
1000346c:	f80e 200c 	strb.w	r2, [lr, ip]
10003470:	f10c 0c01 	add.w	ip, ip, #1
10003474:	e7af      	b.n	100033d6 <_ntoa_format+0xba>

10003476 <_ntoa_long>:
10003476:	b5f0      	push	{r4, r5, r6, r7, lr}
10003478:	b091      	sub	sp, #68	@ 0x44
1000347a:	460d      	mov	r5, r1
1000347c:	4616      	mov	r6, r2
1000347e:	461f      	mov	r7, r3
10003480:	9b16      	ldr	r3, [sp, #88]	@ 0x58
10003482:	9a18      	ldr	r2, [sp, #96]	@ 0x60
10003484:	991b      	ldr	r1, [sp, #108]	@ 0x6c
10003486:	b90b      	cbnz	r3, 1000348c <_ntoa_long+0x16>
10003488:	f021 0110 	bic.w	r1, r1, #16
1000348c:	f411 6e80 	ands.w	lr, r1, #1024	@ 0x400
10003490:	d01d      	beq.n	100034ce <_ntoa_long+0x58>
10003492:	b363      	cbz	r3, 100034ee <_ntoa_long+0x78>
10003494:	f04f 0e00 	mov.w	lr, #0
10003498:	e019      	b.n	100034ce <_ntoa_long+0x58>
1000349a:	f011 0f20 	tst.w	r1, #32
1000349e:	d024      	beq.n	100034ea <_ntoa_long+0x74>
100034a0:	2441      	movs	r4, #65	@ 0x41
100034a2:	44a4      	add	ip, r4
100034a4:	fa5f fc8c 	uxtb.w	ip, ip
100034a8:	f1ac 0c0a 	sub.w	ip, ip, #10
100034ac:	fa5f fc8c 	uxtb.w	ip, ip
100034b0:	f10e 0401 	add.w	r4, lr, #1
100034b4:	f10e 0e40 	add.w	lr, lr, #64	@ 0x40
100034b8:	44ee      	add	lr, sp
100034ba:	f80e cc20 	strb.w	ip, [lr, #-32]
100034be:	fbb3 fcf2 	udiv	ip, r3, r2
100034c2:	4293      	cmp	r3, r2
100034c4:	d314      	bcc.n	100034f0 <_ntoa_long+0x7a>
100034c6:	2c1f      	cmp	r4, #31
100034c8:	d812      	bhi.n	100034f0 <_ntoa_long+0x7a>
100034ca:	46a6      	mov	lr, r4
100034cc:	4663      	mov	r3, ip
100034ce:	fbb3 fcf2 	udiv	ip, r3, r2
100034d2:	fb02 3c1c 	mls	ip, r2, ip, r3
100034d6:	fa5f fc8c 	uxtb.w	ip, ip
100034da:	f1bc 0f09 	cmp.w	ip, #9
100034de:	d8dc      	bhi.n	1000349a <_ntoa_long+0x24>
100034e0:	f10c 0c30 	add.w	ip, ip, #48	@ 0x30
100034e4:	fa5f fc8c 	uxtb.w	ip, ip
100034e8:	e7e2      	b.n	100034b0 <_ntoa_long+0x3a>
100034ea:	2461      	movs	r4, #97	@ 0x61
100034ec:	e7d9      	b.n	100034a2 <_ntoa_long+0x2c>
100034ee:	461c      	mov	r4, r3
100034f0:	9106      	str	r1, [sp, #24]
100034f2:	9b1a      	ldr	r3, [sp, #104]	@ 0x68
100034f4:	9305      	str	r3, [sp, #20]
100034f6:	9b19      	ldr	r3, [sp, #100]	@ 0x64
100034f8:	9304      	str	r3, [sp, #16]
100034fa:	9203      	str	r2, [sp, #12]
100034fc:	f89d 305c 	ldrb.w	r3, [sp, #92]	@ 0x5c
10003500:	9302      	str	r3, [sp, #8]
10003502:	9401      	str	r4, [sp, #4]
10003504:	ab08      	add	r3, sp, #32
10003506:	9300      	str	r3, [sp, #0]
10003508:	463b      	mov	r3, r7
1000350a:	4632      	mov	r2, r6
1000350c:	4629      	mov	r1, r5
1000350e:	f7ff ff05 	bl	1000331c <_ntoa_format>
10003512:	b011      	add	sp, #68	@ 0x44
10003514:	bdf0      	pop	{r4, r5, r6, r7, pc}

10003516 <_ntoa_long_long>:
10003516:	e92d 4ff0 	stmdb	sp!, {r4, r5, r6, r7, r8, r9, sl, fp, lr}
1000351a:	b095      	sub	sp, #84	@ 0x54
1000351c:	4683      	mov	fp, r0
1000351e:	9109      	str	r1, [sp, #36]	@ 0x24
10003520:	920a      	str	r2, [sp, #40]	@ 0x28
10003522:	930b      	str	r3, [sp, #44]	@ 0x2c
10003524:	9f1e      	ldr	r7, [sp, #120]	@ 0x78
10003526:	9d1f      	ldr	r5, [sp, #124]	@ 0x7c
10003528:	f8dd 8088 	ldr.w	r8, [sp, #136]	@ 0x88
1000352c:	f8dd 908c 	ldr.w	r9, [sp, #140]	@ 0x8c
10003530:	f8dd a098 	ldr.w	sl, [sp, #152]	@ 0x98
10003534:	ea57 0305 	orrs.w	r3, r7, r5
10003538:	d101      	bne.n	1000353e <_ntoa_long_long+0x28>
1000353a:	f02a 0a10 	bic.w	sl, sl, #16
1000353e:	f41a 6480 	ands.w	r4, sl, #1024	@ 0x400
10003542:	d022      	beq.n	1000358a <_ntoa_long_long+0x74>
10003544:	ea57 0305 	orrs.w	r3, r7, r5
10003548:	d02d      	beq.n	100035a6 <_ntoa_long_long+0x90>
1000354a:	2400      	movs	r4, #0
1000354c:	e01d      	b.n	1000358a <_ntoa_long_long+0x74>
1000354e:	f01a 0f20 	tst.w	sl, #32
10003552:	d026      	beq.n	100035a2 <_ntoa_long_long+0x8c>
10003554:	2341      	movs	r3, #65	@ 0x41
10003556:	4413      	add	r3, r2
10003558:	b2db      	uxtb	r3, r3
1000355a:	3b0a      	subs	r3, #10
1000355c:	b2db      	uxtb	r3, r3
1000355e:	1c66      	adds	r6, r4, #1
10003560:	f104 0250 	add.w	r2, r4, #80	@ 0x50
10003564:	eb0d 0402 	add.w	r4, sp, r2
10003568:	f804 3c20 	strb.w	r3, [r4, #-32]
1000356c:	4642      	mov	r2, r8
1000356e:	464b      	mov	r3, r9
10003570:	4638      	mov	r0, r7
10003572:	4629      	mov	r1, r5
10003574:	f004 f82c 	bl	100075d0 <____aeabi_uldivmod_veneer>
10003578:	4547      	cmp	r7, r8
1000357a:	eb75 0509 	sbcs.w	r5, r5, r9
1000357e:	d313      	bcc.n	100035a8 <_ntoa_long_long+0x92>
10003580:	2e1f      	cmp	r6, #31
10003582:	d811      	bhi.n	100035a8 <_ntoa_long_long+0x92>
10003584:	4634      	mov	r4, r6
10003586:	4607      	mov	r7, r0
10003588:	460d      	mov	r5, r1
1000358a:	4642      	mov	r2, r8
1000358c:	464b      	mov	r3, r9
1000358e:	4638      	mov	r0, r7
10003590:	4629      	mov	r1, r5
10003592:	f004 f81d 	bl	100075d0 <____aeabi_uldivmod_veneer>
10003596:	b2d2      	uxtb	r2, r2
10003598:	2a09      	cmp	r2, #9
1000359a:	d8d8      	bhi.n	1000354e <_ntoa_long_long+0x38>
1000359c:	3230      	adds	r2, #48	@ 0x30
1000359e:	b2d3      	uxtb	r3, r2
100035a0:	e7dd      	b.n	1000355e <_ntoa_long_long+0x48>
100035a2:	2361      	movs	r3, #97	@ 0x61
100035a4:	e7d7      	b.n	10003556 <_ntoa_long_long+0x40>
100035a6:	2600      	movs	r6, #0
100035a8:	f8cd a018 	str.w	sl, [sp, #24]
100035ac:	9b25      	ldr	r3, [sp, #148]	@ 0x94
100035ae:	9305      	str	r3, [sp, #20]
100035b0:	9b24      	ldr	r3, [sp, #144]	@ 0x90
100035b2:	9304      	str	r3, [sp, #16]
100035b4:	f8cd 800c 	str.w	r8, [sp, #12]
100035b8:	f89d 3080 	ldrb.w	r3, [sp, #128]	@ 0x80
100035bc:	9302      	str	r3, [sp, #8]
100035be:	9601      	str	r6, [sp, #4]
100035c0:	ab0c      	add	r3, sp, #48	@ 0x30
100035c2:	9300      	str	r3, [sp, #0]
100035c4:	9b0b      	ldr	r3, [sp, #44]	@ 0x2c
100035c6:	9a0a      	ldr	r2, [sp, #40]	@ 0x28
100035c8:	9909      	ldr	r1, [sp, #36]	@ 0x24
100035ca:	4658      	mov	r0, fp
100035cc:	f7ff fea6 	bl	1000331c <_ntoa_format>
100035d0:	b015      	add	sp, #84	@ 0x54
100035d2:	e8bd 8ff0 	ldmia.w	sp!, {r4, r5, r6, r7, r8, r9, sl, fp, pc}
	...

100035d8 <_etoa>:
100035d8:	e92d 4ff0 	stmdb	sp!, {r4, r5, r6, r7, r8, r9, sl, fp, lr}
100035dc:	b093      	sub	sp, #76	@ 0x4c
100035de:	4604      	mov	r4, r0
100035e0:	460d      	mov	r5, r1
100035e2:	920e      	str	r2, [sp, #56]	@ 0x38
100035e4:	461e      	mov	r6, r3
100035e6:	e9dd 891c 	ldrd	r8, r9, [sp, #112]	@ 0x70
100035ea:	4642      	mov	r2, r8
100035ec:	464b      	mov	r3, r9
100035ee:	4640      	mov	r0, r8
100035f0:	4649      	mov	r1, r9
100035f2:	f7ff fdd3 	bl	1000319c <__wrap___aeabi_dcmpun>
100035f6:	2800      	cmp	r0, #0
100035f8:	f040 80fe 	bne.w	100037f8 <_etoa+0x220>
100035fc:	f04f 32ff 	mov.w	r2, #4294967295	@ 0xffffffff
10003600:	4bb5      	ldr	r3, [pc, #724]	@ (100038d8 <_etoa+0x300>)
10003602:	4640      	mov	r0, r8
10003604:	4649      	mov	r1, r9
10003606:	f7ff fe17 	bl	10003238 <__wrap___aeabi_dcmpgt>
1000360a:	2800      	cmp	r0, #0
1000360c:	f040 80f4 	bne.w	100037f8 <_etoa+0x220>
10003610:	f04f 32ff 	mov.w	r2, #4294967295	@ 0xffffffff
10003614:	f46f 1380 	mvn.w	r3, #1048576	@ 0x100000
10003618:	4640      	mov	r0, r8
1000361a:	4649      	mov	r1, r9
1000361c:	f7ff fdd0 	bl	100031c0 <__wrap___aeabi_dcmplt>
10003620:	2800      	cmp	r0, #0
10003622:	f040 80e9 	bne.w	100037f8 <_etoa+0x220>
10003626:	2200      	movs	r2, #0
10003628:	2300      	movs	r3, #0
1000362a:	4640      	mov	r0, r8
1000362c:	4649      	mov	r1, r9
1000362e:	f7ff fdc7 	bl	100031c0 <__wrap___aeabi_dcmplt>
10003632:	2800      	cmp	r0, #0
10003634:	f040 80f1 	bne.w	1000381a <_etoa+0x242>
10003638:	e9cd 8906 	strd	r8, r9, [sp, #24]
1000363c:	9b20      	ldr	r3, [sp, #128]	@ 0x80
1000363e:	f413 6380 	ands.w	r3, r3, #1024	@ 0x400
10003642:	930f      	str	r3, [sp, #60]	@ 0x3c
10003644:	d101      	bne.n	1000364a <_etoa+0x72>
10003646:	2306      	movs	r3, #6
10003648:	931e      	str	r3, [sp, #120]	@ 0x78
1000364a:	e9dd ab06 	ldrd	sl, fp, [sp, #24]
1000364e:	4652      	mov	r2, sl
10003650:	465b      	mov	r3, fp
10003652:	e9cd 230a 	strd	r2, r3, [sp, #40]	@ 0x28
10003656:	9b07      	ldr	r3, [sp, #28]
10003658:	ea5a 0103 	orrs.w	r1, sl, r3
1000365c:	f000 80e7 	beq.w	1000382e <_etoa+0x256>
10003660:	f3c3 500a 	ubfx	r0, r3, #20, #11
10003664:	f3c3 0313 	ubfx	r3, r3, #0, #20
10003668:	f04f 0a00 	mov.w	sl, #0
1000366c:	f04f 0b00 	mov.w	fp, #0
10003670:	e9cd ab08 	strd	sl, fp, [sp, #32]
10003674:	9208      	str	r2, [sp, #32]
10003676:	f043 537f 	orr.w	r3, r3, #1069547520	@ 0x3fc00000
1000367a:	9309      	str	r3, [sp, #36]	@ 0x24
1000367c:	f443 1340 	orr.w	r3, r3, #3145728	@ 0x300000
10003680:	9309      	str	r3, [sp, #36]	@ 0x24
10003682:	f2a0 30ff 	subw	r0, r0, #1023	@ 0x3ff
10003686:	f7ff fd41 	bl	1000310c <__wrap___aeabi_i2d>
1000368a:	a381      	add	r3, pc, #516	@ (adr r3, 10003890 <_etoa+0x2b8>)
1000368c:	e9d3 2300 	ldrd	r2, r3, [r3]
10003690:	f7ff fcc8 	bl	10003024 <__wrap___aeabi_dmul>
10003694:	a380      	add	r3, pc, #512	@ (adr r3, 10003898 <_etoa+0x2c0>)
10003696:	e9d3 2300 	ldrd	r2, r3, [r3]
1000369a:	f7ff fc9b 	bl	10002fd4 <__wrap___aeabi_dadd>
1000369e:	4682      	mov	sl, r0
100036a0:	468b      	mov	fp, r1
100036a2:	2200      	movs	r2, #0
100036a4:	4b8d      	ldr	r3, [pc, #564]	@ (100038dc <_etoa+0x304>)
100036a6:	e9dd 0108 	ldrd	r0, r1, [sp, #32]
100036aa:	f7ff fca7 	bl	10002ffc <__wrap___aeabi_dsub>
100036ae:	a37c      	add	r3, pc, #496	@ (adr r3, 100038a0 <_etoa+0x2c8>)
100036b0:	e9d3 2300 	ldrd	r2, r3, [r3]
100036b4:	f7ff fcb6 	bl	10003024 <__wrap___aeabi_dmul>
100036b8:	4602      	mov	r2, r0
100036ba:	460b      	mov	r3, r1
100036bc:	4650      	mov	r0, sl
100036be:	4659      	mov	r1, fp
100036c0:	f7ff fc88 	bl	10002fd4 <__wrap___aeabi_dadd>
100036c4:	f7ff fd46 	bl	10003154 <__wrap___aeabi_d2iz>
100036c8:	9008      	str	r0, [sp, #32]
100036ca:	f7ff fd1f 	bl	1000310c <__wrap___aeabi_i2d>
100036ce:	4682      	mov	sl, r0
100036d0:	468b      	mov	fp, r1
100036d2:	a375      	add	r3, pc, #468	@ (adr r3, 100038a8 <_etoa+0x2d0>)
100036d4:	e9d3 2300 	ldrd	r2, r3, [r3]
100036d8:	f7ff fca4 	bl	10003024 <__wrap___aeabi_dmul>
100036dc:	2200      	movs	r2, #0
100036de:	4b80      	ldr	r3, [pc, #512]	@ (100038e0 <_etoa+0x308>)
100036e0:	f7ff fc78 	bl	10002fd4 <__wrap___aeabi_dadd>
100036e4:	f7ff fd36 	bl	10003154 <__wrap___aeabi_d2iz>
100036e8:	4607      	mov	r7, r0
100036ea:	a371      	add	r3, pc, #452	@ (adr r3, 100038b0 <_etoa+0x2d8>)
100036ec:	e9d3 2300 	ldrd	r2, r3, [r3]
100036f0:	4650      	mov	r0, sl
100036f2:	4659      	mov	r1, fp
100036f4:	f7ff fc96 	bl	10003024 <__wrap___aeabi_dmul>
100036f8:	4682      	mov	sl, r0
100036fa:	468b      	mov	fp, r1
100036fc:	4638      	mov	r0, r7
100036fe:	f7ff fd05 	bl	1000310c <__wrap___aeabi_i2d>
10003702:	a36d      	add	r3, pc, #436	@ (adr r3, 100038b8 <_etoa+0x2e0>)
10003704:	e9d3 2300 	ldrd	r2, r3, [r3]
10003708:	f7ff fc8c 	bl	10003024 <__wrap___aeabi_dmul>
1000370c:	4602      	mov	r2, r0
1000370e:	460b      	mov	r3, r1
10003710:	4650      	mov	r0, sl
10003712:	4659      	mov	r1, fp
10003714:	f7ff fc72 	bl	10002ffc <__wrap___aeabi_dsub>
10003718:	4602      	mov	r2, r0
1000371a:	460b      	mov	r3, r1
1000371c:	4682      	mov	sl, r0
1000371e:	468b      	mov	fp, r1
10003720:	f7ff fc80 	bl	10003024 <__wrap___aeabi_dmul>
10003724:	e9cd 010c 	strd	r0, r1, [sp, #48]	@ 0x30
10003728:	f207 33ff 	addw	r3, r7, #1023	@ 0x3ff
1000372c:	2100      	movs	r1, #0
1000372e:	2200      	movs	r2, #0
10003730:	e9cd 120a 	strd	r1, r2, [sp, #40]	@ 0x28
10003734:	051b      	lsls	r3, r3, #20
10003736:	930b      	str	r3, [sp, #44]	@ 0x2c
10003738:	2300      	movs	r3, #0
1000373a:	930a      	str	r3, [sp, #40]	@ 0x28
1000373c:	4650      	mov	r0, sl
1000373e:	4659      	mov	r1, fp
10003740:	4652      	mov	r2, sl
10003742:	465b      	mov	r3, fp
10003744:	f7ff fc46 	bl	10002fd4 <__wrap___aeabi_dadd>
10003748:	e9cd 0110 	strd	r0, r1, [sp, #64]	@ 0x40
1000374c:	4652      	mov	r2, sl
1000374e:	465b      	mov	r3, fp
10003750:	2000      	movs	r0, #0
10003752:	f04f 4180 	mov.w	r1, #1073741824	@ 0x40000000
10003756:	f7ff fc51 	bl	10002ffc <__wrap___aeabi_dsub>
1000375a:	4682      	mov	sl, r0
1000375c:	468b      	mov	fp, r1
1000375e:	2200      	movs	r2, #0
10003760:	4b60      	ldr	r3, [pc, #384]	@ (100038e4 <_etoa+0x30c>)
10003762:	e9dd 010c 	ldrd	r0, r1, [sp, #48]	@ 0x30
10003766:	f7ff fc83 	bl	10003070 <__wrap___aeabi_ddiv>
1000376a:	2200      	movs	r2, #0
1000376c:	4b5e      	ldr	r3, [pc, #376]	@ (100038e8 <_etoa+0x310>)
1000376e:	f7ff fc31 	bl	10002fd4 <__wrap___aeabi_dadd>
10003772:	4602      	mov	r2, r0
10003774:	460b      	mov	r3, r1
10003776:	e9dd 010c 	ldrd	r0, r1, [sp, #48]	@ 0x30
1000377a:	f7ff fc79 	bl	10003070 <__wrap___aeabi_ddiv>
1000377e:	2200      	movs	r2, #0
10003780:	4b5a      	ldr	r3, [pc, #360]	@ (100038ec <_etoa+0x314>)
10003782:	f7ff fc27 	bl	10002fd4 <__wrap___aeabi_dadd>
10003786:	4602      	mov	r2, r0
10003788:	460b      	mov	r3, r1
1000378a:	e9dd 010c 	ldrd	r0, r1, [sp, #48]	@ 0x30
1000378e:	f7ff fc6f 	bl	10003070 <__wrap___aeabi_ddiv>
10003792:	4602      	mov	r2, r0
10003794:	460b      	mov	r3, r1
10003796:	4650      	mov	r0, sl
10003798:	4659      	mov	r1, fp
1000379a:	f7ff fc1b 	bl	10002fd4 <__wrap___aeabi_dadd>
1000379e:	4602      	mov	r2, r0
100037a0:	460b      	mov	r3, r1
100037a2:	e9dd 0110 	ldrd	r0, r1, [sp, #64]	@ 0x40
100037a6:	f7ff fc63 	bl	10003070 <__wrap___aeabi_ddiv>
100037aa:	2200      	movs	r2, #0
100037ac:	4b50      	ldr	r3, [pc, #320]	@ (100038f0 <_etoa+0x318>)
100037ae:	f7ff fc11 	bl	10002fd4 <__wrap___aeabi_dadd>
100037b2:	e9dd 230a 	ldrd	r2, r3, [sp, #40]	@ 0x28
100037b6:	f7ff fc35 	bl	10003024 <__wrap___aeabi_dmul>
100037ba:	4602      	mov	r2, r0
100037bc:	460b      	mov	r3, r1
100037be:	e9cd 230c 	strd	r2, r3, [sp, #48]	@ 0x30
100037c2:	e9dd ab0c 	ldrd	sl, fp, [sp, #48]	@ 0x30
100037c6:	e9cd ab0a 	strd	sl, fp, [sp, #40]	@ 0x28
100037ca:	e9dd 2306 	ldrd	r2, r3, [sp, #24]
100037ce:	f7ff fd33 	bl	10003238 <__wrap___aeabi_dcmpgt>
100037d2:	b150      	cbz	r0, 100037ea <_etoa+0x212>
100037d4:	9b08      	ldr	r3, [sp, #32]
100037d6:	3b01      	subs	r3, #1
100037d8:	9308      	str	r3, [sp, #32]
100037da:	2200      	movs	r2, #0
100037dc:	4b42      	ldr	r3, [pc, #264]	@ (100038e8 <_etoa+0x310>)
100037de:	e9dd 010c 	ldrd	r0, r1, [sp, #48]	@ 0x30
100037e2:	f7ff fc45 	bl	10003070 <__wrap___aeabi_ddiv>
100037e6:	e9cd 010a 	strd	r0, r1, [sp, #40]	@ 0x28
100037ea:	9b08      	ldr	r3, [sp, #32]
100037ec:	3363      	adds	r3, #99	@ 0x63
100037ee:	2bc6      	cmp	r3, #198	@ 0xc6
100037f0:	d848      	bhi.n	10003884 <_etoa+0x2ac>
100037f2:	2304      	movs	r3, #4
100037f4:	461f      	mov	r7, r3
100037f6:	e01e      	b.n	10003836 <_etoa+0x25e>
100037f8:	9b20      	ldr	r3, [sp, #128]	@ 0x80
100037fa:	9304      	str	r3, [sp, #16]
100037fc:	9b1f      	ldr	r3, [sp, #124]	@ 0x7c
100037fe:	9303      	str	r3, [sp, #12]
10003800:	9b1e      	ldr	r3, [sp, #120]	@ 0x78
10003802:	9302      	str	r3, [sp, #8]
10003804:	e9cd 8900 	strd	r8, r9, [sp]
10003808:	4633      	mov	r3, r6
1000380a:	9a0e      	ldr	r2, [sp, #56]	@ 0x38
1000380c:	4629      	mov	r1, r5
1000380e:	4620      	mov	r0, r4
10003810:	f000 f902 	bl	10003a18 <_ftoa>
10003814:	b013      	add	sp, #76	@ 0x4c
10003816:	e8bd 8ff0 	ldmia.w	sp!, {r4, r5, r6, r7, r8, r9, sl, fp, pc}
1000381a:	ed9f 7b29 	vldr	d7, [pc, #164]	@ 100038c0 <_etoa+0x2e8>
1000381e:	ed8d 7b06 	vstr	d7, [sp, #24]
10003822:	f8cd 8018 	str.w	r8, [sp, #24]
10003826:	f109 4300 	add.w	r3, r9, #2147483648	@ 0x80000000
1000382a:	9307      	str	r3, [sp, #28]
1000382c:	e706      	b.n	1000363c <_etoa+0x64>
1000382e:	2300      	movs	r3, #0
10003830:	9308      	str	r3, [sp, #32]
10003832:	2304      	movs	r3, #4
10003834:	461f      	mov	r7, r3
10003836:	9b20      	ldr	r3, [sp, #128]	@ 0x80
10003838:	f413 6f00 	tst.w	r3, #2048	@ 0x800
1000383c:	d063      	beq.n	10003906 <_etoa+0x32e>
1000383e:	e9dd 120a 	ldrd	r1, r2, [sp, #40]	@ 0x28
10003842:	4613      	mov	r3, r2
10003844:	430b      	orrs	r3, r1
10003846:	d015      	beq.n	10003874 <_etoa+0x29c>
10003848:	a31f      	add	r3, pc, #124	@ (adr r3, 100038c8 <_etoa+0x2f0>)
1000384a:	e9d3 2300 	ldrd	r2, r3, [r3]
1000384e:	e9dd ab06 	ldrd	sl, fp, [sp, #24]
10003852:	4650      	mov	r0, sl
10003854:	4659      	mov	r1, fp
10003856:	f7ff fcdb 	bl	10003210 <__wrap___aeabi_dcmpge>
1000385a:	2800      	cmp	r0, #0
1000385c:	f000 80b6 	beq.w	100039cc <_etoa+0x3f4>
10003860:	a31b      	add	r3, pc, #108	@ (adr r3, 100038d0 <_etoa+0x2f8>)
10003862:	e9d3 2300 	ldrd	r2, r3, [r3]
10003866:	4650      	mov	r0, sl
10003868:	4659      	mov	r1, fp
1000386a:	f7ff fca9 	bl	100031c0 <__wrap___aeabi_dcmplt>
1000386e:	2800      	cmp	r0, #0
10003870:	f000 80ac 	beq.w	100039cc <_etoa+0x3f4>
10003874:	9a1e      	ldr	r2, [sp, #120]	@ 0x78
10003876:	9b08      	ldr	r3, [sp, #32]
10003878:	429a      	cmp	r2, r3
1000387a:	dd3b      	ble.n	100038f4 <_etoa+0x31c>
1000387c:	1ad3      	subs	r3, r2, r3
1000387e:	3b01      	subs	r3, #1
10003880:	931e      	str	r3, [sp, #120]	@ 0x78
10003882:	e039      	b.n	100038f8 <_etoa+0x320>
10003884:	2305      	movs	r3, #5
10003886:	461f      	mov	r7, r3
10003888:	e7d5      	b.n	10003836 <_etoa+0x25e>
1000388a:	bf00      	nop
1000388c:	f3af 8000 	nop.w
10003890:	509f79fb 	.word	0x509f79fb
10003894:	3fd34413 	.word	0x3fd34413
10003898:	8b60c8b3 	.word	0x8b60c8b3
1000389c:	3fc68a28 	.word	0x3fc68a28
100038a0:	636f4361 	.word	0x636f4361
100038a4:	3fd287a7 	.word	0x3fd287a7
100038a8:	0979a371 	.word	0x0979a371
100038ac:	400a934f 	.word	0x400a934f
100038b0:	bbb55516 	.word	0xbbb55516
100038b4:	40026bb1 	.word	0x40026bb1
100038b8:	fefa39ef 	.word	0xfefa39ef
100038bc:	3fe62e42 	.word	0x3fe62e42
	...
100038c8:	eb1c432d 	.word	0xeb1c432d
100038cc:	3f1a36e2 	.word	0x3f1a36e2
100038d0:	00000000 	.word	0x00000000
100038d4:	412e8480 	.word	0x412e8480
100038d8:	7fefffff 	.word	0x7fefffff
100038dc:	3ff80000 	.word	0x3ff80000
100038e0:	3fe00000 	.word	0x3fe00000
100038e4:	402c0000 	.word	0x402c0000
100038e8:	40240000 	.word	0x40240000
100038ec:	40180000 	.word	0x40180000
100038f0:	3ff00000 	.word	0x3ff00000
100038f4:	2300      	movs	r3, #0
100038f6:	931e      	str	r3, [sp, #120]	@ 0x78
100038f8:	9b20      	ldr	r3, [sp, #128]	@ 0x80
100038fa:	f443 6380 	orr.w	r3, r3, #1024	@ 0x400
100038fe:	9320      	str	r3, [sp, #128]	@ 0x80
10003900:	2300      	movs	r3, #0
10003902:	461f      	mov	r7, r3
10003904:	9308      	str	r3, [sp, #32]
10003906:	9a1f      	ldr	r2, [sp, #124]	@ 0x7c
10003908:	4297      	cmp	r7, r2
1000390a:	d269      	bcs.n	100039e0 <_etoa+0x408>
1000390c:	1bd3      	subs	r3, r2, r7
1000390e:	469a      	mov	sl, r3
10003910:	9b20      	ldr	r3, [sp, #128]	@ 0x80
10003912:	f013 0302 	ands.w	r3, r3, #2
10003916:	469b      	mov	fp, r3
10003918:	d002      	beq.n	10003920 <_etoa+0x348>
1000391a:	b10f      	cbz	r7, 10003920 <_etoa+0x348>
1000391c:	2300      	movs	r3, #0
1000391e:	469a      	mov	sl, r3
10003920:	9b08      	ldr	r3, [sp, #32]
10003922:	b13b      	cbz	r3, 10003934 <_etoa+0x35c>
10003924:	e9dd 230a 	ldrd	r2, r3, [sp, #40]	@ 0x28
10003928:	e9dd 0106 	ldrd	r0, r1, [sp, #24]
1000392c:	f7ff fba0 	bl	10003070 <__wrap___aeabi_ddiv>
10003930:	e9cd 0106 	strd	r0, r1, [sp, #24]
10003934:	2200      	movs	r2, #0
10003936:	2300      	movs	r3, #0
10003938:	4640      	mov	r0, r8
1000393a:	4649      	mov	r1, r9
1000393c:	f7ff fc40 	bl	100031c0 <__wrap___aeabi_dcmplt>
10003940:	2800      	cmp	r0, #0
10003942:	d150      	bne.n	100039e6 <_etoa+0x40e>
10003944:	9b20      	ldr	r3, [sp, #128]	@ 0x80
10003946:	f423 6300 	bic.w	r3, r3, #2048	@ 0x800
1000394a:	9304      	str	r3, [sp, #16]
1000394c:	f8cd a00c 	str.w	sl, [sp, #12]
10003950:	9b1e      	ldr	r3, [sp, #120]	@ 0x78
10003952:	9302      	str	r3, [sp, #8]
10003954:	ed9d 7b06 	vldr	d7, [sp, #24]
10003958:	ed8d 7b00 	vstr	d7, [sp]
1000395c:	4633      	mov	r3, r6
1000395e:	9a0e      	ldr	r2, [sp, #56]	@ 0x38
10003960:	4629      	mov	r1, r5
10003962:	4620      	mov	r0, r4
10003964:	f000 f858 	bl	10003a18 <_ftoa>
10003968:	2f00      	cmp	r7, #0
1000396a:	f43f af53 	beq.w	10003814 <_etoa+0x23c>
1000396e:	9b20      	ldr	r3, [sp, #128]	@ 0x80
10003970:	f013 0f20 	tst.w	r3, #32
10003974:	d03f      	beq.n	100039f6 <_etoa+0x41e>
10003976:	f04f 0c45 	mov.w	ip, #69	@ 0x45
1000397a:	f100 0801 	add.w	r8, r0, #1
1000397e:	4633      	mov	r3, r6
10003980:	4602      	mov	r2, r0
10003982:	4629      	mov	r1, r5
10003984:	4660      	mov	r0, ip
10003986:	47a0      	blx	r4
10003988:	9908      	ldr	r1, [sp, #32]
1000398a:	ea81 72e1 	eor.w	r2, r1, r1, asr #31
1000398e:	eba2 72e1 	sub.w	r2, r2, r1, asr #31
10003992:	2305      	movs	r3, #5
10003994:	9305      	str	r3, [sp, #20]
10003996:	1e7b      	subs	r3, r7, #1
10003998:	9304      	str	r3, [sp, #16]
1000399a:	2300      	movs	r3, #0
1000399c:	9303      	str	r3, [sp, #12]
1000399e:	230a      	movs	r3, #10
100039a0:	9302      	str	r3, [sp, #8]
100039a2:	0fcb      	lsrs	r3, r1, #31
100039a4:	9301      	str	r3, [sp, #4]
100039a6:	9200      	str	r2, [sp, #0]
100039a8:	4633      	mov	r3, r6
100039aa:	4642      	mov	r2, r8
100039ac:	4629      	mov	r1, r5
100039ae:	4620      	mov	r0, r4
100039b0:	f7ff fd61 	bl	10003476 <_ntoa_long>
100039b4:	465b      	mov	r3, fp
100039b6:	2b00      	cmp	r3, #0
100039b8:	f43f af2c 	beq.w	10003814 <_etoa+0x23c>
100039bc:	4602      	mov	r2, r0
100039be:	f8dd 9038 	ldr.w	r9, [sp, #56]	@ 0x38
100039c2:	4637      	mov	r7, r6
100039c4:	462e      	mov	r6, r5
100039c6:	4625      	mov	r5, r4
100039c8:	9c1f      	ldr	r4, [sp, #124]	@ 0x7c
100039ca:	e01e      	b.n	10003a0a <_etoa+0x432>
100039cc:	9b1e      	ldr	r3, [sp, #120]	@ 0x78
100039ce:	2b00      	cmp	r3, #0
100039d0:	d099      	beq.n	10003906 <_etoa+0x32e>
100039d2:	9b0f      	ldr	r3, [sp, #60]	@ 0x3c
100039d4:	2b00      	cmp	r3, #0
100039d6:	d096      	beq.n	10003906 <_etoa+0x32e>
100039d8:	9b1e      	ldr	r3, [sp, #120]	@ 0x78
100039da:	3b01      	subs	r3, #1
100039dc:	931e      	str	r3, [sp, #120]	@ 0x78
100039de:	e792      	b.n	10003906 <_etoa+0x32e>
100039e0:	2300      	movs	r3, #0
100039e2:	469a      	mov	sl, r3
100039e4:	e794      	b.n	10003910 <_etoa+0x338>
100039e6:	e9dd 0106 	ldrd	r0, r1, [sp, #24]
100039ea:	4602      	mov	r2, r0
100039ec:	f101 4300 	add.w	r3, r1, #2147483648	@ 0x80000000
100039f0:	e9cd 2306 	strd	r2, r3, [sp, #24]
100039f4:	e7a6      	b.n	10003944 <_etoa+0x36c>
100039f6:	f04f 0c65 	mov.w	ip, #101	@ 0x65
100039fa:	e7be      	b.n	1000397a <_etoa+0x3a2>
100039fc:	f102 0801 	add.w	r8, r2, #1
10003a00:	463b      	mov	r3, r7
10003a02:	4631      	mov	r1, r6
10003a04:	2020      	movs	r0, #32
10003a06:	47a8      	blx	r5
10003a08:	4642      	mov	r2, r8
10003a0a:	eba2 0309 	sub.w	r3, r2, r9
10003a0e:	42a3      	cmp	r3, r4
10003a10:	d3f4      	bcc.n	100039fc <_etoa+0x424>
10003a12:	4610      	mov	r0, r2
10003a14:	e6fe      	b.n	10003814 <_etoa+0x23c>
10003a16:	bf00      	nop

10003a18 <_ftoa>:
10003a18:	e92d 4ff0 	stmdb	sp!, {r4, r5, r6, r7, r8, r9, sl, fp, lr}
10003a1c:	ed2d 8b02 	vpush	{d8}
10003a20:	b095      	sub	sp, #84	@ 0x54
10003a22:	9007      	str	r0, [sp, #28]
10003a24:	9108      	str	r1, [sp, #32]
10003a26:	9209      	str	r2, [sp, #36]	@ 0x24
10003a28:	930a      	str	r3, [sp, #40]	@ 0x28
10003a2a:	e9dd 8920 	ldrd	r8, r9, [sp, #128]	@ 0x80
10003a2e:	9d22      	ldr	r5, [sp, #136]	@ 0x88
10003a30:	4642      	mov	r2, r8
10003a32:	464b      	mov	r3, r9
10003a34:	4640      	mov	r0, r8
10003a36:	4649      	mov	r1, r9
10003a38:	f7ff fbb0 	bl	1000319c <__wrap___aeabi_dcmpun>
10003a3c:	2800      	cmp	r0, #0
10003a3e:	d134      	bne.n	10003aaa <_ftoa+0x92>
10003a40:	f04f 32ff 	mov.w	r2, #4294967295	@ 0xffffffff
10003a44:	f46f 1380 	mvn.w	r3, #1048576	@ 0x100000
10003a48:	4640      	mov	r0, r8
10003a4a:	4649      	mov	r1, r9
10003a4c:	f7ff fbb8 	bl	100031c0 <__wrap___aeabi_dcmplt>
10003a50:	2800      	cmp	r0, #0
10003a52:	d139      	bne.n	10003ac8 <_ftoa+0xb0>
10003a54:	f04f 32ff 	mov.w	r2, #4294967295	@ 0xffffffff
10003a58:	4ba9      	ldr	r3, [pc, #676]	@ (10003d00 <_ftoa+0x2e8>)
10003a5a:	4640      	mov	r0, r8
10003a5c:	4649      	mov	r1, r9
10003a5e:	f7ff fbeb 	bl	10003238 <__wrap___aeabi_dcmpgt>
10003a62:	2800      	cmp	r0, #0
10003a64:	d13f      	bne.n	10003ae6 <_ftoa+0xce>
10003a66:	a3a2      	add	r3, pc, #648	@ (adr r3, 10003cf0 <_ftoa+0x2d8>)
10003a68:	e9d3 2300 	ldrd	r2, r3, [r3]
10003a6c:	4640      	mov	r0, r8
10003a6e:	4649      	mov	r1, r9
10003a70:	f7ff fbe2 	bl	10003238 <__wrap___aeabi_dcmpgt>
10003a74:	2800      	cmp	r0, #0
10003a76:	d14c      	bne.n	10003b12 <_ftoa+0xfa>
10003a78:	a39f      	add	r3, pc, #636	@ (adr r3, 10003cf8 <_ftoa+0x2e0>)
10003a7a:	e9d3 2300 	ldrd	r2, r3, [r3]
10003a7e:	4640      	mov	r0, r8
10003a80:	4649      	mov	r1, r9
10003a82:	f7ff fb9d 	bl	100031c0 <__wrap___aeabi_dcmplt>
10003a86:	2800      	cmp	r0, #0
10003a88:	d143      	bne.n	10003b12 <_ftoa+0xfa>
10003a8a:	2200      	movs	r2, #0
10003a8c:	2300      	movs	r3, #0
10003a8e:	4640      	mov	r0, r8
10003a90:	4649      	mov	r1, r9
10003a92:	f7ff fb95 	bl	100031c0 <__wrap___aeabi_dcmplt>
10003a96:	2800      	cmp	r0, #0
10003a98:	d149      	bne.n	10003b2e <_ftoa+0x116>
10003a9a:	900b      	str	r0, [sp, #44]	@ 0x2c
10003a9c:	9b24      	ldr	r3, [sp, #144]	@ 0x90
10003a9e:	f413 6f80 	tst.w	r3, #1024	@ 0x400
10003aa2:	f000 80b5 	beq.w	10003c10 <_ftoa+0x1f8>
10003aa6:	2400      	movs	r4, #0
10003aa8:	e054      	b.n	10003b54 <_ftoa+0x13c>
10003aaa:	9b24      	ldr	r3, [sp, #144]	@ 0x90
10003aac:	9303      	str	r3, [sp, #12]
10003aae:	9b23      	ldr	r3, [sp, #140]	@ 0x8c
10003ab0:	9302      	str	r3, [sp, #8]
10003ab2:	2303      	movs	r3, #3
10003ab4:	9301      	str	r3, [sp, #4]
10003ab6:	4b93      	ldr	r3, [pc, #588]	@ (10003d04 <_ftoa+0x2ec>)
10003ab8:	9300      	str	r3, [sp, #0]
10003aba:	9b0a      	ldr	r3, [sp, #40]	@ 0x28
10003abc:	9a09      	ldr	r2, [sp, #36]	@ 0x24
10003abe:	9908      	ldr	r1, [sp, #32]
10003ac0:	9807      	ldr	r0, [sp, #28]
10003ac2:	f7ff fbe4 	bl	1000328e <_out_rev>
10003ac6:	e150      	b.n	10003d6a <_ftoa+0x352>
10003ac8:	9b24      	ldr	r3, [sp, #144]	@ 0x90
10003aca:	9303      	str	r3, [sp, #12]
10003acc:	9b23      	ldr	r3, [sp, #140]	@ 0x8c
10003ace:	9302      	str	r3, [sp, #8]
10003ad0:	2304      	movs	r3, #4
10003ad2:	9301      	str	r3, [sp, #4]
10003ad4:	4b8c      	ldr	r3, [pc, #560]	@ (10003d08 <_ftoa+0x2f0>)
10003ad6:	9300      	str	r3, [sp, #0]
10003ad8:	9b0a      	ldr	r3, [sp, #40]	@ 0x28
10003ada:	9a09      	ldr	r2, [sp, #36]	@ 0x24
10003adc:	9908      	ldr	r1, [sp, #32]
10003ade:	9807      	ldr	r0, [sp, #28]
10003ae0:	f7ff fbd5 	bl	1000328e <_out_rev>
10003ae4:	e141      	b.n	10003d6a <_ftoa+0x352>
10003ae6:	9b24      	ldr	r3, [sp, #144]	@ 0x90
10003ae8:	f013 0f04 	tst.w	r3, #4
10003aec:	d00e      	beq.n	10003b0c <_ftoa+0xf4>
10003aee:	4b87      	ldr	r3, [pc, #540]	@ (10003d0c <_ftoa+0x2f4>)
10003af0:	2204      	movs	r2, #4
10003af2:	9924      	ldr	r1, [sp, #144]	@ 0x90
10003af4:	9103      	str	r1, [sp, #12]
10003af6:	9923      	ldr	r1, [sp, #140]	@ 0x8c
10003af8:	9102      	str	r1, [sp, #8]
10003afa:	9201      	str	r2, [sp, #4]
10003afc:	9300      	str	r3, [sp, #0]
10003afe:	9b0a      	ldr	r3, [sp, #40]	@ 0x28
10003b00:	9a09      	ldr	r2, [sp, #36]	@ 0x24
10003b02:	9908      	ldr	r1, [sp, #32]
10003b04:	9807      	ldr	r0, [sp, #28]
10003b06:	f7ff fbc2 	bl	1000328e <_out_rev>
10003b0a:	e12e      	b.n	10003d6a <_ftoa+0x352>
10003b0c:	4b80      	ldr	r3, [pc, #512]	@ (10003d10 <_ftoa+0x2f8>)
10003b0e:	2203      	movs	r2, #3
10003b10:	e7ef      	b.n	10003af2 <_ftoa+0xda>
10003b12:	9b24      	ldr	r3, [sp, #144]	@ 0x90
10003b14:	9304      	str	r3, [sp, #16]
10003b16:	9b23      	ldr	r3, [sp, #140]	@ 0x8c
10003b18:	9303      	str	r3, [sp, #12]
10003b1a:	9502      	str	r5, [sp, #8]
10003b1c:	e9cd 8900 	strd	r8, r9, [sp]
10003b20:	9b0a      	ldr	r3, [sp, #40]	@ 0x28
10003b22:	9a09      	ldr	r2, [sp, #36]	@ 0x24
10003b24:	9908      	ldr	r1, [sp, #32]
10003b26:	9807      	ldr	r0, [sp, #28]
10003b28:	f7ff fd56 	bl	100035d8 <_etoa>
10003b2c:	e11d      	b.n	10003d6a <_ftoa+0x352>
10003b2e:	4642      	mov	r2, r8
10003b30:	464b      	mov	r3, r9
10003b32:	2000      	movs	r0, #0
10003b34:	2100      	movs	r1, #0
10003b36:	f7ff fa61 	bl	10002ffc <__wrap___aeabi_dsub>
10003b3a:	4680      	mov	r8, r0
10003b3c:	4689      	mov	r9, r1
10003b3e:	2301      	movs	r3, #1
10003b40:	930b      	str	r3, [sp, #44]	@ 0x2c
10003b42:	e7ab      	b.n	10003a9c <_ftoa+0x84>
10003b44:	f104 0350 	add.w	r3, r4, #80	@ 0x50
10003b48:	446b      	add	r3, sp
10003b4a:	2230      	movs	r2, #48	@ 0x30
10003b4c:	f803 2c20 	strb.w	r2, [r3, #-32]
10003b50:	3d01      	subs	r5, #1
10003b52:	3401      	adds	r4, #1
10003b54:	2c1f      	cmp	r4, #31
10003b56:	d801      	bhi.n	10003b5c <_ftoa+0x144>
10003b58:	2d09      	cmp	r5, #9
10003b5a:	d8f3      	bhi.n	10003b44 <_ftoa+0x12c>
10003b5c:	4640      	mov	r0, r8
10003b5e:	4649      	mov	r1, r9
10003b60:	f7ff faf8 	bl	10003154 <__wrap___aeabi_d2iz>
10003b64:	4606      	mov	r6, r0
10003b66:	f7ff fad1 	bl	1000310c <__wrap___aeabi_i2d>
10003b6a:	4602      	mov	r2, r0
10003b6c:	460b      	mov	r3, r1
10003b6e:	4640      	mov	r0, r8
10003b70:	4649      	mov	r1, r9
10003b72:	f7ff fa43 	bl	10002ffc <__wrap___aeabi_dsub>
10003b76:	4b67      	ldr	r3, [pc, #412]	@ (10003d14 <_ftoa+0x2fc>)
10003b78:	eb03 03c5 	add.w	r3, r3, r5, lsl #3
10003b7c:	ed93 7b00 	vldr	d7, [r3]
10003b80:	eeb0 8a47 	vmov.f32	s16, s14
10003b84:	eef0 8a67 	vmov.f32	s17, s15
10003b88:	ec53 2b17 	vmov	r2, r3, d7
10003b8c:	f7ff fa4a 	bl	10003024 <__wrap___aeabi_dmul>
10003b90:	4682      	mov	sl, r0
10003b92:	468b      	mov	fp, r1
10003b94:	f7ff faf0 	bl	10003178 <__wrap___aeabi_d2uiz>
10003b98:	4607      	mov	r7, r0
10003b9a:	f7ff fac9 	bl	10003130 <__wrap___aeabi_ui2d>
10003b9e:	4602      	mov	r2, r0
10003ba0:	460b      	mov	r3, r1
10003ba2:	4650      	mov	r0, sl
10003ba4:	4659      	mov	r1, fp
10003ba6:	f7ff fa29 	bl	10002ffc <__wrap___aeabi_dsub>
10003baa:	4682      	mov	sl, r0
10003bac:	468b      	mov	fp, r1
10003bae:	2200      	movs	r2, #0
10003bb0:	4b59      	ldr	r3, [pc, #356]	@ (10003d18 <_ftoa+0x300>)
10003bb2:	f7ff fb41 	bl	10003238 <__wrap___aeabi_dcmpgt>
10003bb6:	b368      	cbz	r0, 10003c14 <_ftoa+0x1fc>
10003bb8:	3701      	adds	r7, #1
10003bba:	4638      	mov	r0, r7
10003bbc:	f7ff fab8 	bl	10003130 <__wrap___aeabi_ui2d>
10003bc0:	4602      	mov	r2, r0
10003bc2:	460b      	mov	r3, r1
10003bc4:	ec51 0b18 	vmov	r0, r1, d8
10003bc8:	f7ff fb0e 	bl	100031e8 <__wrap___aeabi_dcmple>
10003bcc:	b108      	cbz	r0, 10003bd2 <_ftoa+0x1ba>
10003bce:	3601      	adds	r6, #1
10003bd0:	2700      	movs	r7, #0
10003bd2:	bb6d      	cbnz	r5, 10003c30 <_ftoa+0x218>
10003bd4:	4630      	mov	r0, r6
10003bd6:	f7ff fa99 	bl	1000310c <__wrap___aeabi_i2d>
10003bda:	4602      	mov	r2, r0
10003bdc:	460b      	mov	r3, r1
10003bde:	4640      	mov	r0, r8
10003be0:	4649      	mov	r1, r9
10003be2:	f7ff fa0b 	bl	10002ffc <__wrap___aeabi_dsub>
10003be6:	4680      	mov	r8, r0
10003be8:	4689      	mov	r9, r1
10003bea:	2200      	movs	r2, #0
10003bec:	4b4a      	ldr	r3, [pc, #296]	@ (10003d18 <_ftoa+0x300>)
10003bee:	f7ff fae7 	bl	100031c0 <__wrap___aeabi_dcmplt>
10003bf2:	2800      	cmp	r0, #0
10003bf4:	d14c      	bne.n	10003c90 <_ftoa+0x278>
10003bf6:	2200      	movs	r2, #0
10003bf8:	4b47      	ldr	r3, [pc, #284]	@ (10003d18 <_ftoa+0x300>)
10003bfa:	4640      	mov	r0, r8
10003bfc:	4649      	mov	r1, r9
10003bfe:	f7ff fb1b 	bl	10003238 <__wrap___aeabi_dcmpgt>
10003c02:	2800      	cmp	r0, #0
10003c04:	d144      	bne.n	10003c90 <_ftoa+0x278>
10003c06:	f016 0f01 	tst.w	r6, #1
10003c0a:	d041      	beq.n	10003c90 <_ftoa+0x278>
10003c0c:	3601      	adds	r6, #1
10003c0e:	e03f      	b.n	10003c90 <_ftoa+0x278>
10003c10:	2506      	movs	r5, #6
10003c12:	e748      	b.n	10003aa6 <_ftoa+0x8e>
10003c14:	2200      	movs	r2, #0
10003c16:	4b40      	ldr	r3, [pc, #256]	@ (10003d18 <_ftoa+0x300>)
10003c18:	4650      	mov	r0, sl
10003c1a:	4659      	mov	r1, fp
10003c1c:	f7ff fad0 	bl	100031c0 <__wrap___aeabi_dcmplt>
10003c20:	2800      	cmp	r0, #0
10003c22:	d1d6      	bne.n	10003bd2 <_ftoa+0x1ba>
10003c24:	b117      	cbz	r7, 10003c2c <_ftoa+0x214>
10003c26:	f017 0f01 	tst.w	r7, #1
10003c2a:	d0d2      	beq.n	10003bd2 <_ftoa+0x1ba>
10003c2c:	3701      	adds	r7, #1
10003c2e:	e7d0      	b.n	10003bd2 <_ftoa+0x1ba>
10003c30:	2c1f      	cmp	r4, #31
10003c32:	d817      	bhi.n	10003c64 <_ftoa+0x24c>
10003c34:	3d01      	subs	r5, #1
10003c36:	4b39      	ldr	r3, [pc, #228]	@ (10003d1c <_ftoa+0x304>)
10003c38:	fba3 2307 	umull	r2, r3, r3, r7
10003c3c:	08db      	lsrs	r3, r3, #3
10003c3e:	4619      	mov	r1, r3
10003c40:	eb03 0383 	add.w	r3, r3, r3, lsl #2
10003c44:	eba7 0343 	sub.w	r3, r7, r3, lsl #1
10003c48:	1c62      	adds	r2, r4, #1
10003c4a:	3330      	adds	r3, #48	@ 0x30
10003c4c:	f104 0050 	add.w	r0, r4, #80	@ 0x50
10003c50:	eb0d 0400 	add.w	r4, sp, r0
10003c54:	f804 3c20 	strb.w	r3, [r4, #-32]
10003c58:	2f09      	cmp	r7, #9
10003c5a:	d902      	bls.n	10003c62 <_ftoa+0x24a>
10003c5c:	460f      	mov	r7, r1
10003c5e:	4614      	mov	r4, r2
10003c60:	e7e6      	b.n	10003c30 <_ftoa+0x218>
10003c62:	4614      	mov	r4, r2
10003c64:	2c1f      	cmp	r4, #31
10003c66:	d80a      	bhi.n	10003c7e <_ftoa+0x266>
10003c68:	1e6b      	subs	r3, r5, #1
10003c6a:	b145      	cbz	r5, 10003c7e <_ftoa+0x266>
10003c6c:	f104 0250 	add.w	r2, r4, #80	@ 0x50
10003c70:	446a      	add	r2, sp
10003c72:	2130      	movs	r1, #48	@ 0x30
10003c74:	f802 1c20 	strb.w	r1, [r2, #-32]
10003c78:	461d      	mov	r5, r3
10003c7a:	3401      	adds	r4, #1
10003c7c:	e7f2      	b.n	10003c64 <_ftoa+0x24c>
10003c7e:	2c1f      	cmp	r4, #31
10003c80:	d806      	bhi.n	10003c90 <_ftoa+0x278>
10003c82:	f104 0350 	add.w	r3, r4, #80	@ 0x50
10003c86:	446b      	add	r3, sp
10003c88:	222e      	movs	r2, #46	@ 0x2e
10003c8a:	f803 2c20 	strb.w	r2, [r3, #-32]
10003c8e:	3401      	adds	r4, #1
10003c90:	2c1f      	cmp	r4, #31
10003c92:	d817      	bhi.n	10003cc4 <_ftoa+0x2ac>
10003c94:	4a22      	ldr	r2, [pc, #136]	@ (10003d20 <_ftoa+0x308>)
10003c96:	fb82 3206 	smull	r3, r2, r2, r6
10003c9a:	17f3      	asrs	r3, r6, #31
10003c9c:	ebc3 03a2 	rsb	r3, r3, r2, asr #2
10003ca0:	461a      	mov	r2, r3
10003ca2:	eb03 0383 	add.w	r3, r3, r3, lsl #2
10003ca6:	eba6 0343 	sub.w	r3, r6, r3, lsl #1
10003caa:	1c61      	adds	r1, r4, #1
10003cac:	3330      	adds	r3, #48	@ 0x30
10003cae:	f104 0050 	add.w	r0, r4, #80	@ 0x50
10003cb2:	eb0d 0400 	add.w	r4, sp, r0
10003cb6:	f804 3c20 	strb.w	r3, [r4, #-32]
10003cba:	4616      	mov	r6, r2
10003cbc:	b10a      	cbz	r2, 10003cc2 <_ftoa+0x2aa>
10003cbe:	460c      	mov	r4, r1
10003cc0:	e7e6      	b.n	10003c90 <_ftoa+0x278>
10003cc2:	460c      	mov	r4, r1
10003cc4:	9b24      	ldr	r3, [sp, #144]	@ 0x90
10003cc6:	f013 0f02 	tst.w	r3, #2
10003cca:	d136      	bne.n	10003d3a <_ftoa+0x322>
10003ccc:	f013 0f01 	tst.w	r3, #1
10003cd0:	d033      	beq.n	10003d3a <_ftoa+0x322>
10003cd2:	9b23      	ldr	r3, [sp, #140]	@ 0x8c
10003cd4:	2b00      	cmp	r3, #0
10003cd6:	d04d      	beq.n	10003d74 <_ftoa+0x35c>
10003cd8:	9b0b      	ldr	r3, [sp, #44]	@ 0x2c
10003cda:	b91b      	cbnz	r3, 10003ce4 <_ftoa+0x2cc>
10003cdc:	9b24      	ldr	r3, [sp, #144]	@ 0x90
10003cde:	f013 0f0c 	tst.w	r3, #12
10003ce2:	d049      	beq.n	10003d78 <_ftoa+0x360>
10003ce4:	9b23      	ldr	r3, [sp, #140]	@ 0x8c
10003ce6:	3b01      	subs	r3, #1
10003ce8:	9323      	str	r3, [sp, #140]	@ 0x8c
10003cea:	4619      	mov	r1, r3
10003cec:	e021      	b.n	10003d32 <_ftoa+0x31a>
10003cee:	bf00      	nop
10003cf0:	00000000 	.word	0x00000000
10003cf4:	41cdcd65 	.word	0x41cdcd65
10003cf8:	00000000 	.word	0x00000000
10003cfc:	c1cdcd65 	.word	0xc1cdcd65
10003d00:	7fefffff 	.word	0x7fefffff
10003d04:	10007e1c 	.word	0x10007e1c
10003d08:	10007e20 	.word	0x10007e20
10003d0c:	10007e10 	.word	0x10007e10
10003d10:	10007e18 	.word	0x10007e18
10003d14:	10008488 	.word	0x10008488
10003d18:	3fe00000 	.word	0x3fe00000
10003d1c:	cccccccd 	.word	0xcccccccd
10003d20:	66666667 	.word	0x66666667
10003d24:	f104 0350 	add.w	r3, r4, #80	@ 0x50
10003d28:	446b      	add	r3, sp
10003d2a:	2230      	movs	r2, #48	@ 0x30
10003d2c:	f803 2c20 	strb.w	r2, [r3, #-32]
10003d30:	3401      	adds	r4, #1
10003d32:	428c      	cmp	r4, r1
10003d34:	d201      	bcs.n	10003d3a <_ftoa+0x322>
10003d36:	2c1f      	cmp	r4, #31
10003d38:	d9f4      	bls.n	10003d24 <_ftoa+0x30c>
10003d3a:	2c1f      	cmp	r4, #31
10003d3c:	d808      	bhi.n	10003d50 <_ftoa+0x338>
10003d3e:	9b0b      	ldr	r3, [sp, #44]	@ 0x2c
10003d40:	b1e3      	cbz	r3, 10003d7c <_ftoa+0x364>
10003d42:	f104 0350 	add.w	r3, r4, #80	@ 0x50
10003d46:	446b      	add	r3, sp
10003d48:	222d      	movs	r2, #45	@ 0x2d
10003d4a:	f803 2c20 	strb.w	r2, [r3, #-32]
10003d4e:	3401      	adds	r4, #1
10003d50:	9b24      	ldr	r3, [sp, #144]	@ 0x90
10003d52:	9303      	str	r3, [sp, #12]
10003d54:	9b23      	ldr	r3, [sp, #140]	@ 0x8c
10003d56:	9302      	str	r3, [sp, #8]
10003d58:	9401      	str	r4, [sp, #4]
10003d5a:	ab0c      	add	r3, sp, #48	@ 0x30
10003d5c:	9300      	str	r3, [sp, #0]
10003d5e:	9b0a      	ldr	r3, [sp, #40]	@ 0x28
10003d60:	9a09      	ldr	r2, [sp, #36]	@ 0x24
10003d62:	9908      	ldr	r1, [sp, #32]
10003d64:	9807      	ldr	r0, [sp, #28]
10003d66:	f7ff fa92 	bl	1000328e <_out_rev>
10003d6a:	b015      	add	sp, #84	@ 0x54
10003d6c:	ecbd 8b02 	vpop	{d8}
10003d70:	e8bd 8ff0 	ldmia.w	sp!, {r4, r5, r6, r7, r8, r9, sl, fp, pc}
10003d74:	9923      	ldr	r1, [sp, #140]	@ 0x8c
10003d76:	e7dc      	b.n	10003d32 <_ftoa+0x31a>
10003d78:	9923      	ldr	r1, [sp, #140]	@ 0x8c
10003d7a:	e7da      	b.n	10003d32 <_ftoa+0x31a>
10003d7c:	9b24      	ldr	r3, [sp, #144]	@ 0x90
10003d7e:	f013 0f04 	tst.w	r3, #4
10003d82:	d007      	beq.n	10003d94 <_ftoa+0x37c>
10003d84:	f104 0350 	add.w	r3, r4, #80	@ 0x50
10003d88:	446b      	add	r3, sp
10003d8a:	222b      	movs	r2, #43	@ 0x2b
10003d8c:	f803 2c20 	strb.w	r2, [r3, #-32]
10003d90:	3401      	adds	r4, #1
10003d92:	e7dd      	b.n	10003d50 <_ftoa+0x338>
10003d94:	9b24      	ldr	r3, [sp, #144]	@ 0x90
10003d96:	f013 0f08 	tst.w	r3, #8
10003d9a:	d0d9      	beq.n	10003d50 <_ftoa+0x338>
10003d9c:	f104 0350 	add.w	r3, r4, #80	@ 0x50
10003da0:	446b      	add	r3, sp
10003da2:	2220      	movs	r2, #32
10003da4:	f803 2c20 	strb.w	r2, [r3, #-32]
10003da8:	3401      	adds	r4, #1
10003daa:	e7d1      	b.n	10003d50 <_ftoa+0x338>

10003dac <_vsnprintf>:
10003dac:	e92d 4ff0 	stmdb	sp!, {r4, r5, r6, r7, r8, r9, sl, fp, lr}
10003db0:	b08f      	sub	sp, #60	@ 0x3c
10003db2:	4680      	mov	r8, r0
10003db4:	4617      	mov	r7, r2
10003db6:	930d      	str	r3, [sp, #52]	@ 0x34
10003db8:	4689      	mov	r9, r1
10003dba:	2900      	cmp	r1, #0
10003dbc:	f000 82f6 	beq.w	100043ac <_vsnprintf+0x600>
10003dc0:	2600      	movs	r6, #0
10003dc2:	9b0d      	ldr	r3, [sp, #52]	@ 0x34
10003dc4:	7818      	ldrb	r0, [r3, #0]
10003dc6:	2800      	cmp	r0, #0
10003dc8:	f000 82f3 	beq.w	100043b2 <_vsnprintf+0x606>
10003dcc:	2825      	cmp	r0, #37	@ 0x25
10003dce:	d009      	beq.n	10003de4 <_vsnprintf+0x38>
10003dd0:	1c74      	adds	r4, r6, #1
10003dd2:	463b      	mov	r3, r7
10003dd4:	4632      	mov	r2, r6
10003dd6:	4649      	mov	r1, r9
10003dd8:	47c0      	blx	r8
10003dda:	9b0d      	ldr	r3, [sp, #52]	@ 0x34
10003ddc:	3301      	adds	r3, #1
10003dde:	930d      	str	r3, [sp, #52]	@ 0x34
10003de0:	4626      	mov	r6, r4
10003de2:	e7ee      	b.n	10003dc2 <_vsnprintf+0x16>
10003de4:	3301      	adds	r3, #1
10003de6:	930d      	str	r3, [sp, #52]	@ 0x34
10003de8:	2500      	movs	r5, #0
10003dea:	e011      	b.n	10003e10 <_vsnprintf+0x64>
10003dec:	2a20      	cmp	r2, #32
10003dee:	d024      	beq.n	10003e3a <_vsnprintf+0x8e>
10003df0:	2a23      	cmp	r2, #35	@ 0x23
10003df2:	d105      	bne.n	10003e00 <_vsnprintf+0x54>
10003df4:	f045 0510 	orr.w	r5, r5, #16
10003df8:	3301      	adds	r3, #1
10003dfa:	930d      	str	r3, [sp, #52]	@ 0x34
10003dfc:	2301      	movs	r3, #1
10003dfe:	e006      	b.n	10003e0e <_vsnprintf+0x62>
10003e00:	2300      	movs	r3, #0
10003e02:	e004      	b.n	10003e0e <_vsnprintf+0x62>
10003e04:	f045 0502 	orr.w	r5, r5, #2
10003e08:	3301      	adds	r3, #1
10003e0a:	930d      	str	r3, [sp, #52]	@ 0x34
10003e0c:	2301      	movs	r3, #1
10003e0e:	b1e3      	cbz	r3, 10003e4a <_vsnprintf+0x9e>
10003e10:	9b0d      	ldr	r3, [sp, #52]	@ 0x34
10003e12:	781a      	ldrb	r2, [r3, #0]
10003e14:	2a2b      	cmp	r2, #43	@ 0x2b
10003e16:	d00a      	beq.n	10003e2e <_vsnprintf+0x82>
10003e18:	d9e8      	bls.n	10003dec <_vsnprintf+0x40>
10003e1a:	2a2d      	cmp	r2, #45	@ 0x2d
10003e1c:	d0f2      	beq.n	10003e04 <_vsnprintf+0x58>
10003e1e:	2a30      	cmp	r2, #48	@ 0x30
10003e20:	d111      	bne.n	10003e46 <_vsnprintf+0x9a>
10003e22:	f045 0501 	orr.w	r5, r5, #1
10003e26:	3301      	adds	r3, #1
10003e28:	930d      	str	r3, [sp, #52]	@ 0x34
10003e2a:	2301      	movs	r3, #1
10003e2c:	e7ef      	b.n	10003e0e <_vsnprintf+0x62>
10003e2e:	f045 0504 	orr.w	r5, r5, #4
10003e32:	3301      	adds	r3, #1
10003e34:	930d      	str	r3, [sp, #52]	@ 0x34
10003e36:	2301      	movs	r3, #1
10003e38:	e7e9      	b.n	10003e0e <_vsnprintf+0x62>
10003e3a:	f045 0508 	orr.w	r5, r5, #8
10003e3e:	3301      	adds	r3, #1
10003e40:	930d      	str	r3, [sp, #52]	@ 0x34
10003e42:	2301      	movs	r3, #1
10003e44:	e7e3      	b.n	10003e0e <_vsnprintf+0x62>
10003e46:	2300      	movs	r3, #0
10003e48:	e7e1      	b.n	10003e0e <_vsnprintf+0x62>
10003e4a:	930a      	str	r3, [sp, #40]	@ 0x28
10003e4c:	9b0d      	ldr	r3, [sp, #52]	@ 0x34
10003e4e:	781a      	ldrb	r2, [r3, #0]
10003e50:	f1a2 0330 	sub.w	r3, r2, #48	@ 0x30
10003e54:	b2db      	uxtb	r3, r3
10003e56:	2b09      	cmp	r3, #9
10003e58:	d915      	bls.n	10003e86 <_vsnprintf+0xda>
10003e5a:	2a2a      	cmp	r2, #42	@ 0x2a
10003e5c:	d018      	beq.n	10003e90 <_vsnprintf+0xe4>
10003e5e:	f8dd b028 	ldr.w	fp, [sp, #40]	@ 0x28
10003e62:	9b0d      	ldr	r3, [sp, #52]	@ 0x34
10003e64:	781a      	ldrb	r2, [r3, #0]
10003e66:	2a2e      	cmp	r2, #46	@ 0x2e
10003e68:	d022      	beq.n	10003eb0 <_vsnprintf+0x104>
10003e6a:	9b0d      	ldr	r3, [sp, #52]	@ 0x34
10003e6c:	781a      	ldrb	r2, [r3, #0]
10003e6e:	2a6c      	cmp	r2, #108	@ 0x6c
10003e70:	d043      	beq.n	10003efa <_vsnprintf+0x14e>
10003e72:	d939      	bls.n	10003ee8 <_vsnprintf+0x13c>
10003e74:	2a74      	cmp	r2, #116	@ 0x74
10003e76:	d05c      	beq.n	10003f32 <_vsnprintf+0x186>
10003e78:	2a7a      	cmp	r2, #122	@ 0x7a
10003e7a:	d15e      	bne.n	10003f3a <_vsnprintf+0x18e>
10003e7c:	f445 7580 	orr.w	r5, r5, #256	@ 0x100
10003e80:	3301      	adds	r3, #1
10003e82:	930d      	str	r3, [sp, #52]	@ 0x34
10003e84:	e059      	b.n	10003f3a <_vsnprintf+0x18e>
10003e86:	a80d      	add	r0, sp, #52	@ 0x34
10003e88:	f7ff f9ee 	bl	10003268 <_atoi>
10003e8c:	4683      	mov	fp, r0
10003e8e:	e7e8      	b.n	10003e62 <_vsnprintf+0xb6>
10003e90:	9b18      	ldr	r3, [sp, #96]	@ 0x60
10003e92:	1d1a      	adds	r2, r3, #4
10003e94:	9218      	str	r2, [sp, #96]	@ 0x60
10003e96:	681b      	ldr	r3, [r3, #0]
10003e98:	2b00      	cmp	r3, #0
10003e9a:	db04      	blt.n	10003ea6 <_vsnprintf+0xfa>
10003e9c:	469b      	mov	fp, r3
10003e9e:	9b0d      	ldr	r3, [sp, #52]	@ 0x34
10003ea0:	3301      	adds	r3, #1
10003ea2:	930d      	str	r3, [sp, #52]	@ 0x34
10003ea4:	e7dd      	b.n	10003e62 <_vsnprintf+0xb6>
10003ea6:	f045 0502 	orr.w	r5, r5, #2
10003eaa:	f1c3 0b00 	rsb	fp, r3, #0
10003eae:	e7f6      	b.n	10003e9e <_vsnprintf+0xf2>
10003eb0:	f445 6580 	orr.w	r5, r5, #1024	@ 0x400
10003eb4:	1c5a      	adds	r2, r3, #1
10003eb6:	920d      	str	r2, [sp, #52]	@ 0x34
10003eb8:	785a      	ldrb	r2, [r3, #1]
10003eba:	f1a2 0330 	sub.w	r3, r2, #48	@ 0x30
10003ebe:	b2db      	uxtb	r3, r3
10003ec0:	2b09      	cmp	r3, #9
10003ec2:	d90c      	bls.n	10003ede <_vsnprintf+0x132>
10003ec4:	2a2a      	cmp	r2, #42	@ 0x2a
10003ec6:	d1d0      	bne.n	10003e6a <_vsnprintf+0xbe>
10003ec8:	9b18      	ldr	r3, [sp, #96]	@ 0x60
10003eca:	1d1a      	adds	r2, r3, #4
10003ecc:	9218      	str	r2, [sp, #96]	@ 0x60
10003ece:	681c      	ldr	r4, [r3, #0]
10003ed0:	ea24 73e4 	bic.w	r3, r4, r4, asr #31
10003ed4:	930a      	str	r3, [sp, #40]	@ 0x28
10003ed6:	9b0d      	ldr	r3, [sp, #52]	@ 0x34
10003ed8:	3301      	adds	r3, #1
10003eda:	930d      	str	r3, [sp, #52]	@ 0x34
10003edc:	e7c5      	b.n	10003e6a <_vsnprintf+0xbe>
10003ede:	a80d      	add	r0, sp, #52	@ 0x34
10003ee0:	f7ff f9c2 	bl	10003268 <_atoi>
10003ee4:	900a      	str	r0, [sp, #40]	@ 0x28
10003ee6:	e7c0      	b.n	10003e6a <_vsnprintf+0xbe>
10003ee8:	2a68      	cmp	r2, #104	@ 0x68
10003eea:	d014      	beq.n	10003f16 <_vsnprintf+0x16a>
10003eec:	2a6a      	cmp	r2, #106	@ 0x6a
10003eee:	d124      	bne.n	10003f3a <_vsnprintf+0x18e>
10003ef0:	f445 7500 	orr.w	r5, r5, #512	@ 0x200
10003ef4:	3301      	adds	r3, #1
10003ef6:	930d      	str	r3, [sp, #52]	@ 0x34
10003ef8:	e01f      	b.n	10003f3a <_vsnprintf+0x18e>
10003efa:	f445 7180 	orr.w	r1, r5, #256	@ 0x100
10003efe:	1c5a      	adds	r2, r3, #1
10003f00:	920d      	str	r2, [sp, #52]	@ 0x34
10003f02:	785a      	ldrb	r2, [r3, #1]
10003f04:	2a6c      	cmp	r2, #108	@ 0x6c
10003f06:	d001      	beq.n	10003f0c <_vsnprintf+0x160>
10003f08:	460d      	mov	r5, r1
10003f0a:	e016      	b.n	10003f3a <_vsnprintf+0x18e>
10003f0c:	f445 7540 	orr.w	r5, r5, #768	@ 0x300
10003f10:	3302      	adds	r3, #2
10003f12:	930d      	str	r3, [sp, #52]	@ 0x34
10003f14:	e011      	b.n	10003f3a <_vsnprintf+0x18e>
10003f16:	f045 0180 	orr.w	r1, r5, #128	@ 0x80
10003f1a:	1c5a      	adds	r2, r3, #1
10003f1c:	920d      	str	r2, [sp, #52]	@ 0x34
10003f1e:	785a      	ldrb	r2, [r3, #1]
10003f20:	2a68      	cmp	r2, #104	@ 0x68
10003f22:	d001      	beq.n	10003f28 <_vsnprintf+0x17c>
10003f24:	460d      	mov	r5, r1
10003f26:	e008      	b.n	10003f3a <_vsnprintf+0x18e>
10003f28:	f045 05c0 	orr.w	r5, r5, #192	@ 0xc0
10003f2c:	3302      	adds	r3, #2
10003f2e:	930d      	str	r3, [sp, #52]	@ 0x34
10003f30:	e003      	b.n	10003f3a <_vsnprintf+0x18e>
10003f32:	f445 7580 	orr.w	r5, r5, #256	@ 0x100
10003f36:	3301      	adds	r3, #1
10003f38:	930d      	str	r3, [sp, #52]	@ 0x34
10003f3a:	9b0d      	ldr	r3, [sp, #52]	@ 0x34
10003f3c:	7818      	ldrb	r0, [r3, #0]
10003f3e:	2865      	cmp	r0, #101	@ 0x65
10003f40:	d03d      	beq.n	10003fbe <_vsnprintf+0x212>
10003f42:	d871      	bhi.n	10004028 <_vsnprintf+0x27c>
10003f44:	2846      	cmp	r0, #70	@ 0x46
10003f46:	f000 8087 	beq.w	10004058 <_vsnprintf+0x2ac>
10003f4a:	d918      	bls.n	10003f7e <_vsnprintf+0x1d2>
10003f4c:	2863      	cmp	r0, #99	@ 0x63
10003f4e:	d12f      	bne.n	10003fb0 <_vsnprintf+0x204>
10003f50:	f015 0502 	ands.w	r5, r5, #2
10003f54:	f000 81a4 	beq.w	100042a0 <_vsnprintf+0x4f4>
10003f58:	2401      	movs	r4, #1
10003f5a:	9818      	ldr	r0, [sp, #96]	@ 0x60
10003f5c:	1d03      	adds	r3, r0, #4
10003f5e:	9318      	str	r3, [sp, #96]	@ 0x60
10003f60:	f106 0a01 	add.w	sl, r6, #1
10003f64:	463b      	mov	r3, r7
10003f66:	4632      	mov	r2, r6
10003f68:	4649      	mov	r1, r9
10003f6a:	7800      	ldrb	r0, [r0, #0]
10003f6c:	47c0      	blx	r8
10003f6e:	2d00      	cmp	r5, #0
10003f70:	f040 8199 	bne.w	100042a6 <_vsnprintf+0x4fa>
10003f74:	9b0d      	ldr	r3, [sp, #52]	@ 0x34
10003f76:	3301      	adds	r3, #1
10003f78:	930d      	str	r3, [sp, #52]	@ 0x34
10003f7a:	4656      	mov	r6, sl
10003f7c:	e721      	b.n	10003dc2 <_vsnprintf+0x16>
10003f7e:	2825      	cmp	r0, #37	@ 0x25
10003f80:	d10a      	bne.n	10003f98 <_vsnprintf+0x1ec>
10003f82:	1c74      	adds	r4, r6, #1
10003f84:	463b      	mov	r3, r7
10003f86:	4632      	mov	r2, r6
10003f88:	4649      	mov	r1, r9
10003f8a:	2025      	movs	r0, #37	@ 0x25
10003f8c:	47c0      	blx	r8
10003f8e:	9b0d      	ldr	r3, [sp, #52]	@ 0x34
10003f90:	3301      	adds	r3, #1
10003f92:	930d      	str	r3, [sp, #52]	@ 0x34
10003f94:	4626      	mov	r6, r4
10003f96:	e714      	b.n	10003dc2 <_vsnprintf+0x16>
10003f98:	2845      	cmp	r0, #69	@ 0x45
10003f9a:	d010      	beq.n	10003fbe <_vsnprintf+0x212>
10003f9c:	1c74      	adds	r4, r6, #1
10003f9e:	463b      	mov	r3, r7
10003fa0:	4632      	mov	r2, r6
10003fa2:	4649      	mov	r1, r9
10003fa4:	47c0      	blx	r8
10003fa6:	9b0d      	ldr	r3, [sp, #52]	@ 0x34
10003fa8:	3301      	adds	r3, #1
10003faa:	930d      	str	r3, [sp, #52]	@ 0x34
10003fac:	4626      	mov	r6, r4
10003fae:	e708      	b.n	10003dc2 <_vsnprintf+0x16>
10003fb0:	d82c      	bhi.n	1000400c <_vsnprintf+0x260>
10003fb2:	2858      	cmp	r0, #88	@ 0x58
10003fb4:	d02c      	beq.n	10004010 <_vsnprintf+0x264>
10003fb6:	2862      	cmp	r0, #98	@ 0x62
10003fb8:	d02a      	beq.n	10004010 <_vsnprintf+0x264>
10003fba:	2847      	cmp	r0, #71	@ 0x47
10003fbc:	d1ee      	bne.n	10003f9c <_vsnprintf+0x1f0>
10003fbe:	2867      	cmp	r0, #103	@ 0x67
10003fc0:	d001      	beq.n	10003fc6 <_vsnprintf+0x21a>
10003fc2:	2847      	cmp	r0, #71	@ 0x47
10003fc4:	d101      	bne.n	10003fca <_vsnprintf+0x21e>
10003fc6:	f445 6500 	orr.w	r5, r5, #2048	@ 0x800
10003fca:	2845      	cmp	r0, #69	@ 0x45
10003fcc:	d001      	beq.n	10003fd2 <_vsnprintf+0x226>
10003fce:	2847      	cmp	r0, #71	@ 0x47
10003fd0:	d101      	bne.n	10003fd6 <_vsnprintf+0x22a>
10003fd2:	f045 0520 	orr.w	r5, r5, #32
10003fd6:	9b18      	ldr	r3, [sp, #96]	@ 0x60
10003fd8:	3307      	adds	r3, #7
10003fda:	f023 0307 	bic.w	r3, r3, #7
10003fde:	f103 0208 	add.w	r2, r3, #8
10003fe2:	9218      	str	r2, [sp, #96]	@ 0x60
10003fe4:	9504      	str	r5, [sp, #16]
10003fe6:	f8cd b00c 	str.w	fp, [sp, #12]
10003fea:	9a0a      	ldr	r2, [sp, #40]	@ 0x28
10003fec:	9202      	str	r2, [sp, #8]
10003fee:	e9d3 2300 	ldrd	r2, r3, [r3]
10003ff2:	e9cd 2300 	strd	r2, r3, [sp]
10003ff6:	463b      	mov	r3, r7
10003ff8:	4632      	mov	r2, r6
10003ffa:	4649      	mov	r1, r9
10003ffc:	4640      	mov	r0, r8
10003ffe:	f7ff faeb 	bl	100035d8 <_etoa>
10004002:	4606      	mov	r6, r0
10004004:	9b0d      	ldr	r3, [sp, #52]	@ 0x34
10004006:	3301      	adds	r3, #1
10004008:	930d      	str	r3, [sp, #52]	@ 0x34
1000400a:	e6da      	b.n	10003dc2 <_vsnprintf+0x16>
1000400c:	2864      	cmp	r0, #100	@ 0x64
1000400e:	d1c5      	bne.n	10003f9c <_vsnprintf+0x1f0>
10004010:	2878      	cmp	r0, #120	@ 0x78
10004012:	d04b      	beq.n	100040ac <_vsnprintf+0x300>
10004014:	2858      	cmp	r0, #88	@ 0x58
10004016:	d07c      	beq.n	10004112 <_vsnprintf+0x366>
10004018:	286f      	cmp	r0, #111	@ 0x6f
1000401a:	d07c      	beq.n	10004116 <_vsnprintf+0x36a>
1000401c:	2862      	cmp	r0, #98	@ 0x62
1000401e:	d07c      	beq.n	1000411a <_vsnprintf+0x36e>
10004020:	f025 0510 	bic.w	r5, r5, #16
10004024:	230a      	movs	r3, #10
10004026:	e042      	b.n	100040ae <_vsnprintf+0x302>
10004028:	2870      	cmp	r0, #112	@ 0x70
1000402a:	f000 81a4 	beq.w	10004376 <_vsnprintf+0x5ca>
1000402e:	d90e      	bls.n	1000404e <_vsnprintf+0x2a2>
10004030:	2873      	cmp	r0, #115	@ 0x73
10004032:	d134      	bne.n	1000409e <_vsnprintf+0x2f2>
10004034:	9b18      	ldr	r3, [sp, #96]	@ 0x60
10004036:	1d1a      	adds	r2, r3, #4
10004038:	9218      	str	r2, [sp, #96]	@ 0x60
1000403a:	f8d3 a000 	ldr.w	sl, [r3]
1000403e:	9b0a      	ldr	r3, [sp, #40]	@ 0x28
10004040:	2b00      	cmp	r3, #0
10004042:	f040 815a 	bne.w	100042fa <_vsnprintf+0x54e>
10004046:	f04f 32ff 	mov.w	r2, #4294967295	@ 0xffffffff
1000404a:	4653      	mov	r3, sl
1000404c:	e13b      	b.n	100042c6 <_vsnprintf+0x51a>
1000404e:	2867      	cmp	r0, #103	@ 0x67
10004050:	d0b5      	beq.n	10003fbe <_vsnprintf+0x212>
10004052:	d81f      	bhi.n	10004094 <_vsnprintf+0x2e8>
10004054:	2866      	cmp	r0, #102	@ 0x66
10004056:	d1a1      	bne.n	10003f9c <_vsnprintf+0x1f0>
10004058:	2846      	cmp	r0, #70	@ 0x46
1000405a:	f000 8111 	beq.w	10004280 <_vsnprintf+0x4d4>
1000405e:	9b18      	ldr	r3, [sp, #96]	@ 0x60
10004060:	3307      	adds	r3, #7
10004062:	f023 0307 	bic.w	r3, r3, #7
10004066:	f103 0208 	add.w	r2, r3, #8
1000406a:	9218      	str	r2, [sp, #96]	@ 0x60
1000406c:	9504      	str	r5, [sp, #16]
1000406e:	f8cd b00c 	str.w	fp, [sp, #12]
10004072:	9a0a      	ldr	r2, [sp, #40]	@ 0x28
10004074:	9202      	str	r2, [sp, #8]
10004076:	e9d3 2300 	ldrd	r2, r3, [r3]
1000407a:	e9cd 2300 	strd	r2, r3, [sp]
1000407e:	463b      	mov	r3, r7
10004080:	4632      	mov	r2, r6
10004082:	4649      	mov	r1, r9
10004084:	4640      	mov	r0, r8
10004086:	f7ff fcc7 	bl	10003a18 <_ftoa>
1000408a:	4606      	mov	r6, r0
1000408c:	9b0d      	ldr	r3, [sp, #52]	@ 0x34
1000408e:	3301      	adds	r3, #1
10004090:	930d      	str	r3, [sp, #52]	@ 0x34
10004092:	e696      	b.n	10003dc2 <_vsnprintf+0x16>
10004094:	2869      	cmp	r0, #105	@ 0x69
10004096:	d0bb      	beq.n	10004010 <_vsnprintf+0x264>
10004098:	286f      	cmp	r0, #111	@ 0x6f
1000409a:	d0b9      	beq.n	10004010 <_vsnprintf+0x264>
1000409c:	e77e      	b.n	10003f9c <_vsnprintf+0x1f0>
1000409e:	f4ff af7d 	bcc.w	10003f9c <_vsnprintf+0x1f0>
100040a2:	2875      	cmp	r0, #117	@ 0x75
100040a4:	d0b4      	beq.n	10004010 <_vsnprintf+0x264>
100040a6:	2878      	cmp	r0, #120	@ 0x78
100040a8:	d0b2      	beq.n	10004010 <_vsnprintf+0x264>
100040aa:	e777      	b.n	10003f9c <_vsnprintf+0x1f0>
100040ac:	2310      	movs	r3, #16
100040ae:	2858      	cmp	r0, #88	@ 0x58
100040b0:	d035      	beq.n	1000411e <_vsnprintf+0x372>
100040b2:	2869      	cmp	r0, #105	@ 0x69
100040b4:	d003      	beq.n	100040be <_vsnprintf+0x312>
100040b6:	2864      	cmp	r0, #100	@ 0x64
100040b8:	d001      	beq.n	100040be <_vsnprintf+0x312>
100040ba:	f025 050c 	bic.w	r5, r5, #12
100040be:	f415 6f80 	tst.w	r5, #1024	@ 0x400
100040c2:	d001      	beq.n	100040c8 <_vsnprintf+0x31c>
100040c4:	f025 0501 	bic.w	r5, r5, #1
100040c8:	2869      	cmp	r0, #105	@ 0x69
100040ca:	d02b      	beq.n	10004124 <_vsnprintf+0x378>
100040cc:	2864      	cmp	r0, #100	@ 0x64
100040ce:	d029      	beq.n	10004124 <_vsnprintf+0x378>
100040d0:	f415 7f00 	tst.w	r5, #512	@ 0x200
100040d4:	f040 8096 	bne.w	10004204 <_vsnprintf+0x458>
100040d8:	f415 7f80 	tst.w	r5, #256	@ 0x100
100040dc:	f040 80ae 	bne.w	1000423c <_vsnprintf+0x490>
100040e0:	f015 0f40 	tst.w	r5, #64	@ 0x40
100040e4:	f000 80bf 	beq.w	10004266 <_vsnprintf+0x4ba>
100040e8:	9a18      	ldr	r2, [sp, #96]	@ 0x60
100040ea:	1d11      	adds	r1, r2, #4
100040ec:	9118      	str	r1, [sp, #96]	@ 0x60
100040ee:	7812      	ldrb	r2, [r2, #0]
100040f0:	9505      	str	r5, [sp, #20]
100040f2:	f8cd b010 	str.w	fp, [sp, #16]
100040f6:	990a      	ldr	r1, [sp, #40]	@ 0x28
100040f8:	9103      	str	r1, [sp, #12]
100040fa:	9302      	str	r3, [sp, #8]
100040fc:	2300      	movs	r3, #0
100040fe:	9301      	str	r3, [sp, #4]
10004100:	9200      	str	r2, [sp, #0]
10004102:	463b      	mov	r3, r7
10004104:	4632      	mov	r2, r6
10004106:	4649      	mov	r1, r9
10004108:	4640      	mov	r0, r8
1000410a:	f7ff f9b4 	bl	10003476 <_ntoa_long>
1000410e:	4606      	mov	r6, r0
10004110:	e029      	b.n	10004166 <_vsnprintf+0x3ba>
10004112:	2310      	movs	r3, #16
10004114:	e7cb      	b.n	100040ae <_vsnprintf+0x302>
10004116:	2308      	movs	r3, #8
10004118:	e7c9      	b.n	100040ae <_vsnprintf+0x302>
1000411a:	2302      	movs	r3, #2
1000411c:	e7c7      	b.n	100040ae <_vsnprintf+0x302>
1000411e:	f045 0520 	orr.w	r5, r5, #32
10004122:	e7c6      	b.n	100040b2 <_vsnprintf+0x306>
10004124:	f415 7f00 	tst.w	r5, #512	@ 0x200
10004128:	d121      	bne.n	1000416e <_vsnprintf+0x3c2>
1000412a:	f415 7f80 	tst.w	r5, #256	@ 0x100
1000412e:	d142      	bne.n	100041b6 <_vsnprintf+0x40a>
10004130:	f015 0f40 	tst.w	r5, #64	@ 0x40
10004134:	d058      	beq.n	100041e8 <_vsnprintf+0x43c>
10004136:	9a18      	ldr	r2, [sp, #96]	@ 0x60
10004138:	1d11      	adds	r1, r2, #4
1000413a:	9118      	str	r1, [sp, #96]	@ 0x60
1000413c:	7812      	ldrb	r2, [r2, #0]
1000413e:	ea82 71e2 	eor.w	r1, r2, r2, asr #31
10004142:	eba1 71e2 	sub.w	r1, r1, r2, asr #31
10004146:	9505      	str	r5, [sp, #20]
10004148:	f8cd b010 	str.w	fp, [sp, #16]
1000414c:	980a      	ldr	r0, [sp, #40]	@ 0x28
1000414e:	9003      	str	r0, [sp, #12]
10004150:	9302      	str	r3, [sp, #8]
10004152:	0fd2      	lsrs	r2, r2, #31
10004154:	9201      	str	r2, [sp, #4]
10004156:	9100      	str	r1, [sp, #0]
10004158:	463b      	mov	r3, r7
1000415a:	4632      	mov	r2, r6
1000415c:	4649      	mov	r1, r9
1000415e:	4640      	mov	r0, r8
10004160:	f7ff f989 	bl	10003476 <_ntoa_long>
10004164:	4606      	mov	r6, r0
10004166:	9b0d      	ldr	r3, [sp, #52]	@ 0x34
10004168:	3301      	adds	r3, #1
1000416a:	930d      	str	r3, [sp, #52]	@ 0x34
1000416c:	e629      	b.n	10003dc2 <_vsnprintf+0x16>
1000416e:	9a18      	ldr	r2, [sp, #96]	@ 0x60
10004170:	3207      	adds	r2, #7
10004172:	f022 0207 	bic.w	r2, r2, #7
10004176:	f102 0108 	add.w	r1, r2, #8
1000417a:	9118      	str	r1, [sp, #96]	@ 0x60
1000417c:	6851      	ldr	r1, [r2, #4]
1000417e:	6812      	ldr	r2, [r2, #0]
10004180:	4608      	mov	r0, r1
10004182:	2900      	cmp	r1, #0
10004184:	db13      	blt.n	100041ae <_vsnprintf+0x402>
10004186:	9508      	str	r5, [sp, #32]
10004188:	f8cd b01c 	str.w	fp, [sp, #28]
1000418c:	9c0a      	ldr	r4, [sp, #40]	@ 0x28
1000418e:	9406      	str	r4, [sp, #24]
10004190:	9304      	str	r3, [sp, #16]
10004192:	2300      	movs	r3, #0
10004194:	9305      	str	r3, [sp, #20]
10004196:	0fc9      	lsrs	r1, r1, #31
10004198:	9102      	str	r1, [sp, #8]
1000419a:	9200      	str	r2, [sp, #0]
1000419c:	9001      	str	r0, [sp, #4]
1000419e:	463b      	mov	r3, r7
100041a0:	4632      	mov	r2, r6
100041a2:	4649      	mov	r1, r9
100041a4:	4640      	mov	r0, r8
100041a6:	f7ff f9b6 	bl	10003516 <_ntoa_long_long>
100041aa:	4606      	mov	r6, r0
100041ac:	e7db      	b.n	10004166 <_vsnprintf+0x3ba>
100041ae:	4252      	negs	r2, r2
100041b0:	eb61 0041 	sbc.w	r0, r1, r1, lsl #1
100041b4:	e7e7      	b.n	10004186 <_vsnprintf+0x3da>
100041b6:	9a18      	ldr	r2, [sp, #96]	@ 0x60
100041b8:	1d11      	adds	r1, r2, #4
100041ba:	9118      	str	r1, [sp, #96]	@ 0x60
100041bc:	6812      	ldr	r2, [r2, #0]
100041be:	ea82 71e2 	eor.w	r1, r2, r2, asr #31
100041c2:	eba1 71e2 	sub.w	r1, r1, r2, asr #31
100041c6:	9505      	str	r5, [sp, #20]
100041c8:	f8cd b010 	str.w	fp, [sp, #16]
100041cc:	980a      	ldr	r0, [sp, #40]	@ 0x28
100041ce:	9003      	str	r0, [sp, #12]
100041d0:	9302      	str	r3, [sp, #8]
100041d2:	0fd2      	lsrs	r2, r2, #31
100041d4:	9201      	str	r2, [sp, #4]
100041d6:	9100      	str	r1, [sp, #0]
100041d8:	463b      	mov	r3, r7
100041da:	4632      	mov	r2, r6
100041dc:	4649      	mov	r1, r9
100041de:	4640      	mov	r0, r8
100041e0:	f7ff f949 	bl	10003476 <_ntoa_long>
100041e4:	4606      	mov	r6, r0
100041e6:	e7be      	b.n	10004166 <_vsnprintf+0x3ba>
100041e8:	f015 0f80 	tst.w	r5, #128	@ 0x80
100041ec:	d005      	beq.n	100041fa <_vsnprintf+0x44e>
100041ee:	9a18      	ldr	r2, [sp, #96]	@ 0x60
100041f0:	1d11      	adds	r1, r2, #4
100041f2:	9118      	str	r1, [sp, #96]	@ 0x60
100041f4:	f9b2 2000 	ldrsh.w	r2, [r2]
100041f8:	e7a1      	b.n	1000413e <_vsnprintf+0x392>
100041fa:	9a18      	ldr	r2, [sp, #96]	@ 0x60
100041fc:	1d11      	adds	r1, r2, #4
100041fe:	9118      	str	r1, [sp, #96]	@ 0x60
10004200:	6812      	ldr	r2, [r2, #0]
10004202:	e79c      	b.n	1000413e <_vsnprintf+0x392>
10004204:	9a18      	ldr	r2, [sp, #96]	@ 0x60
10004206:	3207      	adds	r2, #7
10004208:	f022 0207 	bic.w	r2, r2, #7
1000420c:	f102 0108 	add.w	r1, r2, #8
10004210:	9118      	str	r1, [sp, #96]	@ 0x60
10004212:	9508      	str	r5, [sp, #32]
10004214:	f8cd b01c 	str.w	fp, [sp, #28]
10004218:	990a      	ldr	r1, [sp, #40]	@ 0x28
1000421a:	9106      	str	r1, [sp, #24]
1000421c:	2100      	movs	r1, #0
1000421e:	9304      	str	r3, [sp, #16]
10004220:	9105      	str	r1, [sp, #20]
10004222:	9102      	str	r1, [sp, #8]
10004224:	e9d2 2300 	ldrd	r2, r3, [r2]
10004228:	e9cd 2300 	strd	r2, r3, [sp]
1000422c:	463b      	mov	r3, r7
1000422e:	4632      	mov	r2, r6
10004230:	4649      	mov	r1, r9
10004232:	4640      	mov	r0, r8
10004234:	f7ff f96f 	bl	10003516 <_ntoa_long_long>
10004238:	4606      	mov	r6, r0
1000423a:	e794      	b.n	10004166 <_vsnprintf+0x3ba>
1000423c:	9a18      	ldr	r2, [sp, #96]	@ 0x60
1000423e:	1d11      	adds	r1, r2, #4
10004240:	9118      	str	r1, [sp, #96]	@ 0x60
10004242:	9505      	str	r5, [sp, #20]
10004244:	f8cd b010 	str.w	fp, [sp, #16]
10004248:	990a      	ldr	r1, [sp, #40]	@ 0x28
1000424a:	9103      	str	r1, [sp, #12]
1000424c:	9302      	str	r3, [sp, #8]
1000424e:	2300      	movs	r3, #0
10004250:	9301      	str	r3, [sp, #4]
10004252:	6813      	ldr	r3, [r2, #0]
10004254:	9300      	str	r3, [sp, #0]
10004256:	463b      	mov	r3, r7
10004258:	4632      	mov	r2, r6
1000425a:	4649      	mov	r1, r9
1000425c:	4640      	mov	r0, r8
1000425e:	f7ff f90a 	bl	10003476 <_ntoa_long>
10004262:	4606      	mov	r6, r0
10004264:	e77f      	b.n	10004166 <_vsnprintf+0x3ba>
10004266:	f015 0f80 	tst.w	r5, #128	@ 0x80
1000426a:	d004      	beq.n	10004276 <_vsnprintf+0x4ca>
1000426c:	9a18      	ldr	r2, [sp, #96]	@ 0x60
1000426e:	1d11      	adds	r1, r2, #4
10004270:	9118      	str	r1, [sp, #96]	@ 0x60
10004272:	8812      	ldrh	r2, [r2, #0]
10004274:	e73c      	b.n	100040f0 <_vsnprintf+0x344>
10004276:	9a18      	ldr	r2, [sp, #96]	@ 0x60
10004278:	1d11      	adds	r1, r2, #4
1000427a:	9118      	str	r1, [sp, #96]	@ 0x60
1000427c:	6812      	ldr	r2, [r2, #0]
1000427e:	e737      	b.n	100040f0 <_vsnprintf+0x344>
10004280:	f045 0520 	orr.w	r5, r5, #32
10004284:	e6eb      	b.n	1000405e <_vsnprintf+0x2b2>
10004286:	f102 0a01 	add.w	sl, r2, #1
1000428a:	463b      	mov	r3, r7
1000428c:	4649      	mov	r1, r9
1000428e:	2020      	movs	r0, #32
10004290:	47c0      	blx	r8
10004292:	4623      	mov	r3, r4
10004294:	4652      	mov	r2, sl
10004296:	1c5c      	adds	r4, r3, #1
10004298:	459b      	cmp	fp, r3
1000429a:	d8f4      	bhi.n	10004286 <_vsnprintf+0x4da>
1000429c:	4616      	mov	r6, r2
1000429e:	e65c      	b.n	10003f5a <_vsnprintf+0x1ae>
100042a0:	2301      	movs	r3, #1
100042a2:	4632      	mov	r2, r6
100042a4:	e7f7      	b.n	10004296 <_vsnprintf+0x4ea>
100042a6:	4652      	mov	r2, sl
100042a8:	e006      	b.n	100042b8 <_vsnprintf+0x50c>
100042aa:	1c56      	adds	r6, r2, #1
100042ac:	463b      	mov	r3, r7
100042ae:	4649      	mov	r1, r9
100042b0:	2020      	movs	r0, #32
100042b2:	47c0      	blx	r8
100042b4:	462c      	mov	r4, r5
100042b6:	4632      	mov	r2, r6
100042b8:	1c65      	adds	r5, r4, #1
100042ba:	45a3      	cmp	fp, r4
100042bc:	d8f5      	bhi.n	100042aa <_vsnprintf+0x4fe>
100042be:	4692      	mov	sl, r2
100042c0:	e658      	b.n	10003f74 <_vsnprintf+0x1c8>
100042c2:	3301      	adds	r3, #1
100042c4:	460a      	mov	r2, r1
100042c6:	7819      	ldrb	r1, [r3, #0]
100042c8:	b111      	cbz	r1, 100042d0 <_vsnprintf+0x524>
100042ca:	1e51      	subs	r1, r2, #1
100042cc:	2a00      	cmp	r2, #0
100042ce:	d1f8      	bne.n	100042c2 <_vsnprintf+0x516>
100042d0:	eba3 030a 	sub.w	r3, r3, sl
100042d4:	f415 6280 	ands.w	r2, r5, #1024	@ 0x400
100042d8:	920b      	str	r2, [sp, #44]	@ 0x2c
100042da:	d003      	beq.n	100042e4 <_vsnprintf+0x538>
100042dc:	9a0a      	ldr	r2, [sp, #40]	@ 0x28
100042de:	4293      	cmp	r3, r2
100042e0:	bf28      	it	cs
100042e2:	4613      	movcs	r3, r2
100042e4:	f015 0402 	ands.w	r4, r5, #2
100042e8:	d009      	beq.n	100042fe <_vsnprintf+0x552>
100042ea:	4632      	mov	r2, r6
100042ec:	9e0b      	ldr	r6, [sp, #44]	@ 0x2c
100042ee:	940b      	str	r4, [sp, #44]	@ 0x2c
100042f0:	f8cd b030 	str.w	fp, [sp, #48]	@ 0x30
100042f4:	9d0a      	ldr	r5, [sp, #40]	@ 0x28
100042f6:	469b      	mov	fp, r3
100042f8:	e01f      	b.n	1000433a <_vsnprintf+0x58e>
100042fa:	9a0a      	ldr	r2, [sp, #40]	@ 0x28
100042fc:	e6a5      	b.n	1000404a <_vsnprintf+0x29e>
100042fe:	4632      	mov	r2, r6
10004300:	4626      	mov	r6, r4
10004302:	e006      	b.n	10004312 <_vsnprintf+0x566>
10004304:	1c54      	adds	r4, r2, #1
10004306:	463b      	mov	r3, r7
10004308:	4649      	mov	r1, r9
1000430a:	2020      	movs	r0, #32
1000430c:	47c0      	blx	r8
1000430e:	462b      	mov	r3, r5
10004310:	4622      	mov	r2, r4
10004312:	1c5d      	adds	r5, r3, #1
10004314:	459b      	cmp	fp, r3
10004316:	d8f5      	bhi.n	10004304 <_vsnprintf+0x558>
10004318:	4634      	mov	r4, r6
1000431a:	462b      	mov	r3, r5
1000431c:	9e0b      	ldr	r6, [sp, #44]	@ 0x2c
1000431e:	940b      	str	r4, [sp, #44]	@ 0x2c
10004320:	f8cd b030 	str.w	fp, [sp, #48]	@ 0x30
10004324:	9d0a      	ldr	r5, [sp, #40]	@ 0x28
10004326:	469b      	mov	fp, r3
10004328:	e007      	b.n	1000433a <_vsnprintf+0x58e>
1000432a:	461d      	mov	r5, r3
1000432c:	f10a 0a01 	add.w	sl, sl, #1
10004330:	1c54      	adds	r4, r2, #1
10004332:	463b      	mov	r3, r7
10004334:	4649      	mov	r1, r9
10004336:	47c0      	blx	r8
10004338:	4622      	mov	r2, r4
1000433a:	f89a 0000 	ldrb.w	r0, [sl]
1000433e:	b120      	cbz	r0, 1000434a <_vsnprintf+0x59e>
10004340:	2e00      	cmp	r6, #0
10004342:	d0f3      	beq.n	1000432c <_vsnprintf+0x580>
10004344:	1e6b      	subs	r3, r5, #1
10004346:	2d00      	cmp	r5, #0
10004348:	d1ef      	bne.n	1000432a <_vsnprintf+0x57e>
1000434a:	4616      	mov	r6, r2
1000434c:	9c0b      	ldr	r4, [sp, #44]	@ 0x2c
1000434e:	465b      	mov	r3, fp
10004350:	f8dd b030 	ldr.w	fp, [sp, #48]	@ 0x30
10004354:	b954      	cbnz	r4, 1000436c <_vsnprintf+0x5c0>
10004356:	9b0d      	ldr	r3, [sp, #52]	@ 0x34
10004358:	3301      	adds	r3, #1
1000435a:	930d      	str	r3, [sp, #52]	@ 0x34
1000435c:	e531      	b.n	10003dc2 <_vsnprintf+0x16>
1000435e:	1c55      	adds	r5, r2, #1
10004360:	463b      	mov	r3, r7
10004362:	4649      	mov	r1, r9
10004364:	2020      	movs	r0, #32
10004366:	47c0      	blx	r8
10004368:	4623      	mov	r3, r4
1000436a:	462a      	mov	r2, r5
1000436c:	1c5c      	adds	r4, r3, #1
1000436e:	459b      	cmp	fp, r3
10004370:	d8f5      	bhi.n	1000435e <_vsnprintf+0x5b2>
10004372:	4616      	mov	r6, r2
10004374:	e7ef      	b.n	10004356 <_vsnprintf+0x5aa>
10004376:	f045 0521 	orr.w	r5, r5, #33	@ 0x21
1000437a:	9b18      	ldr	r3, [sp, #96]	@ 0x60
1000437c:	1d1a      	adds	r2, r3, #4
1000437e:	9218      	str	r2, [sp, #96]	@ 0x60
10004380:	681b      	ldr	r3, [r3, #0]
10004382:	9505      	str	r5, [sp, #20]
10004384:	2208      	movs	r2, #8
10004386:	9204      	str	r2, [sp, #16]
10004388:	9a0a      	ldr	r2, [sp, #40]	@ 0x28
1000438a:	9203      	str	r2, [sp, #12]
1000438c:	2210      	movs	r2, #16
1000438e:	9202      	str	r2, [sp, #8]
10004390:	2200      	movs	r2, #0
10004392:	9201      	str	r2, [sp, #4]
10004394:	9300      	str	r3, [sp, #0]
10004396:	463b      	mov	r3, r7
10004398:	4632      	mov	r2, r6
1000439a:	4649      	mov	r1, r9
1000439c:	4640      	mov	r0, r8
1000439e:	f7ff f86a 	bl	10003476 <_ntoa_long>
100043a2:	4606      	mov	r6, r0
100043a4:	9b0d      	ldr	r3, [sp, #52]	@ 0x34
100043a6:	3301      	adds	r3, #1
100043a8:	930d      	str	r3, [sp, #52]	@ 0x34
100043aa:	e50a      	b.n	10003dc2 <_vsnprintf+0x16>
100043ac:	f8df 801c 	ldr.w	r8, [pc, #28]	@ 100043cc <_vsnprintf+0x620>
100043b0:	e506      	b.n	10003dc0 <_vsnprintf+0x14>
100043b2:	42be      	cmp	r6, r7
100043b4:	d308      	bcc.n	100043c8 <_vsnprintf+0x61c>
100043b6:	1e7a      	subs	r2, r7, #1
100043b8:	463b      	mov	r3, r7
100043ba:	4649      	mov	r1, r9
100043bc:	2000      	movs	r0, #0
100043be:	47c0      	blx	r8
100043c0:	4630      	mov	r0, r6
100043c2:	b00f      	add	sp, #60	@ 0x3c
100043c4:	e8bd 8ff0 	ldmia.w	sp!, {r4, r5, r6, r7, r8, r9, sl, fp, pc}
100043c8:	4632      	mov	r2, r6
100043ca:	e7f5      	b.n	100043b8 <_vsnprintf+0x60c>
100043cc:	10003259 	.word	0x10003259

100043d0 <vfctprintf>:
100043d0:	b500      	push	{lr}
100043d2:	b085      	sub	sp, #20
100043d4:	9002      	str	r0, [sp, #8]
100043d6:	9103      	str	r1, [sp, #12]
100043d8:	9300      	str	r3, [sp, #0]
100043da:	4613      	mov	r3, r2
100043dc:	f04f 32ff 	mov.w	r2, #4294967295	@ 0xffffffff
100043e0:	a902      	add	r1, sp, #8
100043e2:	4802      	ldr	r0, [pc, #8]	@ (100043ec <vfctprintf+0x1c>)
100043e4:	f7ff fce2 	bl	10003dac <_vsnprintf>
100043e8:	b005      	add	sp, #20
100043ea:	bd00      	pop	{pc}
100043ec:	1000325b 	.word	0x1000325b

100043f0 <_exit>:
100043f0:	be00      	bkpt	0x0000
100043f2:	e7fd      	b.n	100043f0 <_exit>

100043f4 <exit>:
100043f4:	b508      	push	{r3, lr}
100043f6:	f7ff fffb 	bl	100043f0 <_exit>
	...

100043fc <__assert_func>:
100043fc:	b500      	push	{lr}
100043fe:	b083      	sub	sp, #12
10004400:	468c      	mov	ip, r1
10004402:	4619      	mov	r1, r3
10004404:	b162      	cbz	r2, 10004420 <__assert_func+0x24>
10004406:	4696      	mov	lr, r2
10004408:	4b07      	ldr	r3, [pc, #28]	@ (10004428 <__assert_func+0x2c>)
1000440a:	f8cd e004 	str.w	lr, [sp, #4]
1000440e:	9300      	str	r3, [sp, #0]
10004410:	4663      	mov	r3, ip
10004412:	4602      	mov	r2, r0
10004414:	4805      	ldr	r0, [pc, #20]	@ (1000442c <__assert_func+0x30>)
10004416:	f000 f93b 	bl	10004690 <__wrap_printf>
1000441a:	2001      	movs	r0, #1
1000441c:	f7ff ffe8 	bl	100043f0 <_exit>
10004420:	4b03      	ldr	r3, [pc, #12]	@ (10004430 <__assert_func+0x34>)
10004422:	469e      	mov	lr, r3
10004424:	e7f1      	b.n	1000440a <__assert_func+0xe>
10004426:	bf00      	nop
10004428:	10007e28 	.word	0x10007e28
1000442c:	10007e38 	.word	0x10007e38
10004430:	10007e34 	.word	0x10007e34

10004434 <runtime_init>:
10004434:	b510      	push	{r4, lr}
10004436:	f3ef 8305 	mrs	r3, IPSR
1000443a:	b2db      	uxtb	r3, r3
1000443c:	b103      	cbz	r3, 10004440 <runtime_init+0xc>
1000443e:	be00      	bkpt	0x0000
10004440:	f7fe fca2 	bl	10002d88 <runtime_run_initializers>
10004444:	4c04      	ldr	r4, [pc, #16]	@ (10004458 <runtime_init+0x24>)
10004446:	e002      	b.n	1000444e <runtime_init+0x1a>
10004448:	f854 3b04 	ldr.w	r3, [r4], #4
1000444c:	4798      	blx	r3
1000444e:	4b03      	ldr	r3, [pc, #12]	@ (1000445c <runtime_init+0x28>)
10004450:	429c      	cmp	r4, r3
10004452:	d3f9      	bcc.n	10004448 <runtime_init+0x14>
10004454:	bd10      	pop	{r4, pc}
10004456:	bf00      	nop
10004458:	10007638 	.word	0x10007638
1000445c:	10007644 	.word	0x10007644

10004460 <stdio_out_chars_no_crlf>:
10004460:	b508      	push	{r3, lr}
10004462:	4603      	mov	r3, r0
10004464:	4608      	mov	r0, r1
10004466:	681b      	ldr	r3, [r3, #0]
10004468:	4611      	mov	r1, r2
1000446a:	4798      	blx	r3
1000446c:	bd08      	pop	{r3, pc}
	...

10004470 <stdio_out_chars_crlf>:
10004470:	b5f8      	push	{r3, r4, r5, r6, r7, lr}
10004472:	4607      	mov	r7, r0
10004474:	460d      	mov	r5, r1
10004476:	4616      	mov	r6, r2
10004478:	7d43      	ldrb	r3, [r0, #21]
1000447a:	b113      	cbz	r3, 10004482 <stdio_out_chars_crlf+0x12>
1000447c:	2400      	movs	r4, #0
1000447e:	4620      	mov	r0, r4
10004480:	e00c      	b.n	1000449c <stdio_out_chars_crlf+0x2c>
10004482:	6803      	ldr	r3, [r0, #0]
10004484:	4611      	mov	r1, r2
10004486:	4628      	mov	r0, r5
10004488:	4798      	blx	r3
1000448a:	e02c      	b.n	100044e6 <stdio_out_chars_crlf+0x76>
1000448c:	7d3b      	ldrb	r3, [r7, #20]
1000448e:	e00f      	b.n	100044b0 <stdio_out_chars_crlf+0x40>
10004490:	683b      	ldr	r3, [r7, #0]
10004492:	2102      	movs	r1, #2
10004494:	4814      	ldr	r0, [pc, #80]	@ (100044e8 <stdio_out_chars_crlf+0x78>)
10004496:	4798      	blx	r3
10004498:	1c60      	adds	r0, r4, #1
1000449a:	3401      	adds	r4, #1
1000449c:	42b4      	cmp	r4, r6
1000449e:	da13      	bge.n	100044c8 <stdio_out_chars_crlf+0x58>
100044a0:	2c00      	cmp	r4, #0
100044a2:	ddf3      	ble.n	1000448c <stdio_out_chars_crlf+0x1c>
100044a4:	1e63      	subs	r3, r4, #1
100044a6:	5ceb      	ldrb	r3, [r5, r3]
100044a8:	2b0d      	cmp	r3, #13
100044aa:	bf14      	ite	ne
100044ac:	2300      	movne	r3, #0
100044ae:	2301      	moveq	r3, #1
100044b0:	5d2a      	ldrb	r2, [r5, r4]
100044b2:	2a0a      	cmp	r2, #10
100044b4:	d1f1      	bne.n	1000449a <stdio_out_chars_crlf+0x2a>
100044b6:	2b00      	cmp	r3, #0
100044b8:	d1ef      	bne.n	1000449a <stdio_out_chars_crlf+0x2a>
100044ba:	42a0      	cmp	r0, r4
100044bc:	dae8      	bge.n	10004490 <stdio_out_chars_crlf+0x20>
100044be:	683b      	ldr	r3, [r7, #0]
100044c0:	1a21      	subs	r1, r4, r0
100044c2:	4428      	add	r0, r5
100044c4:	4798      	blx	r3
100044c6:	e7e3      	b.n	10004490 <stdio_out_chars_crlf+0x20>
100044c8:	42b0      	cmp	r0, r6
100044ca:	da03      	bge.n	100044d4 <stdio_out_chars_crlf+0x64>
100044cc:	683b      	ldr	r3, [r7, #0]
100044ce:	1a31      	subs	r1, r6, r0
100044d0:	4428      	add	r0, r5
100044d2:	4798      	blx	r3
100044d4:	2e00      	cmp	r6, #0
100044d6:	dd06      	ble.n	100044e6 <stdio_out_chars_crlf+0x76>
100044d8:	3e01      	subs	r6, #1
100044da:	5dab      	ldrb	r3, [r5, r6]
100044dc:	2b0d      	cmp	r3, #13
100044de:	bf14      	ite	ne
100044e0:	2300      	movne	r3, #0
100044e2:	2301      	moveq	r3, #1
100044e4:	753b      	strb	r3, [r7, #20]
100044e6:	bdf8      	pop	{r3, r4, r5, r6, r7, pc}
100044e8:	100084d8 	.word	0x100084d8

100044ec <stdio_stack_buffer_flush>:
100044ec:	b538      	push	{r3, r4, r5, lr}
100044ee:	6803      	ldr	r3, [r0, #0]
100044f0:	b1b3      	cbz	r3, 10004520 <stdio_stack_buffer_flush+0x34>
100044f2:	4605      	mov	r5, r0
100044f4:	4b0b      	ldr	r3, [pc, #44]	@ (10004524 <stdio_stack_buffer_flush+0x38>)
100044f6:	681c      	ldr	r4, [r3, #0]
100044f8:	e006      	b.n	10004508 <stdio_stack_buffer_flush+0x1c>
100044fa:	4629      	mov	r1, r5
100044fc:	f851 2b04 	ldr.w	r2, [r1], #4
10004500:	4620      	mov	r0, r4
10004502:	f7ff ffb5 	bl	10004470 <stdio_out_chars_crlf>
10004506:	6924      	ldr	r4, [r4, #16]
10004508:	b14c      	cbz	r4, 1000451e <stdio_stack_buffer_flush+0x32>
1000450a:	6823      	ldr	r3, [r4, #0]
1000450c:	2b00      	cmp	r3, #0
1000450e:	d0fa      	beq.n	10004506 <stdio_stack_buffer_flush+0x1a>
10004510:	4b05      	ldr	r3, [pc, #20]	@ (10004528 <stdio_stack_buffer_flush+0x3c>)
10004512:	681b      	ldr	r3, [r3, #0]
10004514:	2b00      	cmp	r3, #0
10004516:	d0f0      	beq.n	100044fa <stdio_stack_buffer_flush+0xe>
10004518:	42a3      	cmp	r3, r4
1000451a:	d1f4      	bne.n	10004506 <stdio_stack_buffer_flush+0x1a>
1000451c:	e7ed      	b.n	100044fa <stdio_stack_buffer_flush+0xe>
1000451e:	602c      	str	r4, [r5, #0]
10004520:	bd38      	pop	{r3, r4, r5, pc}
10004522:	bf00      	nop
10004524:	2001a59c 	.word	0x2001a59c
10004528:	2001b1a0 	.word	0x2001b1a0

1000452c <stdio_buffered_printer>:
1000452c:	b538      	push	{r3, r4, r5, lr}
1000452e:	4605      	mov	r5, r0
10004530:	460c      	mov	r4, r1
10004532:	680b      	ldr	r3, [r1, #0]
10004534:	2b80      	cmp	r3, #128	@ 0x80
10004536:	d005      	beq.n	10004544 <stdio_buffered_printer+0x18>
10004538:	6823      	ldr	r3, [r4, #0]
1000453a:	1c5a      	adds	r2, r3, #1
1000453c:	6022      	str	r2, [r4, #0]
1000453e:	441c      	add	r4, r3
10004540:	7125      	strb	r5, [r4, #4]
10004542:	bd38      	pop	{r3, r4, r5, pc}
10004544:	4608      	mov	r0, r1
10004546:	f7ff ffd1 	bl	100044ec <stdio_stack_buffer_flush>
1000454a:	e7f5      	b.n	10004538 <stdio_buffered_printer+0xc>

1000454c <stdout_serialize_begin>:
1000454c:	b508      	push	{r3, lr}
1000454e:	f7fd fbcf 	bl	10001cf0 <time_us_64>
10004552:	4a07      	ldr	r2, [pc, #28]	@ (10004570 <stdout_serialize_begin+0x24>)
10004554:	1882      	adds	r2, r0, r2
10004556:	f141 0300 	adc.w	r3, r1, #0
1000455a:	2b00      	cmp	r3, #0
1000455c:	db03      	blt.n	10004566 <stdout_serialize_begin+0x1a>
1000455e:	4805      	ldr	r0, [pc, #20]	@ (10004574 <stdout_serialize_begin+0x28>)
10004560:	f003 f842 	bl	100075e8 <__mutex_try_enter_block_until_veneer>
10004564:	bd08      	pop	{r3, pc}
10004566:	f04f 32ff 	mov.w	r2, #4294967295	@ 0xffffffff
1000456a:	f06f 4300 	mvn.w	r3, #2147483648	@ 0x80000000
1000456e:	e7f6      	b.n	1000455e <stdout_serialize_begin+0x12>
10004570:	000f4240 	.word	0x000f4240
10004574:	2001a0f8 	.word	0x2001a0f8

10004578 <stdout_serialize_end>:
10004578:	b508      	push	{r3, lr}
1000457a:	4802      	ldr	r0, [pc, #8]	@ (10004584 <stdout_serialize_end+0xc>)
1000457c:	f003 f82c 	bl	100075d8 <__mutex_exit_veneer>
10004580:	bd08      	pop	{r3, pc}
10004582:	bf00      	nop
10004584:	2001a0f8 	.word	0x2001a0f8

10004588 <stdio_put_string>:
10004588:	e92d 43f0 	stmdb	sp!, {r4, r5, r6, r7, r8, r9, lr}
1000458c:	b083      	sub	sp, #12
1000458e:	4606      	mov	r6, r0
10004590:	460d      	mov	r5, r1
10004592:	4690      	mov	r8, r2
10004594:	461c      	mov	r4, r3
10004596:	f7ff ffd9 	bl	1000454c <stdout_serialize_begin>
1000459a:	4681      	mov	r9, r0
1000459c:	f1b5 3fff 	cmp.w	r5, #4294967295	@ 0xffffffff
100045a0:	d004      	beq.n	100045ac <stdio_put_string+0x24>
100045a2:	b144      	cbz	r4, 100045b6 <stdio_put_string+0x2e>
100045a4:	4f16      	ldr	r7, [pc, #88]	@ (10004600 <stdio_put_string+0x78>)
100045a6:	4b17      	ldr	r3, [pc, #92]	@ (10004604 <stdio_put_string+0x7c>)
100045a8:	681c      	ldr	r4, [r3, #0]
100045aa:	e007      	b.n	100045bc <stdio_put_string+0x34>
100045ac:	4630      	mov	r0, r6
100045ae:	f002 ffdb 	bl	10007568 <strlen>
100045b2:	4605      	mov	r5, r0
100045b4:	e7f5      	b.n	100045a2 <stdio_put_string+0x1a>
100045b6:	4f14      	ldr	r7, [pc, #80]	@ (10004608 <stdio_put_string+0x80>)
100045b8:	e7f5      	b.n	100045a6 <stdio_put_string+0x1e>
100045ba:	6924      	ldr	r4, [r4, #16]
100045bc:	b1bc      	cbz	r4, 100045ee <stdio_put_string+0x66>
100045be:	6823      	ldr	r3, [r4, #0]
100045c0:	2b00      	cmp	r3, #0
100045c2:	d0fa      	beq.n	100045ba <stdio_put_string+0x32>
100045c4:	4b11      	ldr	r3, [pc, #68]	@ (1000460c <stdio_put_string+0x84>)
100045c6:	681b      	ldr	r3, [r3, #0]
100045c8:	b10b      	cbz	r3, 100045ce <stdio_put_string+0x46>
100045ca:	42a3      	cmp	r3, r4
100045cc:	d1f5      	bne.n	100045ba <stdio_put_string+0x32>
100045ce:	462a      	mov	r2, r5
100045d0:	4631      	mov	r1, r6
100045d2:	4620      	mov	r0, r4
100045d4:	47b8      	blx	r7
100045d6:	f1b8 0f00 	cmp.w	r8, #0
100045da:	d0ee      	beq.n	100045ba <stdio_put_string+0x32>
100045dc:	230a      	movs	r3, #10
100045de:	f88d 3007 	strb.w	r3, [sp, #7]
100045e2:	2201      	movs	r2, #1
100045e4:	f10d 0107 	add.w	r1, sp, #7
100045e8:	4620      	mov	r0, r4
100045ea:	47b8      	blx	r7
100045ec:	e7e5      	b.n	100045ba <stdio_put_string+0x32>
100045ee:	464b      	mov	r3, r9
100045f0:	b91b      	cbnz	r3, 100045fa <stdio_put_string+0x72>
100045f2:	4628      	mov	r0, r5
100045f4:	b003      	add	sp, #12
100045f6:	e8bd 83f0 	ldmia.w	sp!, {r4, r5, r6, r7, r8, r9, pc}
100045fa:	f7ff ffbd 	bl	10004578 <stdout_serialize_end>
100045fe:	e7f8      	b.n	100045f2 <stdio_put_string+0x6a>
10004600:	10004471 	.word	0x10004471
10004604:	2001a59c 	.word	0x2001a59c
10004608:	10004461 	.word	0x10004461
1000460c:	2001b1a0 	.word	0x2001b1a0

10004610 <stdio_flush>:
10004610:	b510      	push	{r4, lr}
10004612:	4b05      	ldr	r3, [pc, #20]	@ (10004628 <stdio_flush+0x18>)
10004614:	681c      	ldr	r4, [r3, #0]
10004616:	e000      	b.n	1000461a <stdio_flush+0xa>
10004618:	6924      	ldr	r4, [r4, #16]
1000461a:	b124      	cbz	r4, 10004626 <stdio_flush+0x16>
1000461c:	6863      	ldr	r3, [r4, #4]
1000461e:	2b00      	cmp	r3, #0
10004620:	d0fa      	beq.n	10004618 <stdio_flush+0x8>
10004622:	4798      	blx	r3
10004624:	e7f8      	b.n	10004618 <stdio_flush+0x8>
10004626:	bd10      	pop	{r4, pc}
10004628:	2001a59c 	.word	0x2001a59c

1000462c <stdio_init_all>:
1000462c:	2000      	movs	r0, #0
1000462e:	4770      	bx	lr

10004630 <__wrap_puts>:
10004630:	b538      	push	{r3, r4, r5, lr}
10004632:	4605      	mov	r5, r0
10004634:	f002 ff98 	bl	10007568 <strlen>
10004638:	4604      	mov	r4, r0
1000463a:	2301      	movs	r3, #1
1000463c:	461a      	mov	r2, r3
1000463e:	4601      	mov	r1, r0
10004640:	4628      	mov	r0, r5
10004642:	f7ff ffa1 	bl	10004588 <stdio_put_string>
10004646:	f7ff ffe3 	bl	10004610 <stdio_flush>
1000464a:	4620      	mov	r0, r4
1000464c:	bd38      	pop	{r3, r4, r5, pc}
	...

10004650 <__wrap_vprintf>:
10004650:	b5f0      	push	{r4, r5, r6, r7, lr}
10004652:	b0a3      	sub	sp, #140	@ 0x8c
10004654:	4607      	mov	r7, r0
10004656:	460e      	mov	r6, r1
10004658:	f7ff ff78 	bl	1000454c <stdout_serialize_begin>
1000465c:	4605      	mov	r5, r0
1000465e:	2300      	movs	r3, #0
10004660:	9301      	str	r3, [sp, #4]
10004662:	ac01      	add	r4, sp, #4
10004664:	4633      	mov	r3, r6
10004666:	463a      	mov	r2, r7
10004668:	4621      	mov	r1, r4
1000466a:	4808      	ldr	r0, [pc, #32]	@ (1000468c <__wrap_vprintf+0x3c>)
1000466c:	f7ff feb0 	bl	100043d0 <vfctprintf>
10004670:	4606      	mov	r6, r0
10004672:	4620      	mov	r0, r4
10004674:	f7ff ff3a 	bl	100044ec <stdio_stack_buffer_flush>
10004678:	f7ff ffca 	bl	10004610 <stdio_flush>
1000467c:	b915      	cbnz	r5, 10004684 <__wrap_vprintf+0x34>
1000467e:	4630      	mov	r0, r6
10004680:	b023      	add	sp, #140	@ 0x8c
10004682:	bdf0      	pop	{r4, r5, r6, r7, pc}
10004684:	f7ff ff78 	bl	10004578 <stdout_serialize_end>
10004688:	e7f9      	b.n	1000467e <__wrap_vprintf+0x2e>
1000468a:	bf00      	nop
1000468c:	1000452d 	.word	0x1000452d

10004690 <__wrap_printf>:
10004690:	b40f      	push	{r0, r1, r2, r3}
10004692:	b500      	push	{lr}
10004694:	b083      	sub	sp, #12
10004696:	a904      	add	r1, sp, #16
10004698:	f851 0b04 	ldr.w	r0, [r1], #4
1000469c:	9101      	str	r1, [sp, #4]
1000469e:	f7ff ffd7 	bl	10004650 <__wrap_vprintf>
100046a2:	b003      	add	sp, #12
100046a4:	f85d eb04 	ldr.w	lr, [sp], #4
100046a8:	b004      	add	sp, #16
100046aa:	4770      	bx	lr

100046ac <core1_trampoline>:
100046ac:	bd03      	pop	{r0, r1, pc}

100046ae <core1_wrapper>:
100046ae:	b510      	push	{r4, lr}
100046b0:	4604      	mov	r4, r0
100046b2:	f7fe fb71 	bl	10002d98 <runtime_run_per_core_initializers>
100046b6:	47a0      	blx	r4
100046b8:	bd10      	pop	{r4, pc}

100046ba <multicore_fifo_push_blocking>:
100046ba:	f04f 4350 	mov.w	r3, #3489660928	@ 0xd0000000
100046be:	6d1b      	ldr	r3, [r3, #80]	@ 0x50
100046c0:	f013 0f02 	tst.w	r3, #2
100046c4:	d0f9      	beq.n	100046ba <multicore_fifo_push_blocking>
100046c6:	f04f 4350 	mov.w	r3, #3489660928	@ 0xd0000000
100046ca:	6558      	str	r0, [r3, #84]	@ 0x54
100046cc:	bf40      	sev
100046ce:	4770      	bx	lr

100046d0 <multicore_fifo_pop_blocking>:
100046d0:	e000      	b.n	100046d4 <multicore_fifo_pop_blocking+0x4>
100046d2:	bf20      	wfe
100046d4:	f04f 4350 	mov.w	r3, #3489660928	@ 0xd0000000
100046d8:	6d1b      	ldr	r3, [r3, #80]	@ 0x50
100046da:	f013 0f01 	tst.w	r3, #1
100046de:	d0f8      	beq.n	100046d2 <multicore_fifo_pop_blocking+0x2>
100046e0:	f04f 4350 	mov.w	r3, #3489660928	@ 0xd0000000
100046e4:	6d98      	ldr	r0, [r3, #88]	@ 0x58
100046e6:	4770      	bx	lr

100046e8 <multicore_launch_core1_raw>:
100046e8:	e92d 41f0 	stmdb	sp!, {r4, r5, r6, r7, r8, lr}
100046ec:	b086      	sub	sp, #24
100046ee:	4604      	mov	r4, r0
100046f0:	460f      	mov	r7, r1
100046f2:	4616      	mov	r6, r2
100046f4:	2019      	movs	r0, #25
100046f6:	f7fd fb79 	bl	10001dec <irq_is_enabled>
100046fa:	4680      	mov	r8, r0
100046fc:	2100      	movs	r1, #0
100046fe:	2019      	movs	r0, #25
10004700:	f7fd fb94 	bl	10001e2c <irq_set_enabled>
10004704:	2500      	movs	r5, #0
10004706:	9500      	str	r5, [sp, #0]
10004708:	9501      	str	r5, [sp, #4]
1000470a:	2301      	movs	r3, #1
1000470c:	9302      	str	r3, [sp, #8]
1000470e:	9603      	str	r6, [sp, #12]
10004710:	9704      	str	r7, [sp, #16]
10004712:	9405      	str	r4, [sp, #20]
10004714:	e00d      	b.n	10004732 <multicore_launch_core1_raw+0x4a>
10004716:	f04f 4350 	mov.w	r3, #3489660928	@ 0xd0000000
1000471a:	6d9b      	ldr	r3, [r3, #88]	@ 0x58
1000471c:	f04f 4350 	mov.w	r3, #3489660928	@ 0xd0000000
10004720:	6d1b      	ldr	r3, [r3, #80]	@ 0x50
10004722:	f013 0f01 	tst.w	r3, #1
10004726:	d1f6      	bne.n	10004716 <multicore_launch_core1_raw+0x2e>
10004728:	bf40      	sev
1000472a:	e009      	b.n	10004740 <multicore_launch_core1_raw+0x58>
1000472c:	3501      	adds	r5, #1
1000472e:	2d05      	cmp	r5, #5
10004730:	d80f      	bhi.n	10004752 <multicore_launch_core1_raw+0x6a>
10004732:	ab06      	add	r3, sp, #24
10004734:	eb03 0385 	add.w	r3, r3, r5, lsl #2
10004738:	f853 4c18 	ldr.w	r4, [r3, #-24]
1000473c:	2c00      	cmp	r4, #0
1000473e:	d0ed      	beq.n	1000471c <multicore_launch_core1_raw+0x34>
10004740:	4620      	mov	r0, r4
10004742:	f7ff ffba 	bl	100046ba <multicore_fifo_push_blocking>
10004746:	f7ff ffc3 	bl	100046d0 <multicore_fifo_pop_blocking>
1000474a:	4284      	cmp	r4, r0
1000474c:	d0ee      	beq.n	1000472c <multicore_launch_core1_raw+0x44>
1000474e:	2500      	movs	r5, #0
10004750:	e7ed      	b.n	1000472e <multicore_launch_core1_raw+0x46>
10004752:	4641      	mov	r1, r8
10004754:	2019      	movs	r0, #25
10004756:	f7fd fb69 	bl	10001e2c <irq_set_enabled>
1000475a:	b006      	add	sp, #24
1000475c:	e8bd 81f0 	ldmia.w	sp!, {r4, r5, r6, r7, r8, pc}

10004760 <multicore_launch_core1_with_stack>:
10004760:	b508      	push	{r3, lr}
10004762:	f012 0f03 	tst.w	r2, #3
10004766:	d111      	bne.n	1000478c <multicore_launch_core1_with_stack+0x2c>
10004768:	f022 0203 	bic.w	r2, r2, #3
1000476c:	188b      	adds	r3, r1, r2
1000476e:	4a0a      	ldr	r2, [pc, #40]	@ (10004798 <multicore_launch_core1_with_stack+0x38>)
10004770:	6892      	ldr	r2, [r2, #8]
10004772:	f843 0c0c 	str.w	r0, [r3, #-12]
10004776:	f843 1c08 	str.w	r1, [r3, #-8]
1000477a:	4908      	ldr	r1, [pc, #32]	@ (1000479c <multicore_launch_core1_with_stack+0x3c>)
1000477c:	f843 1c04 	str.w	r1, [r3, #-4]
10004780:	f1a3 010c 	sub.w	r1, r3, #12
10004784:	4806      	ldr	r0, [pc, #24]	@ (100047a0 <multicore_launch_core1_with_stack+0x40>)
10004786:	f7ff ffaf 	bl	100046e8 <multicore_launch_core1_raw>
1000478a:	bd08      	pop	{r3, pc}
1000478c:	4b05      	ldr	r3, [pc, #20]	@ (100047a4 <multicore_launch_core1_with_stack+0x44>)
1000478e:	4a06      	ldr	r2, [pc, #24]	@ (100047a8 <multicore_launch_core1_with_stack+0x48>)
10004790:	218e      	movs	r1, #142	@ 0x8e
10004792:	4806      	ldr	r0, [pc, #24]	@ (100047ac <multicore_launch_core1_with_stack+0x4c>)
10004794:	f7ff fe32 	bl	100043fc <__assert_func>
10004798:	e000ed00 	.word	0xe000ed00
1000479c:	100046af 	.word	0x100046af
100047a0:	100046ad 	.word	0x100046ad
100047a4:	10007ee0 	.word	0x10007ee0
100047a8:	100084dc 	.word	0x100084dc
100047ac:	10007e90 	.word	0x10007e90

100047b0 <multicore_launch_core1>:
100047b0:	b508      	push	{r3, lr}
100047b2:	4a06      	ldr	r2, [pc, #24]	@ (100047cc <multicore_launch_core1+0x1c>)
100047b4:	4b06      	ldr	r3, [pc, #24]	@ (100047d0 <multicore_launch_core1+0x20>)
100047b6:	429a      	cmp	r2, r3
100047b8:	d305      	bcc.n	100047c6 <multicore_launch_core1+0x16>
100047ba:	4611      	mov	r1, r2
100047bc:	f44f 6200 	mov.w	r2, #2048	@ 0x800
100047c0:	f7ff ffce 	bl	10004760 <multicore_launch_core1_with_stack>
100047c4:	bd08      	pop	{r3, pc}
100047c6:	f04f 31ff 	mov.w	r1, #4294967295	@ 0xffffffff
100047ca:	e7f7      	b.n	100047bc <multicore_launch_core1+0xc>
100047cc:	20080800 	.word	0x20080800
100047d0:	20080000 	.word	0x20080000

100047d4 <hw_endpoint_open>:
100047d4:	b570      	push	{r4, r5, r6, lr}
100047d6:	4696      	mov	lr, r2
100047d8:	461e      	mov	r6, r3
100047da:	f000 030f 	and.w	r3, r0, #15
100047de:	09c2      	lsrs	r2, r0, #7
100047e0:	4d2c      	ldr	r5, [pc, #176]	@ (10004894 <hw_endpoint_open+0xc0>)
100047e2:	eb02 0482 	add.w	r4, r2, r2, lsl #2
100047e6:	eb03 0c83 	add.w	ip, r3, r3, lsl #2
100047ea:	ea4f 0ccc 	mov.w	ip, ip, lsl #3
100047ee:	eb0c 0c84 	add.w	ip, ip, r4, lsl #2
100047f2:	eb05 040c 	add.w	r4, r5, ip
100047f6:	f805 000c 	strb.w	r0, [r5, ip]
100047fa:	2000      	movs	r0, #0
100047fc:	7060      	strb	r0, [r4, #1]
100047fe:	80e1      	strh	r1, [r4, #6]
10004800:	4825      	ldr	r0, [pc, #148]	@ (10004898 <hw_endpoint_open+0xc4>)
10004802:	eb00 00c3 	add.w	r0, r0, r3, lsl #3
10004806:	b902      	cbnz	r2, 1000480a <hw_endpoint_open+0x36>
10004808:	3004      	adds	r0, #4
1000480a:	2400      	movs	r4, #0
1000480c:	6004      	str	r4, [r0, #0]
1000480e:	b95b      	cbnz	r3, 10004828 <hw_endpoint_open+0x54>
10004810:	eb02 0282 	add.w	r2, r2, r2, lsl #2
10004814:	eb03 0383 	add.w	r3, r3, r3, lsl #2
10004818:	00db      	lsls	r3, r3, #3
1000481a:	eb03 0382 	add.w	r3, r3, r2, lsl #2
1000481e:	4a1d      	ldr	r2, [pc, #116]	@ (10004894 <hw_endpoint_open+0xc0>)
10004820:	4413      	add	r3, r2
10004822:	4a1e      	ldr	r2, [pc, #120]	@ (1000489c <hw_endpoint_open+0xc8>)
10004824:	609a      	str	r2, [r3, #8]
10004826:	bd70      	pop	{r4, r5, r6, pc}
10004828:	ea4f 6c8e 	mov.w	ip, lr, lsl #26
1000482c:	f04c 5c00 	orr.w	ip, ip, #536870912	@ 0x20000000
10004830:	313f      	adds	r1, #63	@ 0x3f
10004832:	0989      	lsrs	r1, r1, #6
10004834:	0189      	lsls	r1, r1, #6
10004836:	b289      	uxth	r1, r1
10004838:	f1be 0f02 	cmp.w	lr, #2
1000483c:	d027      	beq.n	1000488e <hw_endpoint_open+0xba>
1000483e:	4d18      	ldr	r5, [pc, #96]	@ (100048a0 <hw_endpoint_open+0xcc>)
10004840:	6828      	ldr	r0, [r5, #0]
10004842:	eb02 0482 	add.w	r4, r2, r2, lsl #2
10004846:	eb03 0e83 	add.w	lr, r3, r3, lsl #2
1000484a:	ea4f 0ece 	mov.w	lr, lr, lsl #3
1000484e:	eb0e 0e84 	add.w	lr, lr, r4, lsl #2
10004852:	4c10      	ldr	r4, [pc, #64]	@ (10004894 <hw_endpoint_open+0xc0>)
10004854:	4474      	add	r4, lr
10004856:	60a0      	str	r0, [r4, #8]
10004858:	4401      	add	r1, r0
1000485a:	6029      	str	r1, [r5, #0]
1000485c:	f080 40a0 	eor.w	r0, r0, #1342177280	@ 0x50000000
10004860:	f480 1080 	eor.w	r0, r0, #1048576	@ 0x100000
10004864:	ea4c 0400 	orr.w	r4, ip, r0
10004868:	b10e      	cbz	r6, 1000486e <hw_endpoint_open+0x9a>
1000486a:	f044 4400 	orr.w	r4, r4, #2147483648	@ 0x80000000
1000486e:	3b01      	subs	r3, #1
10004870:	480c      	ldr	r0, [pc, #48]	@ (100048a4 <hw_endpoint_open+0xd0>)
10004872:	eb00 03c3 	add.w	r3, r0, r3, lsl #3
10004876:	b902      	cbnz	r2, 1000487a <hw_endpoint_open+0xa6>
10004878:	3304      	adds	r3, #4
1000487a:	601c      	str	r4, [r3, #0]
1000487c:	4b0a      	ldr	r3, [pc, #40]	@ (100048a8 <hw_endpoint_open+0xd4>)
1000487e:	4299      	cmp	r1, r3
10004880:	d9d1      	bls.n	10004826 <hw_endpoint_open+0x52>
10004882:	4b0a      	ldr	r3, [pc, #40]	@ (100048ac <hw_endpoint_open+0xd8>)
10004884:	4a0a      	ldr	r2, [pc, #40]	@ (100048b0 <hw_endpoint_open+0xdc>)
10004886:	2184      	movs	r1, #132	@ 0x84
10004888:	480a      	ldr	r0, [pc, #40]	@ (100048b4 <hw_endpoint_open+0xe0>)
1000488a:	f7ff fdb7 	bl	100043fc <__assert_func>
1000488e:	0049      	lsls	r1, r1, #1
10004890:	b289      	uxth	r1, r1
10004892:	e7d4      	b.n	1000483e <hw_endpoint_open+0x6a>
10004894:	2001b4d8 	.word	0x2001b4d8
10004898:	50100080 	.word	0x50100080
1000489c:	50100100 	.word	0x50100100
100048a0:	2001b4d4 	.word	0x2001b4d4
100048a4:	50100008 	.word	0x50100008
100048a8:	50100fff 	.word	0x50100fff
100048ac:	10007efc 	.word	0x10007efc
100048b0:	10008528 	.word	0x10008528
100048b4:	10007f40 	.word	0x10007f40

100048b8 <reset_non_control_endpoints>:
100048b8:	b508      	push	{r3, lr}
100048ba:	2300      	movs	r3, #0
100048bc:	e008      	b.n	100048d0 <reset_non_control_endpoints+0x18>
100048be:	4a0a      	ldr	r2, [pc, #40]	@ (100048e8 <reset_non_control_endpoints+0x30>)
100048c0:	3301      	adds	r3, #1
100048c2:	2100      	movs	r1, #0
100048c4:	f842 1033 	str.w	r1, [r2, r3, lsl #3]
100048c8:	eb02 02c3 	add.w	r2, r2, r3, lsl #3
100048cc:	6051      	str	r1, [r2, #4]
100048ce:	b2db      	uxtb	r3, r3
100048d0:	2b0e      	cmp	r3, #14
100048d2:	d9f4      	bls.n	100048be <reset_non_control_endpoints+0x6>
100048d4:	f44f 7216 	mov.w	r2, #600	@ 0x258
100048d8:	2100      	movs	r1, #0
100048da:	4804      	ldr	r0, [pc, #16]	@ (100048ec <reset_non_control_endpoints+0x34>)
100048dc:	f002 fd8a 	bl	100073f4 <memset>
100048e0:	4b03      	ldr	r3, [pc, #12]	@ (100048f0 <reset_non_control_endpoints+0x38>)
100048e2:	4a04      	ldr	r2, [pc, #16]	@ (100048f4 <reset_non_control_endpoints+0x3c>)
100048e4:	601a      	str	r2, [r3, #0]
100048e6:	bd08      	pop	{r3, pc}
100048e8:	50100000 	.word	0x50100000
100048ec:	2001b500 	.word	0x2001b500
100048f0:	2001b4d4 	.word	0x2001b4d4
100048f4:	50100180 	.word	0x50100180

100048f8 <handle_hw_buff_status>:
100048f8:	e92d 4ff0 	stmdb	sp!, {r4, r5, r6, r7, r8, r9, sl, fp, lr}
100048fc:	b089      	sub	sp, #36	@ 0x24
100048fe:	4b37      	ldr	r3, [pc, #220]	@ (100049dc <handle_hw_buff_status+0xe4>)
10004900:	6d9d      	ldr	r5, [r3, #88]	@ 0x58
10004902:	2d00      	cmp	r5, #0
10004904:	d067      	beq.n	100049d6 <handle_hw_buff_status+0xde>
10004906:	fa95 f8a5 	rbit	r8, r5
1000490a:	fab8 f888 	clz	r8, r8
1000490e:	2401      	movs	r4, #1
10004910:	fa04 f408 	lsl.w	r4, r4, r8
10004914:	ea4f 0958 	mov.w	r9, r8, lsr #1
10004918:	f008 0801 	and.w	r8, r8, #1
1000491c:	f088 0b01 	eor.w	fp, r8, #1
10004920:	eb0b 038b 	add.w	r3, fp, fp, lsl #2
10004924:	eb09 0789 	add.w	r7, r9, r9, lsl #2
10004928:	00ff      	lsls	r7, r7, #3
1000492a:	eb07 0783 	add.w	r7, r7, r3, lsl #2
1000492e:	4b2c      	ldr	r3, [pc, #176]	@ (100049e0 <handle_hw_buff_status+0xe8>)
10004930:	441f      	add	r7, r3
10004932:	f1b9 0f00 	cmp.w	r9, #0
10004936:	d04b      	beq.n	100049d0 <handle_hw_buff_status+0xd8>
10004938:	f109 32ff 	add.w	r2, r9, #4294967295	@ 0xffffffff
1000493c:	4b29      	ldr	r3, [pc, #164]	@ (100049e4 <handle_hw_buff_status+0xec>)
1000493e:	eb03 03c2 	add.w	r3, r3, r2, lsl #3
10004942:	f1b8 0f00 	cmp.w	r8, #0
10004946:	d041      	beq.n	100049cc <handle_hw_buff_status+0xd4>
10004948:	3304      	adds	r3, #4
1000494a:	9302      	str	r3, [sp, #8]
1000494c:	4b26      	ldr	r3, [pc, #152]	@ (100049e8 <handle_hw_buff_status+0xf0>)
1000494e:	eb03 0ac9 	add.w	sl, r3, r9, lsl #3
10004952:	f1b8 0f00 	cmp.w	r8, #0
10004956:	d001      	beq.n	1000495c <handle_hw_buff_status+0x64>
10004958:	f10a 0a04 	add.w	sl, sl, #4
1000495c:	4b1f      	ldr	r3, [pc, #124]	@ (100049dc <handle_hw_buff_status+0xe4>)
1000495e:	6d9b      	ldr	r3, [r3, #88]	@ 0x58
10004960:	4223      	tst	r3, r4
10004962:	d0ce      	beq.n	10004902 <handle_hw_buff_status+0xa>
10004964:	4b1d      	ldr	r3, [pc, #116]	@ (100049dc <handle_hw_buff_status+0xe4>)
10004966:	6ddb      	ldr	r3, [r3, #92]	@ 0x5c
10004968:	4223      	tst	r3, r4
1000496a:	4b20      	ldr	r3, [pc, #128]	@ (100049ec <handle_hw_buff_status+0xf4>)
1000496c:	659c      	str	r4, [r3, #88]	@ 0x58
1000496e:	ea25 0504 	bic.w	r5, r5, r4
10004972:	f8cd 8000 	str.w	r8, [sp]
10004976:	bf14      	ite	ne
10004978:	2301      	movne	r3, #1
1000497a:	2300      	moveq	r3, #0
1000497c:	4652      	mov	r2, sl
1000497e:	9902      	ldr	r1, [sp, #8]
10004980:	4638      	mov	r0, r7
10004982:	f000 fbad 	bl	100050e0 <rp2usb_xfer_continue>
10004986:	2800      	cmp	r0, #0
10004988:	d0e8      	beq.n	1000495c <handle_hw_buff_status+0x64>
1000498a:	eb0b 038b 	add.w	r3, fp, fp, lsl #2
1000498e:	eb09 0689 	add.w	r6, r9, r9, lsl #2
10004992:	00f6      	lsls	r6, r6, #3
10004994:	eb06 0683 	add.w	r6, r6, r3, lsl #2
10004998:	4b11      	ldr	r3, [pc, #68]	@ (100049e0 <handle_hw_buff_status+0xe8>)
1000499a:	4433      	add	r3, r6
1000499c:	8a5a      	ldrh	r2, [r3, #18]
1000499e:	9203      	str	r2, [sp, #12]
100049a0:	4638      	mov	r0, r7
100049a2:	f000 faa9 	bl	10004ef8 <rp2usb_reset_transfer>
100049a6:	4b0e      	ldr	r3, [pc, #56]	@ (100049e0 <handle_hw_buff_status+0xe8>)
100049a8:	5d9a      	ldrb	r2, [r3, r6]
100049aa:	2300      	movs	r3, #0
100049ac:	f88d 3014 	strb.w	r3, [sp, #20]
100049b0:	2107      	movs	r1, #7
100049b2:	f88d 1015 	strb.w	r1, [sp, #21]
100049b6:	f88d 2018 	strb.w	r2, [sp, #24]
100049ba:	9a03      	ldr	r2, [sp, #12]
100049bc:	9207      	str	r2, [sp, #28]
100049be:	f88d 3019 	strb.w	r3, [sp, #25]
100049c2:	2101      	movs	r1, #1
100049c4:	a805      	add	r0, sp, #20
100049c6:	f002 fe0b 	bl	100075e0 <__dcd_event_handler_veneer>
100049ca:	e7c7      	b.n	1000495c <handle_hw_buff_status+0x64>
100049cc:	9302      	str	r3, [sp, #8]
100049ce:	e7bd      	b.n	1000494c <handle_hw_buff_status+0x54>
100049d0:	f8cd 9008 	str.w	r9, [sp, #8]
100049d4:	e7ba      	b.n	1000494c <handle_hw_buff_status+0x54>
100049d6:	b009      	add	sp, #36	@ 0x24
100049d8:	e8bd 8ff0 	ldmia.w	sp!, {r4, r5, r6, r7, r8, r9, sl, fp, pc}
100049dc:	50110000 	.word	0x50110000
100049e0:	2001b4d8 	.word	0x2001b4d8
100049e4:	50100008 	.word	0x50100008
100049e8:	50100080 	.word	0x50100080
100049ec:	50113000 	.word	0x50113000

100049f0 <hw_endpoint_abort_xfer>:
100049f0:	b510      	push	{r4, lr}
100049f2:	7803      	ldrb	r3, [r0, #0]
100049f4:	f003 010f 	and.w	r1, r3, #15
100049f8:	09da      	lsrs	r2, r3, #7
100049fa:	bf0c      	ite	eq
100049fc:	2301      	moveq	r3, #1
100049fe:	2300      	movne	r3, #0
10004a00:	ea43 0341 	orr.w	r3, r3, r1, lsl #1
10004a04:	2401      	movs	r4, #1
10004a06:	409c      	lsls	r4, r3
10004a08:	4b09      	ldr	r3, [pc, #36]	@ (10004a30 <hw_endpoint_abort_xfer+0x40>)
10004a0a:	661c      	str	r4, [r3, #96]	@ 0x60
10004a0c:	4b09      	ldr	r3, [pc, #36]	@ (10004a34 <hw_endpoint_abort_xfer+0x44>)
10004a0e:	6e5b      	ldr	r3, [r3, #100]	@ 0x64
10004a10:	ea34 0303 	bics.w	r3, r4, r3
10004a14:	d1fa      	bne.n	10004a0c <hw_endpoint_abort_xfer+0x1c>
10004a16:	4b08      	ldr	r3, [pc, #32]	@ (10004a38 <hw_endpoint_abort_xfer+0x48>)
10004a18:	eb03 03c1 	add.w	r3, r3, r1, lsl #3
10004a1c:	b902      	cbnz	r2, 10004a20 <hw_endpoint_abort_xfer+0x30>
10004a1e:	3304      	adds	r3, #4
10004a20:	2200      	movs	r2, #0
10004a22:	601a      	str	r2, [r3, #0]
10004a24:	f000 fa68 	bl	10004ef8 <rp2usb_reset_transfer>
10004a28:	4b04      	ldr	r3, [pc, #16]	@ (10004a3c <hw_endpoint_abort_xfer+0x4c>)
10004a2a:	665c      	str	r4, [r3, #100]	@ 0x64
10004a2c:	661c      	str	r4, [r3, #96]	@ 0x60
10004a2e:	bd10      	pop	{r4, pc}
10004a30:	50112000 	.word	0x50112000
10004a34:	50110000 	.word	0x50110000
10004a38:	50100080 	.word	0x50100080
10004a3c:	50113000 	.word	0x50113000

10004a40 <dcd_rp2040_irq>:
10004a40:	b570      	push	{r4, r5, r6, lr}
10004a42:	b084      	sub	sp, #16
10004a44:	4b45      	ldr	r3, [pc, #276]	@ (10004b5c <dcd_rp2040_irq+0x11c>)
10004a46:	f8d3 5098 	ldr.w	r5, [r3, #152]	@ 0x98
10004a4a:	f415 3600 	ands.w	r6, r5, #131072	@ 0x20000
10004a4e:	d107      	bne.n	10004a60 <dcd_rp2040_irq+0x20>
10004a50:	f015 0f10 	tst.w	r5, #16
10004a54:	d113      	bne.n	10004a7e <dcd_rp2040_irq+0x3e>
10004a56:	f415 3f80 	tst.w	r5, #65536	@ 0x10000
10004a5a:	d038      	beq.n	10004ace <dcd_rp2040_irq+0x8e>
10004a5c:	2400      	movs	r4, #0
10004a5e:	e015      	b.n	10004a8c <dcd_rp2040_irq+0x4c>
10004a60:	6c9b      	ldr	r3, [r3, #72]	@ 0x48
10004a62:	f3c3 030a 	ubfx	r3, r3, #0, #11
10004a66:	2200      	movs	r2, #0
10004a68:	f88d 2004 	strb.w	r2, [sp, #4]
10004a6c:	2203      	movs	r2, #3
10004a6e:	f88d 2005 	strb.w	r2, [sp, #5]
10004a72:	9302      	str	r3, [sp, #8]
10004a74:	2101      	movs	r1, #1
10004a76:	a801      	add	r0, sp, #4
10004a78:	f002 fdb2 	bl	100075e0 <__dcd_event_handler_veneer>
10004a7c:	e7e8      	b.n	10004a50 <dcd_rp2040_irq+0x10>
10004a7e:	f7ff ff3b 	bl	100048f8 <handle_hw_buff_status>
10004a82:	e7e8      	b.n	10004a56 <dcd_rp2040_irq+0x16>
10004a84:	f7ff ffb4 	bl	100049f0 <hw_endpoint_abort_xfer>
10004a88:	3401      	adds	r4, #1
10004a8a:	b2e4      	uxtb	r4, r4
10004a8c:	2c01      	cmp	r4, #1
10004a8e:	d80a      	bhi.n	10004aa6 <dcd_rp2040_irq+0x66>
10004a90:	eb04 0084 	add.w	r0, r4, r4, lsl #2
10004a94:	4b32      	ldr	r3, [pc, #200]	@ (10004b60 <dcd_rp2040_irq+0x120>)
10004a96:	eb03 0080 	add.w	r0, r3, r0, lsl #2
10004a9a:	2201      	movs	r2, #1
10004a9c:	7042      	strb	r2, [r0, #1]
10004a9e:	7883      	ldrb	r3, [r0, #2]
10004aa0:	2b01      	cmp	r3, #1
10004aa2:	d1f1      	bne.n	10004a88 <dcd_rp2040_irq+0x48>
10004aa4:	e7ee      	b.n	10004a84 <dcd_rp2040_irq+0x44>
10004aa6:	2300      	movs	r3, #0
10004aa8:	f88d 3004 	strb.w	r3, [sp, #4]
10004aac:	2306      	movs	r3, #6
10004aae:	f88d 3005 	strb.w	r3, [sp, #5]
10004ab2:	4b2c      	ldr	r3, [pc, #176]	@ (10004b64 <dcd_rp2040_irq+0x124>)
10004ab4:	e893 0003 	ldmia.w	r3, {r0, r1}
10004ab8:	ab04      	add	r3, sp, #16
10004aba:	e903 0003 	stmdb	r3, {r0, r1}
10004abe:	2101      	movs	r1, #1
10004ac0:	a801      	add	r0, sp, #4
10004ac2:	f002 fd8d 	bl	100075e0 <__dcd_event_handler_veneer>
10004ac6:	4b28      	ldr	r3, [pc, #160]	@ (10004b68 <dcd_rp2040_irq+0x128>)
10004ac8:	f44f 3200 	mov.w	r2, #131072	@ 0x20000
10004acc:	651a      	str	r2, [r3, #80]	@ 0x50
10004ace:	b13e      	cbz	r6, 10004ae0 <dcd_rp2040_irq+0xa0>
10004ad0:	4b26      	ldr	r3, [pc, #152]	@ (10004b6c <dcd_rp2040_irq+0x12c>)
10004ad2:	781b      	ldrb	r3, [r3, #0]
10004ad4:	b923      	cbnz	r3, 10004ae0 <dcd_rp2040_irq+0xa0>
10004ad6:	4b24      	ldr	r3, [pc, #144]	@ (10004b68 <dcd_rp2040_irq+0x128>)
10004ad8:	f44f 3200 	mov.w	r2, #131072	@ 0x20000
10004adc:	f8c3 2090 	str.w	r2, [r3, #144]	@ 0x90
10004ae0:	f415 5f80 	tst.w	r5, #4096	@ 0x1000
10004ae4:	d107      	bne.n	10004af6 <dcd_rp2040_irq+0xb6>
10004ae6:	f415 4f80 	tst.w	r5, #16384	@ 0x4000
10004aea:	d118      	bne.n	10004b1e <dcd_rp2040_irq+0xde>
10004aec:	f415 4f00 	tst.w	r5, #32768	@ 0x8000
10004af0:	d124      	bne.n	10004b3c <dcd_rp2040_irq+0xfc>
10004af2:	b004      	add	sp, #16
10004af4:	bd70      	pop	{r4, r5, r6, pc}
10004af6:	2400      	movs	r4, #0
10004af8:	4b18      	ldr	r3, [pc, #96]	@ (10004b5c <dcd_rp2040_irq+0x11c>)
10004afa:	601c      	str	r4, [r3, #0]
10004afc:	f7ff fedc 	bl	100048b8 <reset_non_control_endpoints>
10004b00:	f88d 4004 	strb.w	r4, [sp, #4]
10004b04:	2101      	movs	r1, #1
10004b06:	f88d 1005 	strb.w	r1, [sp, #5]
10004b0a:	f88d 4008 	strb.w	r4, [sp, #8]
10004b0e:	a801      	add	r0, sp, #4
10004b10:	f002 fd66 	bl	100075e0 <__dcd_event_handler_veneer>
10004b14:	4b14      	ldr	r3, [pc, #80]	@ (10004b68 <dcd_rp2040_irq+0x128>)
10004b16:	f44f 2200 	mov.w	r2, #524288	@ 0x80000
10004b1a:	651a      	str	r2, [r3, #80]	@ 0x50
10004b1c:	e7e3      	b.n	10004ae6 <dcd_rp2040_irq+0xa6>
10004b1e:	2300      	movs	r3, #0
10004b20:	f88d 3004 	strb.w	r3, [sp, #4]
10004b24:	2304      	movs	r3, #4
10004b26:	f88d 3005 	strb.w	r3, [sp, #5]
10004b2a:	2101      	movs	r1, #1
10004b2c:	eb0d 0003 	add.w	r0, sp, r3
10004b30:	f002 fd56 	bl	100075e0 <__dcd_event_handler_veneer>
10004b34:	4b0c      	ldr	r3, [pc, #48]	@ (10004b68 <dcd_rp2040_irq+0x128>)
10004b36:	2210      	movs	r2, #16
10004b38:	651a      	str	r2, [r3, #80]	@ 0x50
10004b3a:	e7d7      	b.n	10004aec <dcd_rp2040_irq+0xac>
10004b3c:	2300      	movs	r3, #0
10004b3e:	f88d 3004 	strb.w	r3, [sp, #4]
10004b42:	2305      	movs	r3, #5
10004b44:	f88d 3005 	strb.w	r3, [sp, #5]
10004b48:	2101      	movs	r1, #1
10004b4a:	a801      	add	r0, sp, #4
10004b4c:	f002 fd48 	bl	100075e0 <__dcd_event_handler_veneer>
10004b50:	4b05      	ldr	r3, [pc, #20]	@ (10004b68 <dcd_rp2040_irq+0x128>)
10004b52:	f44f 6200 	mov.w	r2, #2048	@ 0x800
10004b56:	651a      	str	r2, [r3, #80]	@ 0x50
10004b58:	e7cb      	b.n	10004af2 <dcd_rp2040_irq+0xb2>
10004b5a:	bf00      	nop
10004b5c:	50110000 	.word	0x50110000
10004b60:	2001b4d8 	.word	0x2001b4d8
10004b64:	50100000 	.word	0x50100000
10004b68:	50113000 	.word	0x50113000
10004b6c:	2001bab7 	.word	0x2001bab7

10004b70 <dcd_int_enable>:
10004b70:	b508      	push	{r3, lr}
10004b72:	b920      	cbnz	r0, 10004b7e <dcd_int_enable+0xe>
10004b74:	2101      	movs	r1, #1
10004b76:	200e      	movs	r0, #14
10004b78:	f7fd f958 	bl	10001e2c <irq_set_enabled>
10004b7c:	bd08      	pop	{r3, pc}
10004b7e:	4b03      	ldr	r3, [pc, #12]	@ (10004b8c <dcd_int_enable+0x1c>)
10004b80:	4a03      	ldr	r2, [pc, #12]	@ (10004b90 <dcd_int_enable+0x20>)
10004b82:	f44f 71ce 	mov.w	r1, #412	@ 0x19c
10004b86:	4803      	ldr	r0, [pc, #12]	@ (10004b94 <dcd_int_enable+0x24>)
10004b88:	f7ff fc38 	bl	100043fc <__assert_func>
10004b8c:	10007f90 	.word	0x10007f90
10004b90:	10008518 	.word	0x10008518
10004b94:	10007f40 	.word	0x10007f40

10004b98 <dcd_connect>:
10004b98:	4b02      	ldr	r3, [pc, #8]	@ (10004ba4 <dcd_connect+0xc>)
10004b9a:	f44f 3280 	mov.w	r2, #65536	@ 0x10000
10004b9e:	64da      	str	r2, [r3, #76]	@ 0x4c
10004ba0:	4770      	bx	lr
10004ba2:	bf00      	nop
10004ba4:	50112000 	.word	0x50112000

10004ba8 <dcd_init>:
10004ba8:	b570      	push	{r4, r5, r6, lr}
10004baa:	bb50      	cbnz	r0, 10004c02 <dcd_init+0x5a>
10004bac:	4606      	mov	r6, r0
10004bae:	f000 f97f 	bl	10004eb0 <rp2usb_init>
10004bb2:	4c17      	ldr	r4, [pc, #92]	@ (10004c10 <dcd_init+0x68>)
10004bb4:	230c      	movs	r3, #12
10004bb6:	67a3      	str	r3, [r4, #120]	@ 0x78
10004bb8:	22ff      	movs	r2, #255	@ 0xff
10004bba:	4916      	ldr	r1, [pc, #88]	@ (10004c14 <dcd_init+0x6c>)
10004bbc:	200e      	movs	r0, #14
10004bbe:	f7fd f977 	bl	10001eb0 <irq_add_shared_handler>
10004bc2:	2228      	movs	r2, #40	@ 0x28
10004bc4:	2100      	movs	r1, #0
10004bc6:	4814      	ldr	r0, [pc, #80]	@ (10004c18 <dcd_init+0x70>)
10004bc8:	f002 fc14 	bl	100073f4 <memset>
10004bcc:	2300      	movs	r3, #0
10004bce:	461a      	mov	r2, r3
10004bd0:	2140      	movs	r1, #64	@ 0x40
10004bd2:	4618      	mov	r0, r3
10004bd4:	f7ff fdfe 	bl	100047d4 <hw_endpoint_open>
10004bd8:	2300      	movs	r3, #0
10004bda:	461a      	mov	r2, r3
10004bdc:	2140      	movs	r1, #64	@ 0x40
10004bde:	2080      	movs	r0, #128	@ 0x80
10004be0:	f7ff fdf8 	bl	100047d4 <hw_endpoint_open>
10004be4:	f7ff fe68 	bl	100048b8 <reset_non_control_endpoints>
10004be8:	2501      	movs	r5, #1
10004bea:	6425      	str	r5, [r4, #64]	@ 0x40
10004bec:	f04f 5300 	mov.w	r3, #536870912	@ 0x20000000
10004bf0:	64e3      	str	r3, [r4, #76]	@ 0x4c
10004bf2:	4b0a      	ldr	r3, [pc, #40]	@ (10004c1c <dcd_init+0x74>)
10004bf4:	f8c4 3090 	str.w	r3, [r4, #144]	@ 0x90
10004bf8:	4630      	mov	r0, r6
10004bfa:	f7ff ffcd 	bl	10004b98 <dcd_connect>
10004bfe:	4628      	mov	r0, r5
10004c00:	bd70      	pop	{r4, r5, r6, pc}
10004c02:	4b07      	ldr	r3, [pc, #28]	@ (10004c20 <dcd_init+0x78>)
10004c04:	4a07      	ldr	r2, [pc, #28]	@ (10004c24 <dcd_init+0x7c>)
10004c06:	f44f 71b4 	mov.w	r1, #360	@ 0x168
10004c0a:	4807      	ldr	r0, [pc, #28]	@ (10004c28 <dcd_init+0x80>)
10004c0c:	f7ff fbf6 	bl	100043fc <__assert_func>
10004c10:	50110000 	.word	0x50110000
10004c14:	10004a41 	.word	0x10004a41
10004c18:	2001b4d8 	.word	0x2001b4d8
10004c1c:	0001d010 	.word	0x0001d010
10004c20:	10007f90 	.word	0x10007f90
10004c24:	1000853c 	.word	0x1000853c
10004c28:	10007f40 	.word	0x10007f40

10004c2c <dcd_sof_enable>:
10004c2c:	4b07      	ldr	r3, [pc, #28]	@ (10004c4c <dcd_sof_enable+0x20>)
10004c2e:	7019      	strb	r1, [r3, #0]
10004c30:	b129      	cbz	r1, 10004c3e <dcd_sof_enable+0x12>
10004c32:	4b07      	ldr	r3, [pc, #28]	@ (10004c50 <dcd_sof_enable+0x24>)
10004c34:	f44f 3200 	mov.w	r2, #131072	@ 0x20000
10004c38:	f8c3 2090 	str.w	r2, [r3, #144]	@ 0x90
10004c3c:	4770      	bx	lr
10004c3e:	4b05      	ldr	r3, [pc, #20]	@ (10004c54 <dcd_sof_enable+0x28>)
10004c40:	f44f 3200 	mov.w	r2, #131072	@ 0x20000
10004c44:	f8c3 2090 	str.w	r2, [r3, #144]	@ 0x90
10004c48:	4770      	bx	lr
10004c4a:	bf00      	nop
10004c4c:	2001bab7 	.word	0x2001bab7
10004c50:	50112000 	.word	0x50112000
10004c54:	50113000 	.word	0x50113000

10004c58 <dcd_edpt0_status_complete>:
10004c58:	780b      	ldrb	r3, [r1, #0]
10004c5a:	f013 0f1f 	tst.w	r3, #31
10004c5e:	d105      	bne.n	10004c6c <dcd_edpt0_status_complete+0x14>
10004c60:	f013 0f60 	tst.w	r3, #96	@ 0x60
10004c64:	d102      	bne.n	10004c6c <dcd_edpt0_status_complete+0x14>
10004c66:	784b      	ldrb	r3, [r1, #1]
10004c68:	2b05      	cmp	r3, #5
10004c6a:	d000      	beq.n	10004c6e <dcd_edpt0_status_complete+0x16>
10004c6c:	4770      	bx	lr
10004c6e:	884b      	ldrh	r3, [r1, #2]
10004c70:	b2db      	uxtb	r3, r3
10004c72:	4a01      	ldr	r2, [pc, #4]	@ (10004c78 <dcd_edpt0_status_complete+0x20>)
10004c74:	6013      	str	r3, [r2, #0]
10004c76:	e7f9      	b.n	10004c6c <dcd_edpt0_status_complete+0x14>
10004c78:	50110000 	.word	0x50110000

10004c7c <dcd_edpt_iso_alloc>:
10004c7c:	b508      	push	{r3, lr}
10004c7e:	4608      	mov	r0, r1
10004c80:	4611      	mov	r1, r2
10004c82:	2300      	movs	r3, #0
10004c84:	2201      	movs	r2, #1
10004c86:	f7ff fda5 	bl	100047d4 <hw_endpoint_open>
10004c8a:	2001      	movs	r0, #1
10004c8c:	bd08      	pop	{r3, pc}
	...

10004c90 <dcd_edpt_iso_activate>:
10004c90:	b570      	push	{r4, r5, r6, lr}
10004c92:	788c      	ldrb	r4, [r1, #2]
10004c94:	f004 050f 	and.w	r5, r4, #15
10004c98:	09e4      	lsrs	r4, r4, #7
10004c9a:	eb04 0384 	add.w	r3, r4, r4, lsl #2
10004c9e:	eb05 0085 	add.w	r0, r5, r5, lsl #2
10004ca2:	00c0      	lsls	r0, r0, #3
10004ca4:	eb00 0083 	add.w	r0, r0, r3, lsl #2
10004ca8:	4b1e      	ldr	r3, [pc, #120]	@ (10004d24 <dcd_edpt_iso_activate+0x94>)
10004caa:	4418      	add	r0, r3
10004cac:	6883      	ldr	r3, [r0, #8]
10004cae:	b323      	cbz	r3, 10004cfa <dcd_edpt_iso_activate+0x6a>
10004cb0:	460e      	mov	r6, r1
10004cb2:	eb04 0284 	add.w	r2, r4, r4, lsl #2
10004cb6:	eb05 0385 	add.w	r3, r5, r5, lsl #2
10004cba:	00db      	lsls	r3, r3, #3
10004cbc:	eb03 0382 	add.w	r3, r3, r2, lsl #2
10004cc0:	4a18      	ldr	r2, [pc, #96]	@ (10004d24 <dcd_edpt_iso_activate+0x94>)
10004cc2:	4413      	add	r3, r2
10004cc4:	789b      	ldrb	r3, [r3, #2]
10004cc6:	2b01      	cmp	r3, #1
10004cc8:	d027      	beq.n	10004d1a <dcd_edpt_iso_activate+0x8a>
10004cca:	88b1      	ldrh	r1, [r6, #4]
10004ccc:	eb04 0284 	add.w	r2, r4, r4, lsl #2
10004cd0:	eb05 0385 	add.w	r3, r5, r5, lsl #2
10004cd4:	00db      	lsls	r3, r3, #3
10004cd6:	eb03 0382 	add.w	r3, r3, r2, lsl #2
10004cda:	4a12      	ldr	r2, [pc, #72]	@ (10004d24 <dcd_edpt_iso_activate+0x94>)
10004cdc:	4413      	add	r3, r2
10004cde:	80d9      	strh	r1, [r3, #6]
10004ce0:	b1f5      	cbz	r5, 10004d20 <dcd_edpt_iso_activate+0x90>
10004ce2:	3d01      	subs	r5, #1
10004ce4:	4b10      	ldr	r3, [pc, #64]	@ (10004d28 <dcd_edpt_iso_activate+0x98>)
10004ce6:	eb03 03c5 	add.w	r3, r3, r5, lsl #3
10004cea:	b904      	cbnz	r4, 10004cee <dcd_edpt_iso_activate+0x5e>
10004cec:	3304      	adds	r3, #4
10004cee:	681a      	ldr	r2, [r3, #0]
10004cf0:	f042 4200 	orr.w	r2, r2, #2147483648	@ 0x80000000
10004cf4:	601a      	str	r2, [r3, #0]
10004cf6:	2001      	movs	r0, #1
10004cf8:	bd70      	pop	{r4, r5, r6, pc}
10004cfa:	f240 12f5 	movw	r2, #501	@ 0x1f5
10004cfe:	490b      	ldr	r1, [pc, #44]	@ (10004d2c <dcd_edpt_iso_activate+0x9c>)
10004d00:	480b      	ldr	r0, [pc, #44]	@ (10004d30 <dcd_edpt_iso_activate+0xa0>)
10004d02:	f7ff fcc5 	bl	10004690 <__wrap_printf>
10004d06:	f04f 23e0 	mov.w	r3, #3758153728	@ 0xe000e000
10004d0a:	f8d3 3df0 	ldr.w	r3, [r3, #3568]	@ 0xdf0
10004d0e:	f013 0f01 	tst.w	r3, #1
10004d12:	d000      	beq.n	10004d16 <dcd_edpt_iso_activate+0x86>
10004d14:	be00      	bkpt	0x0000
10004d16:	2000      	movs	r0, #0
10004d18:	e7ee      	b.n	10004cf8 <dcd_edpt_iso_activate+0x68>
10004d1a:	f7ff fe69 	bl	100049f0 <hw_endpoint_abort_xfer>
10004d1e:	e7d4      	b.n	10004cca <dcd_edpt_iso_activate+0x3a>
10004d20:	2001      	movs	r0, #1
10004d22:	e7e9      	b.n	10004cf8 <dcd_edpt_iso_activate+0x68>
10004d24:	2001b4d8 	.word	0x2001b4d8
10004d28:	50100008 	.word	0x50100008
10004d2c:	10008500 	.word	0x10008500
10004d30:	10007f9c 	.word	0x10007f9c

10004d34 <dcd_edpt_close_all>:
10004d34:	b508      	push	{r3, lr}
10004d36:	f7ff fdbf 	bl	100048b8 <reset_non_control_endpoints>
10004d3a:	bd08      	pop	{r3, pc}

10004d3c <dcd_edpt_xfer>:
10004d3c:	b510      	push	{r4, lr}
10004d3e:	b082      	sub	sp, #8
10004d40:	4694      	mov	ip, r2
10004d42:	469e      	mov	lr, r3
10004d44:	f001 040f 	and.w	r4, r1, #15
10004d48:	09cb      	lsrs	r3, r1, #7
10004d4a:	eb03 0283 	add.w	r2, r3, r3, lsl #2
10004d4e:	eb04 0184 	add.w	r1, r4, r4, lsl #2
10004d52:	00c9      	lsls	r1, r1, #3
10004d54:	eb01 0182 	add.w	r1, r1, r2, lsl #2
10004d58:	480c      	ldr	r0, [pc, #48]	@ (10004d8c <dcd_edpt_xfer+0x50>)
10004d5a:	4408      	add	r0, r1
10004d5c:	b1a4      	cbz	r4, 10004d88 <dcd_edpt_xfer+0x4c>
10004d5e:	1e62      	subs	r2, r4, #1
10004d60:	490b      	ldr	r1, [pc, #44]	@ (10004d90 <dcd_edpt_xfer+0x54>)
10004d62:	eb01 01c2 	add.w	r1, r1, r2, lsl #3
10004d66:	b903      	cbnz	r3, 10004d6a <dcd_edpt_xfer+0x2e>
10004d68:	3104      	adds	r1, #4
10004d6a:	4a0a      	ldr	r2, [pc, #40]	@ (10004d94 <dcd_edpt_xfer+0x58>)
10004d6c:	eb02 02c4 	add.w	r2, r2, r4, lsl #3
10004d70:	b903      	cbnz	r3, 10004d74 <dcd_edpt_xfer+0x38>
10004d72:	3204      	adds	r2, #4
10004d74:	f8cd e004 	str.w	lr, [sp, #4]
10004d78:	2300      	movs	r3, #0
10004d7a:	9300      	str	r3, [sp, #0]
10004d7c:	4663      	mov	r3, ip
10004d7e:	f000 f94b 	bl	10005018 <rp2usb_xfer_start>
10004d82:	2001      	movs	r0, #1
10004d84:	b002      	add	sp, #8
10004d86:	bd10      	pop	{r4, pc}
10004d88:	4621      	mov	r1, r4
10004d8a:	e7ee      	b.n	10004d6a <dcd_edpt_xfer+0x2e>
10004d8c:	2001b4d8 	.word	0x2001b4d8
10004d90:	50100008 	.word	0x50100008
10004d94:	50100080 	.word	0x50100080

10004d98 <dcd_set_address>:
10004d98:	b500      	push	{lr}
10004d9a:	b083      	sub	sp, #12
10004d9c:	2200      	movs	r2, #0
10004d9e:	9200      	str	r2, [sp, #0]
10004da0:	4613      	mov	r3, r2
10004da2:	2180      	movs	r1, #128	@ 0x80
10004da4:	f7ff ffca 	bl	10004d3c <dcd_edpt_xfer>
10004da8:	b003      	add	sp, #12
10004daa:	bd00      	pop	{pc}

10004dac <dcd_edpt_stall>:
10004dac:	b538      	push	{r3, r4, r5, lr}
10004dae:	f001 050f 	and.w	r5, r1, #15
10004db2:	09cc      	lsrs	r4, r1, #7
10004db4:	eb04 0384 	add.w	r3, r4, r4, lsl #2
10004db8:	eb05 0085 	add.w	r0, r5, r5, lsl #2
10004dbc:	00c0      	lsls	r0, r0, #3
10004dbe:	eb00 0083 	add.w	r0, r0, r3, lsl #2
10004dc2:	4b0a      	ldr	r3, [pc, #40]	@ (10004dec <dcd_edpt_stall+0x40>)
10004dc4:	4418      	add	r0, r3
10004dc6:	b91d      	cbnz	r5, 10004dd0 <dcd_edpt_stall+0x24>
10004dc8:	b96c      	cbnz	r4, 10004de6 <dcd_edpt_stall+0x3a>
10004dca:	2202      	movs	r2, #2
10004dcc:	4b08      	ldr	r3, [pc, #32]	@ (10004df0 <dcd_edpt_stall+0x44>)
10004dce:	669a      	str	r2, [r3, #104]	@ 0x68
10004dd0:	f7ff fe0e 	bl	100049f0 <hw_endpoint_abort_xfer>
10004dd4:	4b07      	ldr	r3, [pc, #28]	@ (10004df4 <dcd_edpt_stall+0x48>)
10004dd6:	eb03 03c5 	add.w	r3, r3, r5, lsl #3
10004dda:	b904      	cbnz	r4, 10004dde <dcd_edpt_stall+0x32>
10004ddc:	3304      	adds	r3, #4
10004dde:	f44f 6200 	mov.w	r2, #2048	@ 0x800
10004de2:	601a      	str	r2, [r3, #0]
10004de4:	bd38      	pop	{r3, r4, r5, pc}
10004de6:	2201      	movs	r2, #1
10004de8:	e7f0      	b.n	10004dcc <dcd_edpt_stall+0x20>
10004dea:	bf00      	nop
10004dec:	2001b4d8 	.word	0x2001b4d8
10004df0:	50112000 	.word	0x50112000
10004df4:	50100080 	.word	0x50100080

10004df8 <dcd_edpt_clear_stall>:
10004df8:	09ca      	lsrs	r2, r1, #7
10004dfa:	f011 010f 	ands.w	r1, r1, #15
10004dfe:	d011      	beq.n	10004e24 <dcd_edpt_clear_stall+0x2c>
10004e00:	eb02 0082 	add.w	r0, r2, r2, lsl #2
10004e04:	eb01 0381 	add.w	r3, r1, r1, lsl #2
10004e08:	00db      	lsls	r3, r3, #3
10004e0a:	eb03 0380 	add.w	r3, r3, r0, lsl #2
10004e0e:	4806      	ldr	r0, [pc, #24]	@ (10004e28 <dcd_edpt_clear_stall+0x30>)
10004e10:	4403      	add	r3, r0
10004e12:	2000      	movs	r0, #0
10004e14:	7058      	strb	r0, [r3, #1]
10004e16:	4b05      	ldr	r3, [pc, #20]	@ (10004e2c <dcd_edpt_clear_stall+0x34>)
10004e18:	eb03 03c1 	add.w	r3, r3, r1, lsl #3
10004e1c:	b902      	cbnz	r2, 10004e20 <dcd_edpt_clear_stall+0x28>
10004e1e:	3304      	adds	r3, #4
10004e20:	2200      	movs	r2, #0
10004e22:	601a      	str	r2, [r3, #0]
10004e24:	4770      	bx	lr
10004e26:	bf00      	nop
10004e28:	2001b4d8 	.word	0x2001b4d8
10004e2c:	50100080 	.word	0x50100080

10004e30 <unaligned_memcpy>:
10004e30:	e005      	b.n	10004e3e <unaligned_memcpy+0xe>
10004e32:	f811 3b01 	ldrb.w	r3, [r1], #1
10004e36:	b2db      	uxtb	r3, r3
10004e38:	f800 3b01 	strb.w	r3, [r0], #1
10004e3c:	4662      	mov	r2, ip
10004e3e:	f102 3cff 	add.w	ip, r2, #4294967295	@ 0xffffffff
10004e42:	2a00      	cmp	r2, #0
10004e44:	d1f5      	bne.n	10004e32 <unaligned_memcpy+0x2>
10004e46:	4770      	bx	lr

10004e48 <bufctrl_sync16>:
10004e48:	b538      	push	{r3, r4, r5, lr}
10004e4a:	4604      	mov	r4, r0
10004e4c:	f3c2 0509 	ubfx	r5, r2, #0, #10
10004e50:	b999      	cbnz	r1, 10004e7a <bufctrl_sync16+0x32>
10004e52:	f412 4f00 	tst.w	r2, #32768	@ 0x8000
10004e56:	d109      	bne.n	10004e6c <bufctrl_sync16+0x24>
10004e58:	8a63      	ldrh	r3, [r4, #18]
10004e5a:	442b      	add	r3, r5
10004e5c:	8263      	strh	r3, [r4, #18]
10004e5e:	88e3      	ldrh	r3, [r4, #6]
10004e60:	42ab      	cmp	r3, r5
10004e62:	d901      	bls.n	10004e68 <bufctrl_sync16+0x20>
10004e64:	2300      	movs	r3, #0
10004e66:	8223      	strh	r3, [r4, #16]
10004e68:	4628      	mov	r0, r5
10004e6a:	bd38      	pop	{r3, r4, r5, pc}
10004e6c:	4b0c      	ldr	r3, [pc, #48]	@ (10004ea0 <bufctrl_sync16+0x58>)
10004e6e:	4a0d      	ldr	r2, [pc, #52]	@ (10004ea4 <bufctrl_sync16+0x5c>)
10004e70:	f44f 7194 	mov.w	r1, #296	@ 0x128
10004e74:	480c      	ldr	r0, [pc, #48]	@ (10004ea8 <bufctrl_sync16+0x60>)
10004e76:	f7ff fac1 	bl	100043fc <__assert_func>
10004e7a:	f412 4f00 	tst.w	r2, #32768	@ 0x8000
10004e7e:	d008      	beq.n	10004e92 <bufctrl_sync16+0x4a>
10004e80:	462a      	mov	r2, r5
10004e82:	4619      	mov	r1, r3
10004e84:	68c0      	ldr	r0, [r0, #12]
10004e86:	f7ff ffd3 	bl	10004e30 <unaligned_memcpy>
10004e8a:	68e3      	ldr	r3, [r4, #12]
10004e8c:	442b      	add	r3, r5
10004e8e:	60e3      	str	r3, [r4, #12]
10004e90:	e7e2      	b.n	10004e58 <bufctrl_sync16+0x10>
10004e92:	4b06      	ldr	r3, [pc, #24]	@ (10004eac <bufctrl_sync16+0x64>)
10004e94:	4a03      	ldr	r2, [pc, #12]	@ (10004ea4 <bufctrl_sync16+0x5c>)
10004e96:	f44f 7196 	mov.w	r1, #300	@ 0x12c
10004e9a:	4803      	ldr	r0, [pc, #12]	@ (10004ea8 <bufctrl_sync16+0x60>)
10004e9c:	f7ff faae 	bl	100043fc <__assert_func>
10004ea0:	10007fb4 	.word	0x10007fb4
10004ea4:	10008548 	.word	0x10008548
10004ea8:	10007fd4 	.word	0x10007fd4
10004eac:	10008024 	.word	0x10008024

10004eb0 <rp2usb_init>:
10004eb0:	b508      	push	{r3, lr}
10004eb2:	f04f 5380 	mov.w	r3, #268435456	@ 0x10000000
10004eb6:	4a0b      	ldr	r2, [pc, #44]	@ (10004ee4 <rp2usb_init+0x34>)
10004eb8:	6013      	str	r3, [r2, #0]
10004eba:	f502 5280 	add.w	r2, r2, #4096	@ 0x1000
10004ebe:	6013      	str	r3, [r2, #0]
10004ec0:	4b09      	ldr	r3, [pc, #36]	@ (10004ee8 <rp2usb_init+0x38>)
10004ec2:	689b      	ldr	r3, [r3, #8]
10004ec4:	f013 5f80 	tst.w	r3, #268435456	@ 0x10000000
10004ec8:	d0fa      	beq.n	10004ec0 <rp2usb_init+0x10>
10004eca:	f44f 5280 	mov.w	r2, #4096	@ 0x1000
10004ece:	2100      	movs	r1, #0
10004ed0:	4806      	ldr	r0, [pc, #24]	@ (10004eec <rp2usb_init+0x3c>)
10004ed2:	f002 fa8f 	bl	100073f4 <memset>
10004ed6:	4b06      	ldr	r3, [pc, #24]	@ (10004ef0 <rp2usb_init+0x40>)
10004ed8:	2209      	movs	r2, #9
10004eda:	675a      	str	r2, [r3, #116]	@ 0x74
10004edc:	4805      	ldr	r0, [pc, #20]	@ (10004ef4 <rp2usb_init+0x44>)
10004ede:	f7fd f9d1 	bl	10002284 <critical_section_init>
10004ee2:	bd08      	pop	{r3, pc}
10004ee4:	40022000 	.word	0x40022000
10004ee8:	40020000 	.word	0x40020000
10004eec:	50100000 	.word	0x50100000
10004ef0:	50110000 	.word	0x50110000
10004ef4:	2001baa4 	.word	0x2001baa4

10004ef8 <rp2usb_reset_transfer>:
10004ef8:	2300      	movs	r3, #0
10004efa:	7083      	strb	r3, [r0, #2]
10004efc:	8203      	strh	r3, [r0, #16]
10004efe:	8243      	strh	r3, [r0, #18]
10004f00:	60c3      	str	r3, [r0, #12]
10004f02:	4770      	bx	lr

10004f04 <bufctrl_write32>:
10004f04:	b508      	push	{r3, lr}
10004f06:	6803      	ldr	r3, [r0, #0]
10004f08:	400b      	ands	r3, r1
10004f0a:	f013 2f04 	tst.w	r3, #67109888	@ 0x4000400
10004f0e:	d10f      	bne.n	10004f30 <bufctrl_write32+0x2c>
10004f10:	f021 2304 	bic.w	r3, r1, #67109888	@ 0x4000400
10004f14:	6003      	str	r3, [r0, #0]
10004f16:	f011 2f04 	tst.w	r1, #67109888	@ 0x4000400
10004f1a:	d008      	beq.n	10004f2e <bufctrl_write32+0x2a>
10004f1c:	4b06      	ldr	r3, [pc, #24]	@ (10004f38 <bufctrl_write32+0x34>)
10004f1e:	6c1b      	ldr	r3, [r3, #64]	@ 0x40
10004f20:	f013 0f02 	tst.w	r3, #2
10004f24:	d102      	bne.n	10004f2c <bufctrl_write32+0x28>
10004f26:	230c      	movs	r3, #12
10004f28:	3b03      	subs	r3, #3
10004f2a:	d2fd      	bcs.n	10004f28 <bufctrl_write32+0x24>
10004f2c:	6001      	str	r1, [r0, #0]
10004f2e:	bd08      	pop	{r3, pc}
10004f30:	4601      	mov	r1, r0
10004f32:	4802      	ldr	r0, [pc, #8]	@ (10004f3c <bufctrl_write32+0x38>)
10004f34:	f7fc f98e 	bl	10001254 <panic>
10004f38:	50110000 	.word	0x50110000
10004f3c:	10008044 	.word	0x10008044

10004f40 <bufctrl_write16>:
10004f40:	b508      	push	{r3, lr}
10004f42:	8803      	ldrh	r3, [r0, #0]
10004f44:	400b      	ands	r3, r1
10004f46:	f413 6f80 	tst.w	r3, #1024	@ 0x400
10004f4a:	d110      	bne.n	10004f6e <bufctrl_write16+0x2e>
10004f4c:	f421 6380 	bic.w	r3, r1, #1024	@ 0x400
10004f50:	b29b      	uxth	r3, r3
10004f52:	8003      	strh	r3, [r0, #0]
10004f54:	f411 6f80 	tst.w	r1, #1024	@ 0x400
10004f58:	d008      	beq.n	10004f6c <bufctrl_write16+0x2c>
10004f5a:	4b07      	ldr	r3, [pc, #28]	@ (10004f78 <bufctrl_write16+0x38>)
10004f5c:	6c1b      	ldr	r3, [r3, #64]	@ 0x40
10004f5e:	f013 0f02 	tst.w	r3, #2
10004f62:	d102      	bne.n	10004f6a <bufctrl_write16+0x2a>
10004f64:	230c      	movs	r3, #12
10004f66:	3b03      	subs	r3, #3
10004f68:	d2fd      	bcs.n	10004f66 <bufctrl_write16+0x26>
10004f6a:	8001      	strh	r1, [r0, #0]
10004f6c:	bd08      	pop	{r3, pc}
10004f6e:	4601      	mov	r1, r0
10004f70:	4802      	ldr	r0, [pc, #8]	@ (10004f7c <bufctrl_write16+0x3c>)
10004f72:	f7fc f96f 	bl	10001254 <panic>
10004f76:	bf00      	nop
10004f78:	50110000 	.word	0x50110000
10004f7c:	10008044 	.word	0x10008044

10004f80 <bufctrl_prepare16>:
10004f80:	b570      	push	{r4, r5, r6, lr}
10004f82:	4604      	mov	r4, r0
10004f84:	4608      	mov	r0, r1
10004f86:	8a23      	ldrh	r3, [r4, #16]
10004f88:	88e5      	ldrh	r5, [r4, #6]
10004f8a:	429d      	cmp	r5, r3
10004f8c:	bf28      	it	cs
10004f8e:	461d      	movcs	r5, r3
10004f90:	1b5b      	subs	r3, r3, r5
10004f92:	8223      	strh	r3, [r4, #16]
10004f94:	f445 6680 	orr.w	r6, r5, #1024	@ 0x400
10004f98:	7863      	ldrb	r3, [r4, #1]
10004f9a:	b10b      	cbz	r3, 10004fa0 <bufctrl_prepare16+0x20>
10004f9c:	f445 5610 	orr.w	r6, r5, #9216	@ 0x2400
10004fa0:	f083 0301 	eor.w	r3, r3, #1
10004fa4:	7063      	strb	r3, [r4, #1]
10004fa6:	b912      	cbnz	r2, 10004fae <bufctrl_prepare16+0x2e>
10004fa8:	b93d      	cbnz	r5, 10004fba <bufctrl_prepare16+0x3a>
10004faa:	f446 4600 	orr.w	r6, r6, #32768	@ 0x8000
10004fae:	8a23      	ldrh	r3, [r4, #16]
10004fb0:	b90b      	cbnz	r3, 10004fb6 <bufctrl_prepare16+0x36>
10004fb2:	f446 4680 	orr.w	r6, r6, #16384	@ 0x4000
10004fb6:	4630      	mov	r0, r6
10004fb8:	bd70      	pop	{r4, r5, r6, pc}
10004fba:	462a      	mov	r2, r5
10004fbc:	68e1      	ldr	r1, [r4, #12]
10004fbe:	f7ff ff37 	bl	10004e30 <unaligned_memcpy>
10004fc2:	68e3      	ldr	r3, [r4, #12]
10004fc4:	442b      	add	r3, r5
10004fc6:	60e3      	str	r3, [r4, #12]
10004fc8:	e7ef      	b.n	10004faa <bufctrl_prepare16+0x2a>

10004fca <rp2usb_buffer_start>:
10004fca:	e92d 43f8 	stmdb	sp!, {r3, r4, r5, r6, r7, r8, r9, lr}
10004fce:	4606      	mov	r6, r0
10004fd0:	460d      	mov	r5, r1
10004fd2:	4617      	mov	r7, r2
10004fd4:	4699      	mov	r9, r3
10004fd6:	461a      	mov	r2, r3
10004fd8:	6881      	ldr	r1, [r0, #8]
10004fda:	f7ff ffd1 	bl	10004f80 <bufctrl_prepare16>
10004fde:	f440 5480 	orr.w	r4, r0, #4096	@ 0x1000
10004fe2:	b2a4      	uxth	r4, r4
10004fe4:	b135      	cbz	r5, 10004ff4 <rp2usb_buffer_start+0x2a>
10004fe6:	682b      	ldr	r3, [r5, #0]
10004fe8:	4698      	mov	r8, r3
10004fea:	8a33      	ldrh	r3, [r6, #16]
10004fec:	b943      	cbnz	r3, 10005000 <rp2usb_buffer_start+0x36>
10004fee:	f028 4380 	bic.w	r3, r8, #1073741824	@ 0x40000000
10004ff2:	602b      	str	r3, [r5, #0]
10004ff4:	4621      	mov	r1, r4
10004ff6:	4638      	mov	r0, r7
10004ff8:	f7ff ff84 	bl	10004f04 <bufctrl_write32>
10004ffc:	e8bd 83f8 	ldmia.w	sp!, {r3, r4, r5, r6, r7, r8, r9, pc}
10005000:	68b1      	ldr	r1, [r6, #8]
10005002:	464a      	mov	r2, r9
10005004:	3140      	adds	r1, #64	@ 0x40
10005006:	4630      	mov	r0, r6
10005008:	f7ff ffba 	bl	10004f80 <bufctrl_prepare16>
1000500c:	ea44 4400 	orr.w	r4, r4, r0, lsl #16
10005010:	f048 4380 	orr.w	r3, r8, #1073741824	@ 0x40000000
10005014:	e7ed      	b.n	10004ff2 <rp2usb_buffer_start+0x28>
	...

10005018 <rp2usb_xfer_start>:
10005018:	e92d 43f0 	stmdb	sp!, {r4, r5, r6, r7, r8, r9, lr}
1000501c:	b085      	sub	sp, #20
1000501e:	4604      	mov	r4, r0
10005020:	4688      	mov	r8, r1
10005022:	4691      	mov	r9, r2
10005024:	461e      	mov	r6, r3
10005026:	7883      	ldrb	r3, [r0, #2]
10005028:	2b01      	cmp	r3, #1
1000502a:	d020      	beq.n	1000506e <rp2usb_xfer_start+0x56>
1000502c:	f8bd 3034 	ldrh.w	r3, [sp, #52]	@ 0x34
10005030:	8223      	strh	r3, [r4, #16]
10005032:	2300      	movs	r3, #0
10005034:	8263      	strh	r3, [r4, #18]
10005036:	2301      	movs	r3, #1
10005038:	70a3      	strb	r3, [r4, #2]
1000503a:	60e6      	str	r6, [r4, #12]
1000503c:	4b26      	ldr	r3, [pc, #152]	@ (100050d8 <rp2usb_xfer_start+0xc0>)
1000503e:	6c1b      	ldr	r3, [r3, #64]	@ 0x40
10005040:	f3c3 0240 	ubfx	r2, r3, #1, #1
10005044:	7821      	ldrb	r1, [r4, #0]
10005046:	ebb2 1fd1 	cmp.w	r2, r1, lsr #7
1000504a:	bf0c      	ite	eq
1000504c:	2201      	moveq	r2, #1
1000504e:	2200      	movne	r2, #0
10005050:	4617      	mov	r7, r2
10005052:	f013 0f02 	tst.w	r3, #2
10005056:	d101      	bne.n	1000505c <rp2usb_xfer_start+0x44>
10005058:	7925      	ldrb	r5, [r4, #4]
1000505a:	b985      	cbnz	r5, 1000507e <rp2usb_xfer_start+0x66>
1000505c:	463b      	mov	r3, r7
1000505e:	464a      	mov	r2, r9
10005060:	4641      	mov	r1, r8
10005062:	4620      	mov	r0, r4
10005064:	f7ff ffb1 	bl	10004fca <rp2usb_buffer_start>
10005068:	b005      	add	sp, #20
1000506a:	e8bd 83f0 	ldmia.w	sp!, {r4, r5, r6, r7, r8, r9, pc}
1000506e:	7801      	ldrb	r1, [r0, #0]
10005070:	481a      	ldr	r0, [pc, #104]	@ (100050dc <rp2usb_xfer_start+0xc4>)
10005072:	f7ff fb0d 	bl	10004690 <__wrap_printf>
10005076:	4620      	mov	r0, r4
10005078:	f7ff ff3e 	bl	10004ef8 <rp2usb_reset_transfer>
1000507c:	e7d6      	b.n	1000502c <rp2usb_xfer_start+0x14>
1000507e:	68a3      	ldr	r3, [r4, #8]
10005080:	78e1      	ldrb	r1, [r4, #3]
10005082:	462a      	mov	r2, r5
10005084:	eb03 1181 	add.w	r1, r3, r1, lsl #6
10005088:	4630      	mov	r0, r6
1000508a:	f002 f9f7 	bl	1000747c <memcpy>
1000508e:	8a63      	ldrh	r3, [r4, #18]
10005090:	442b      	add	r3, r5
10005092:	b29b      	uxth	r3, r3
10005094:	461e      	mov	r6, r3
10005096:	8263      	strh	r3, [r4, #18]
10005098:	8a23      	ldrh	r3, [r4, #16]
1000509a:	1b5b      	subs	r3, r3, r5
1000509c:	b29b      	uxth	r3, r3
1000509e:	8223      	strh	r3, [r4, #16]
100050a0:	68e2      	ldr	r2, [r4, #12]
100050a2:	442a      	add	r2, r5
100050a4:	60e2      	str	r2, [r4, #12]
100050a6:	2200      	movs	r2, #0
100050a8:	7122      	strb	r2, [r4, #4]
100050aa:	70e2      	strb	r2, [r4, #3]
100050ac:	2b00      	cmp	r3, #0
100050ae:	d1d5      	bne.n	1000505c <rp2usb_xfer_start+0x44>
100050b0:	4620      	mov	r0, r4
100050b2:	f7ff ff21 	bl	10004ef8 <rp2usb_reset_transfer>
100050b6:	7823      	ldrb	r3, [r4, #0]
100050b8:	2100      	movs	r1, #0
100050ba:	f88d 1004 	strb.w	r1, [sp, #4]
100050be:	2207      	movs	r2, #7
100050c0:	f88d 2005 	strb.w	r2, [sp, #5]
100050c4:	f88d 3008 	strb.w	r3, [sp, #8]
100050c8:	9603      	str	r6, [sp, #12]
100050ca:	f88d 1009 	strb.w	r1, [sp, #9]
100050ce:	a801      	add	r0, sp, #4
100050d0:	f002 fa86 	bl	100075e0 <__dcd_event_handler_veneer>
100050d4:	e7c8      	b.n	10005068 <rp2usb_xfer_start+0x50>
100050d6:	bf00      	nop
100050d8:	50110000 	.word	0x50110000
100050dc:	10008068 	.word	0x10008068

100050e0 <rp2usb_xfer_continue>:
100050e0:	e92d 4ff0 	stmdb	sp!, {r4, r5, r6, r7, r8, r9, sl, fp, lr}
100050e4:	b083      	sub	sp, #12
100050e6:	461d      	mov	r5, r3
100050e8:	f89d 3030 	ldrb.w	r3, [sp, #48]	@ 0x30
100050ec:	4698      	mov	r8, r3
100050ee:	7883      	ldrb	r3, [r0, #2]
100050f0:	2b00      	cmp	r3, #0
100050f2:	d07e      	beq.n	100051f2 <rp2usb_xfer_continue+0x112>
100050f4:	4604      	mov	r4, r0
100050f6:	4691      	mov	r9, r2
100050f8:	4b40      	ldr	r3, [pc, #256]	@ (100051fc <rp2usb_xfer_continue+0x11c>)
100050fa:	6c1b      	ldr	r3, [r3, #64]	@ 0x40
100050fc:	f003 0302 	and.w	r3, r3, #2
10005100:	9301      	str	r3, [sp, #4]
10005102:	b1e9      	cbz	r1, 10005140 <rp2usb_xfer_continue+0x60>
10005104:	680b      	ldr	r3, [r1, #0]
10005106:	f013 4f80 	tst.w	r3, #1073741824	@ 0x40000000
1000510a:	d11b      	bne.n	10005144 <rp2usb_xfer_continue+0x64>
1000510c:	2300      	movs	r3, #0
1000510e:	469a      	mov	sl, r3
10005110:	68a6      	ldr	r6, [r4, #8]
10005112:	b105      	cbz	r5, 10005116 <rp2usb_xfer_continue+0x36>
10005114:	3640      	adds	r6, #64	@ 0x40
10005116:	eb09 0245 	add.w	r2, r9, r5, lsl #1
1000511a:	4693      	mov	fp, r2
1000511c:	f839 3015 	ldrh.w	r3, [r9, r5, lsl #1]
10005120:	b29b      	uxth	r3, r3
10005122:	461f      	mov	r7, r3
10005124:	4633      	mov	r3, r6
10005126:	463a      	mov	r2, r7
10005128:	4641      	mov	r1, r8
1000512a:	4620      	mov	r0, r4
1000512c:	f7ff fe8c 	bl	10004e48 <bufctrl_sync16>
10005130:	f407 4380 	and.w	r3, r7, #16384	@ 0x4000
10005134:	88e2      	ldrh	r2, [r4, #6]
10005136:	4282      	cmp	r2, r0
10005138:	d806      	bhi.n	10005148 <rp2usb_xfer_continue+0x68>
1000513a:	b1eb      	cbz	r3, 10005178 <rp2usb_xfer_continue+0x98>
1000513c:	2101      	movs	r1, #1
1000513e:	e004      	b.n	1000514a <rp2usb_xfer_continue+0x6a>
10005140:	460b      	mov	r3, r1
10005142:	e7e4      	b.n	1000510e <rp2usb_xfer_continue+0x2e>
10005144:	2301      	movs	r3, #1
10005146:	e7e2      	b.n	1000510e <rp2usb_xfer_continue+0x2e>
10005148:	2101      	movs	r1, #1
1000514a:	460f      	mov	r7, r1
1000514c:	4282      	cmp	r2, r0
1000514e:	d904      	bls.n	1000515a <rp2usb_xfer_continue+0x7a>
10005150:	4652      	mov	r2, sl
10005152:	b112      	cbz	r2, 1000515a <rp2usb_xfer_continue+0x7a>
10005154:	4642      	mov	r2, r8
10005156:	b102      	cbz	r2, 1000515a <rp2usb_xfer_continue+0x7a>
10005158:	b183      	cbz	r3, 1000517c <rp2usb_xfer_continue+0x9c>
1000515a:	2f00      	cmp	r7, #0
1000515c:	d14a      	bne.n	100051f4 <rp2usb_xfer_continue+0x114>
1000515e:	8a23      	ldrh	r3, [r4, #16]
10005160:	2b00      	cmp	r3, #0
10005162:	d047      	beq.n	100051f4 <rp2usb_xfer_continue+0x114>
10005164:	4642      	mov	r2, r8
10005166:	4631      	mov	r1, r6
10005168:	4620      	mov	r0, r4
1000516a:	f7ff ff09 	bl	10004f80 <bufctrl_prepare16>
1000516e:	4601      	mov	r1, r0
10005170:	4658      	mov	r0, fp
10005172:	f7ff fee5 	bl	10004f40 <bufctrl_write16>
10005176:	e03d      	b.n	100051f4 <rp2usb_xfer_continue+0x114>
10005178:	4619      	mov	r1, r3
1000517a:	e7e6      	b.n	1000514a <rp2usb_xfer_continue+0x6a>
1000517c:	7823      	ldrb	r3, [r4, #0]
1000517e:	f003 030f 	and.w	r3, r3, #15
10005182:	005b      	lsls	r3, r3, #1
10005184:	2201      	movs	r2, #1
10005186:	409a      	lsls	r2, r3
10005188:	9b01      	ldr	r3, [sp, #4]
1000518a:	b30b      	cbz	r3, 100051d0 <rp2usb_xfer_continue+0xf0>
1000518c:	491b      	ldr	r1, [pc, #108]	@ (100051fc <rp2usb_xfer_continue+0x11c>)
1000518e:	6cc8      	ldr	r0, [r1, #76]	@ 0x4c
10005190:	4b1b      	ldr	r3, [pc, #108]	@ (10005200 <rp2usb_xfer_continue+0x120>)
10005192:	4003      	ands	r3, r0
10005194:	f043 0310 	orr.w	r3, r3, #16
10005198:	64cb      	str	r3, [r1, #76]	@ 0x4c
1000519a:	4b18      	ldr	r3, [pc, #96]	@ (100051fc <rp2usb_xfer_continue+0x11c>)
1000519c:	6cdb      	ldr	r3, [r3, #76]	@ 0x4c
1000519e:	f013 0f10 	tst.w	r3, #16
100051a2:	d1fa      	bne.n	1000519a <rp2usb_xfer_continue+0xba>
100051a4:	f085 0501 	eor.w	r5, r5, #1
100051a8:	f839 3015 	ldrh.w	r3, [r9, r5, lsl #1]
100051ac:	b299      	uxth	r1, r3
100051ae:	f413 4f00 	tst.w	r3, #32768	@ 0x8000
100051b2:	d115      	bne.n	100051e0 <rp2usb_xfer_continue+0x100>
100051b4:	7863      	ldrb	r3, [r4, #1]
100051b6:	f083 0301 	eor.w	r3, r3, #1
100051ba:	7063      	strb	r3, [r4, #1]
100051bc:	2300      	movs	r3, #0
100051be:	f8c9 3000 	str.w	r3, [r9]
100051c2:	9b01      	ldr	r3, [sp, #4]
100051c4:	b913      	cbnz	r3, 100051cc <rp2usb_xfer_continue+0xec>
100051c6:	4b0f      	ldr	r3, [pc, #60]	@ (10005204 <rp2usb_xfer_continue+0x124>)
100051c8:	665a      	str	r2, [r3, #100]	@ 0x64
100051ca:	661a      	str	r2, [r3, #96]	@ 0x60
100051cc:	4647      	mov	r7, r8
100051ce:	e011      	b.n	100051f4 <rp2usb_xfer_continue+0x114>
100051d0:	4b0d      	ldr	r3, [pc, #52]	@ (10005208 <rp2usb_xfer_continue+0x128>)
100051d2:	661a      	str	r2, [r3, #96]	@ 0x60
100051d4:	4b09      	ldr	r3, [pc, #36]	@ (100051fc <rp2usb_xfer_continue+0x11c>)
100051d6:	6e5b      	ldr	r3, [r3, #100]	@ 0x64
100051d8:	ea32 0303 	bics.w	r3, r2, r3
100051dc:	d1fa      	bne.n	100051d4 <rp2usb_xfer_continue+0xf4>
100051de:	e7e1      	b.n	100051a4 <rp2usb_xfer_continue+0xc4>
100051e0:	9b01      	ldr	r3, [sp, #4]
100051e2:	b11b      	cbz	r3, 100051ec <rp2usb_xfer_continue+0x10c>
100051e4:	2300      	movs	r3, #0
100051e6:	f8c9 3000 	str.w	r3, [r9]
100051ea:	e7ef      	b.n	100051cc <rp2usb_xfer_continue+0xec>
100051ec:	7121      	strb	r1, [r4, #4]
100051ee:	70e5      	strb	r5, [r4, #3]
100051f0:	e7e4      	b.n	100051bc <rp2usb_xfer_continue+0xdc>
100051f2:	461f      	mov	r7, r3
100051f4:	4638      	mov	r0, r7
100051f6:	b003      	add	sp, #12
100051f8:	e8bd 8ff0 	ldmia.w	sp!, {r4, r5, r6, r7, r8, r9, sl, fp, pc}
100051fc:	50110000 	.word	0x50110000
10005200:	20008600 	.word	0x20008600
10005204:	50113000 	.word	0x50113000
10005208:	50112000 	.word	0x50112000

1000520c <tud_vendor_control_xfer_cb>:
1000520c:	2000      	movs	r0, #0
1000520e:	4770      	bx	lr

10005210 <invoke_class_control>:
10005210:	b508      	push	{r3, lr}
10005212:	694b      	ldr	r3, [r1, #20]
10005214:	4902      	ldr	r1, [pc, #8]	@ (10005220 <invoke_class_control+0x10>)
10005216:	610b      	str	r3, [r1, #16]
10005218:	2101      	movs	r1, #1
1000521a:	4798      	blx	r3
1000521c:	bd08      	pop	{r3, pc}
1000521e:	bf00      	nop
10005220:	2001a418 	.word	0x2001a418

10005224 <configuration_reset>:
10005224:	b538      	push	{r3, r4, r5, lr}
10005226:	4605      	mov	r5, r0
10005228:	2400      	movs	r4, #0
1000522a:	e00d      	b.n	10005248 <configuration_reset+0x24>
1000522c:	1ae3      	subs	r3, r4, r3
1000522e:	f013 03ff 	ands.w	r3, r3, #255	@ 0xff
10005232:	d118      	bne.n	10005266 <configuration_reset+0x42>
10005234:	eb03 03c3 	add.w	r3, r3, r3, lsl #3
10005238:	4a1e      	ldr	r2, [pc, #120]	@ (100052b4 <configuration_reset+0x90>)
1000523a:	eb02 0383 	add.w	r3, r2, r3, lsl #2
1000523e:	68db      	ldr	r3, [r3, #12]
10005240:	4628      	mov	r0, r5
10005242:	4798      	blx	r3
10005244:	3401      	adds	r4, #1
10005246:	b2e4      	uxtb	r4, r4
10005248:	4b1b      	ldr	r3, [pc, #108]	@ (100052b8 <configuration_reset+0x94>)
1000524a:	781b      	ldrb	r3, [r3, #0]
1000524c:	1c5a      	adds	r2, r3, #1
1000524e:	b2d2      	uxtb	r2, r2
10005250:	42a2      	cmp	r2, r4
10005252:	d917      	bls.n	10005284 <configuration_reset+0x60>
10005254:	42a3      	cmp	r3, r4
10005256:	d9e9      	bls.n	1000522c <configuration_reset+0x8>
10005258:	4b18      	ldr	r3, [pc, #96]	@ (100052bc <configuration_reset+0x98>)
1000525a:	681b      	ldr	r3, [r3, #0]
1000525c:	eb04 02c4 	add.w	r2, r4, r4, lsl #3
10005260:	eb13 0382 	adds.w	r3, r3, r2, lsl #2
10005264:	d1eb      	bne.n	1000523e <configuration_reset+0x1a>
10005266:	f240 228b 	movw	r2, #651	@ 0x28b
1000526a:	4915      	ldr	r1, [pc, #84]	@ (100052c0 <configuration_reset+0x9c>)
1000526c:	4815      	ldr	r0, [pc, #84]	@ (100052c4 <configuration_reset+0xa0>)
1000526e:	f7ff fa0f 	bl	10004690 <__wrap_printf>
10005272:	f04f 23e0 	mov.w	r3, #3758153728	@ 0xe000e000
10005276:	f8d3 3df0 	ldr.w	r3, [r3, #3568]	@ 0xdf0
1000527a:	f013 0f01 	tst.w	r3, #1
1000527e:	d000      	beq.n	10005282 <configuration_reset+0x5e>
10005280:	be00      	bkpt	0x0000
10005282:	bd38      	pop	{r3, r4, r5, pc}
10005284:	4c10      	ldr	r4, [pc, #64]	@ (100052c8 <configuration_reset+0xa4>)
10005286:	226c      	movs	r2, #108	@ 0x6c
10005288:	2100      	movs	r1, #0
1000528a:	4620      	mov	r0, r4
1000528c:	f002 f8b2 	bl	100073f4 <memset>
10005290:	f04f 33ff 	mov.w	r3, #4294967295	@ 0xffffffff
10005294:	f8c4 301b 	str.w	r3, [r4, #27]
10005298:	f8c4 301f 	str.w	r3, [r4, #31]
1000529c:	f8c4 3023 	str.w	r3, [r4, #35]	@ 0x23
100052a0:	f8c4 3027 	str.w	r3, [r4, #39]	@ 0x27
100052a4:	2220      	movs	r2, #32
100052a6:	21ff      	movs	r1, #255	@ 0xff
100052a8:	f104 002b 	add.w	r0, r4, #43	@ 0x2b
100052ac:	f002 f8a2 	bl	100073f4 <memset>
100052b0:	e7e7      	b.n	10005282 <configuration_reset+0x5e>
100052b2:	bf00      	nop
100052b4:	1000864c 	.word	0x1000864c
100052b8:	2001bab6 	.word	0x2001bab6
100052bc:	2001a328 	.word	0x2001a328
100052c0:	10008618 	.word	0x10008618
100052c4:	10007f9c 	.word	0x10007f9c
100052c8:	2001a418 	.word	0x2001a418

100052cc <usbd_reset>:
100052cc:	b508      	push	{r3, lr}
100052ce:	f7ff ffa9 	bl	10005224 <configuration_reset>
100052d2:	bd08      	pop	{r3, pc}

100052d4 <process_set_config>:
100052d4:	e92d 43f0 	stmdb	sp!, {r4, r5, r6, r7, r8, r9, lr}
100052d8:	b083      	sub	sp, #12
100052da:	4607      	mov	r7, r0
100052dc:	3901      	subs	r1, #1
100052de:	b2c8      	uxtb	r0, r1
100052e0:	f7fb fb80 	bl	100009e4 <tud_descriptor_configuration_cb>
100052e4:	b118      	cbz	r0, 100052ee <process_set_config+0x1a>
100052e6:	4603      	mov	r3, r0
100052e8:	7842      	ldrb	r2, [r0, #1]
100052ea:	2a02      	cmp	r2, #2
100052ec:	d013      	beq.n	10005316 <process_set_config+0x42>
100052ee:	f240 42e3 	movw	r2, #1251	@ 0x4e3
100052f2:	495b      	ldr	r1, [pc, #364]	@ (10005460 <process_set_config+0x18c>)
100052f4:	485b      	ldr	r0, [pc, #364]	@ (10005464 <process_set_config+0x190>)
100052f6:	f7ff f9cb 	bl	10004690 <__wrap_printf>
100052fa:	f04f 23e0 	mov.w	r3, #3758153728	@ 0xe000e000
100052fe:	f8d3 3df0 	ldr.w	r3, [r3, #3568]	@ 0xdf0
10005302:	f013 0f01 	tst.w	r3, #1
10005306:	d000      	beq.n	1000530a <process_set_config+0x36>
10005308:	be00      	bkpt	0x0000
1000530a:	2300      	movs	r3, #0
1000530c:	461e      	mov	r6, r3
1000530e:	4630      	mov	r0, r6
10005310:	b003      	add	sp, #12
10005312:	e8bd 83f0 	ldmia.w	sp!, {r4, r5, r6, r7, r8, r9, pc}
10005316:	79c2      	ldrb	r2, [r0, #7]
10005318:	f3c2 1280 	ubfx	r2, r2, #6, #1
1000531c:	4952      	ldr	r1, [pc, #328]	@ (10005468 <process_set_config+0x194>)
1000531e:	7dc8      	ldrb	r0, [r1, #23]
10005320:	f362 0000 	bfi	r0, r2, #0, #1
10005324:	75c8      	strb	r0, [r1, #23]
10005326:	f103 0509 	add.w	r5, r3, #9
1000532a:	885a      	ldrh	r2, [r3, #2]
1000532c:	4413      	add	r3, r2
1000532e:	4698      	mov	r8, r3
10005330:	4545      	cmp	r5, r8
10005332:	f080 808e 	bcs.w	10005452 <process_set_config+0x17e>
10005336:	782b      	ldrb	r3, [r5, #0]
10005338:	442b      	add	r3, r5
1000533a:	4598      	cmp	r8, r3
1000533c:	f0c0 808c 	bcc.w	10005458 <process_set_config+0x184>
10005340:	786a      	ldrb	r2, [r5, #1]
10005342:	2a0b      	cmp	r2, #11
10005344:	d072      	beq.n	1000542c <process_set_config+0x158>
10005346:	2a04      	cmp	r2, #4
10005348:	d105      	bne.n	10005356 <process_set_config+0x82>
1000534a:	4643      	mov	r3, r8
1000534c:	1b5b      	subs	r3, r3, r5
1000534e:	b29b      	uxth	r3, r3
10005350:	461e      	mov	r6, r3
10005352:	2400      	movs	r4, #0
10005354:	e03c      	b.n	100053d0 <process_set_config+0xfc>
10005356:	f240 42f3 	movw	r2, #1267	@ 0x4f3
1000535a:	4941      	ldr	r1, [pc, #260]	@ (10005460 <process_set_config+0x18c>)
1000535c:	4841      	ldr	r0, [pc, #260]	@ (10005464 <process_set_config+0x190>)
1000535e:	f7ff f997 	bl	10004690 <__wrap_printf>
10005362:	f04f 23e0 	mov.w	r3, #3758153728	@ 0xe000e000
10005366:	f8d3 3df0 	ldr.w	r3, [r3, #3568]	@ 0xdf0
1000536a:	f013 0f01 	tst.w	r3, #1
1000536e:	d000      	beq.n	10005372 <process_set_config+0x9e>
10005370:	be00      	bkpt	0x0000
10005372:	2300      	movs	r3, #0
10005374:	461e      	mov	r6, r3
10005376:	e7ca      	b.n	1000530e <process_set_config+0x3a>
10005378:	1ae3      	subs	r3, r4, r3
1000537a:	f013 03ff 	ands.w	r3, r3, #255	@ 0xff
1000537e:	d105      	bne.n	1000538c <process_set_config+0xb8>
10005380:	eb03 03c3 	add.w	r3, r3, r3, lsl #3
10005384:	4a39      	ldr	r2, [pc, #228]	@ (1000546c <process_set_config+0x198>)
10005386:	eb02 0383 	add.w	r3, r2, r3, lsl #2
1000538a:	e030      	b.n	100053ee <process_set_config+0x11a>
1000538c:	f240 42fb 	movw	r2, #1275	@ 0x4fb
10005390:	4933      	ldr	r1, [pc, #204]	@ (10005460 <process_set_config+0x18c>)
10005392:	4834      	ldr	r0, [pc, #208]	@ (10005464 <process_set_config+0x190>)
10005394:	f7ff f97c 	bl	10004690 <__wrap_printf>
10005398:	f04f 23e0 	mov.w	r3, #3758153728	@ 0xe000e000
1000539c:	f8d3 3df0 	ldr.w	r3, [r3, #3568]	@ 0xdf0
100053a0:	f013 0f01 	tst.w	r3, #1
100053a4:	d000      	beq.n	100053a8 <process_set_config+0xd4>
100053a6:	be00      	bkpt	0x0000
100053a8:	2300      	movs	r3, #0
100053aa:	461e      	mov	r6, r3
100053ac:	e7af      	b.n	1000530e <process_set_config+0x3a>
100053ae:	f240 5203 	movw	r2, #1283	@ 0x503
100053b2:	492b      	ldr	r1, [pc, #172]	@ (10005460 <process_set_config+0x18c>)
100053b4:	482b      	ldr	r0, [pc, #172]	@ (10005464 <process_set_config+0x190>)
100053b6:	f7ff f96b 	bl	10004690 <__wrap_printf>
100053ba:	f04f 23e0 	mov.w	r3, #3758153728	@ 0xe000e000
100053be:	f8d3 3df0 	ldr.w	r3, [r3, #3568]	@ 0xdf0
100053c2:	f013 0f01 	tst.w	r3, #1
100053c6:	d0a2      	beq.n	1000530e <process_set_config+0x3a>
100053c8:	be00      	bkpt	0x0000
100053ca:	e7a0      	b.n	1000530e <process_set_config+0x3a>
100053cc:	3401      	adds	r4, #1
100053ce:	b2e4      	uxtb	r4, r4
100053d0:	4b27      	ldr	r3, [pc, #156]	@ (10005470 <process_set_config+0x19c>)
100053d2:	781b      	ldrb	r3, [r3, #0]
100053d4:	1c5a      	adds	r2, r3, #1
100053d6:	b2d2      	uxtb	r2, r2
100053d8:	42a2      	cmp	r2, r4
100053da:	d920      	bls.n	1000541e <process_set_config+0x14a>
100053dc:	42a3      	cmp	r3, r4
100053de:	d9cb      	bls.n	10005378 <process_set_config+0xa4>
100053e0:	4b24      	ldr	r3, [pc, #144]	@ (10005474 <process_set_config+0x1a0>)
100053e2:	681b      	ldr	r3, [r3, #0]
100053e4:	eb04 02c4 	add.w	r2, r4, r4, lsl #3
100053e8:	eb13 0382 	adds.w	r3, r3, r2, lsl #2
100053ec:	d0ce      	beq.n	1000538c <process_set_config+0xb8>
100053ee:	691b      	ldr	r3, [r3, #16]
100053f0:	4632      	mov	r2, r6
100053f2:	4629      	mov	r1, r5
100053f4:	4638      	mov	r0, r7
100053f6:	4798      	blx	r3
100053f8:	4681      	mov	r9, r0
100053fa:	2808      	cmp	r0, #8
100053fc:	d9e6      	bls.n	100053cc <process_set_config+0xf8>
100053fe:	4286      	cmp	r6, r0
10005400:	d3e4      	bcc.n	100053cc <process_set_config+0xf8>
10005402:	4a1d      	ldr	r2, [pc, #116]	@ (10005478 <process_set_config+0x1a4>)
10005404:	9001      	str	r0, [sp, #4]
10005406:	9500      	str	r5, [sp, #0]
10005408:	2310      	movs	r3, #16
1000540a:	18d1      	adds	r1, r2, r3
1000540c:	4620      	mov	r0, r4
1000540e:	f001 fe17 	bl	10007040 <tu_bind_driver_to_ep_itf>
10005412:	4606      	mov	r6, r0
10005414:	2800      	cmp	r0, #0
10005416:	d0ca      	beq.n	100053ae <process_set_config+0xda>
10005418:	464b      	mov	r3, r9
1000541a:	442b      	add	r3, r5
1000541c:	e000      	b.n	10005420 <process_set_config+0x14c>
1000541e:	462b      	mov	r3, r5
10005420:	4a13      	ldr	r2, [pc, #76]	@ (10005470 <process_set_config+0x19c>)
10005422:	7812      	ldrb	r2, [r2, #0]
10005424:	3201      	adds	r2, #1
10005426:	b2d2      	uxtb	r2, r2
10005428:	42a2      	cmp	r2, r4
1000542a:	d901      	bls.n	10005430 <process_set_config+0x15c>
1000542c:	461d      	mov	r5, r3
1000542e:	e77f      	b.n	10005330 <process_set_config+0x5c>
10005430:	f240 520c 	movw	r2, #1292	@ 0x50c
10005434:	490a      	ldr	r1, [pc, #40]	@ (10005460 <process_set_config+0x18c>)
10005436:	480b      	ldr	r0, [pc, #44]	@ (10005464 <process_set_config+0x190>)
10005438:	f7ff f92a 	bl	10004690 <__wrap_printf>
1000543c:	f04f 23e0 	mov.w	r3, #3758153728	@ 0xe000e000
10005440:	f8d3 3df0 	ldr.w	r3, [r3, #3568]	@ 0xdf0
10005444:	f013 0f01 	tst.w	r3, #1
10005448:	d000      	beq.n	1000544c <process_set_config+0x178>
1000544a:	be00      	bkpt	0x0000
1000544c:	2300      	movs	r3, #0
1000544e:	461e      	mov	r6, r3
10005450:	e75d      	b.n	1000530e <process_set_config+0x3a>
10005452:	2301      	movs	r3, #1
10005454:	461e      	mov	r6, r3
10005456:	e75a      	b.n	1000530e <process_set_config+0x3a>
10005458:	2301      	movs	r3, #1
1000545a:	461e      	mov	r6, r3
1000545c:	e757      	b.n	1000530e <process_set_config+0x3a>
1000545e:	bf00      	nop
10005460:	100085d0 	.word	0x100085d0
10005464:	10007f9c 	.word	0x10007f9c
10005468:	2001a418 	.word	0x2001a418
1000546c:	1000864c 	.word	0x1000864c
10005470:	2001bab6 	.word	0x2001bab6
10005474:	2001a328 	.word	0x2001a328
10005478:	2001a433 	.word	0x2001a433

1000547c <tud_event_hook_cb>:
1000547c:	4770      	bx	lr

1000547e <tud_sof_cb>:
1000547e:	4770      	bx	lr

10005480 <tud_descriptor_bos_cb>:
10005480:	2000      	movs	r0, #0
10005482:	4770      	bx	lr

10005484 <tud_descriptor_device_qualifier_cb>:
10005484:	2000      	movs	r0, #0
10005486:	4770      	bx	lr

10005488 <tud_descriptor_other_speed_configuration_cb>:
10005488:	2000      	movs	r0, #0
1000548a:	4770      	bx	lr

1000548c <tud_mount_cb>:
1000548c:	4770      	bx	lr

1000548e <tud_umount_cb>:
1000548e:	4770      	bx	lr

10005490 <tud_suspend_cb>:
10005490:	4770      	bx	lr

10005492 <tud_resume_cb>:
10005492:	4770      	bx	lr

10005494 <usbd_app_driver_get_cb>:
10005494:	4603      	mov	r3, r0
10005496:	2000      	movs	r0, #0
10005498:	7018      	strb	r0, [r3, #0]
1000549a:	4770      	bx	lr

1000549c <tud_speed_get>:
1000549c:	4b01      	ldr	r3, [pc, #4]	@ (100054a4 <tud_speed_get+0x8>)
1000549e:	7e58      	ldrb	r0, [r3, #25]
100054a0:	4770      	bx	lr
100054a2:	bf00      	nop
100054a4:	2001a418 	.word	0x2001a418

100054a8 <tud_inited>:
100054a8:	4b02      	ldr	r3, [pc, #8]	@ (100054b4 <tud_inited+0xc>)
100054aa:	7818      	ldrb	r0, [r3, #0]
100054ac:	38ff      	subs	r0, #255	@ 0xff
100054ae:	bf18      	it	ne
100054b0:	2001      	movne	r0, #1
100054b2:	4770      	bx	lr
100054b4:	2001a0ec 	.word	0x2001a0ec

100054b8 <tud_rhport_init>:
100054b8:	b5f8      	push	{r3, r4, r5, r6, r7, lr}
100054ba:	4606      	mov	r6, r0
100054bc:	460c      	mov	r4, r1
100054be:	460f      	mov	r7, r1
100054c0:	f7ff fff2 	bl	100054a8 <tud_inited>
100054c4:	4605      	mov	r5, r0
100054c6:	2800      	cmp	r0, #0
100054c8:	d170      	bne.n	100055ac <tud_rhport_init+0xf4>
100054ca:	b334      	cbz	r4, 1000551a <tud_rhport_init+0x62>
100054cc:	226c      	movs	r2, #108	@ 0x6c
100054ce:	2100      	movs	r1, #0
100054d0:	4845      	ldr	r0, [pc, #276]	@ (100055e8 <tud_rhport_init+0x130>)
100054d2:	f001 ff8f 	bl	100073f4 <memset>
100054d6:	4b45      	ldr	r3, [pc, #276]	@ (100055ec <tud_rhport_init+0x134>)
100054d8:	2200      	movs	r2, #0
100054da:	701a      	strb	r2, [r3, #0]
100054dc:	4844      	ldr	r0, [pc, #272]	@ (100055f0 <tud_rhport_init+0x138>)
100054de:	f7fc fed1 	bl	10002284 <critical_section_init>
100054e2:	4c44      	ldr	r4, [pc, #272]	@ (100055f4 <tud_rhport_init+0x13c>)
100054e4:	4620      	mov	r0, r4
100054e6:	f7fc fe83 	bl	100021f0 <mutex_init>
100054ea:	4b43      	ldr	r3, [pc, #268]	@ (100055f8 <tud_rhport_init+0x140>)
100054ec:	601c      	str	r4, [r3, #0]
100054ee:	4c43      	ldr	r4, [pc, #268]	@ (100055fc <tud_rhport_init+0x144>)
100054f0:	4620      	mov	r0, r4
100054f2:	f7fc fec7 	bl	10002284 <critical_section_init>
100054f6:	f1a4 0014 	sub.w	r0, r4, #20
100054fa:	f001 fe6c 	bl	100071d6 <tu_fifo_clear>
100054fe:	3c18      	subs	r4, #24
10005500:	4b3f      	ldr	r3, [pc, #252]	@ (10005600 <tud_rhport_init+0x148>)
10005502:	601c      	str	r4, [r3, #0]
10005504:	4c3f      	ldr	r4, [pc, #252]	@ (10005604 <tud_rhport_init+0x14c>)
10005506:	4620      	mov	r0, r4
10005508:	f7ff ffc4 	bl	10005494 <usbd_app_driver_get_cb>
1000550c:	4b3e      	ldr	r3, [pc, #248]	@ (10005608 <tud_rhport_init+0x150>)
1000550e:	6018      	str	r0, [r3, #0]
10005510:	7823      	ldrb	r3, [r4, #0]
10005512:	2bff      	cmp	r3, #255	@ 0xff
10005514:	d010      	beq.n	10005538 <tud_rhport_init+0x80>
10005516:	2400      	movs	r4, #0
10005518:	e02b      	b.n	10005572 <tud_rhport_init+0xba>
1000551a:	f240 221e 	movw	r2, #542	@ 0x21e
1000551e:	493b      	ldr	r1, [pc, #236]	@ (1000560c <tud_rhport_init+0x154>)
10005520:	483b      	ldr	r0, [pc, #236]	@ (10005610 <tud_rhport_init+0x158>)
10005522:	f7ff f8b5 	bl	10004690 <__wrap_printf>
10005526:	f04f 23e0 	mov.w	r3, #3758153728	@ 0xe000e000
1000552a:	f8d3 3df0 	ldr.w	r3, [r3, #3568]	@ 0xdf0
1000552e:	f013 0f01 	tst.w	r3, #1
10005532:	d03b      	beq.n	100055ac <tud_rhport_init+0xf4>
10005534:	be00      	bkpt	0x0000
10005536:	e039      	b.n	100055ac <tud_rhport_init+0xf4>
10005538:	f240 2249 	movw	r2, #585	@ 0x249
1000553c:	4933      	ldr	r1, [pc, #204]	@ (1000560c <tud_rhport_init+0x154>)
1000553e:	4834      	ldr	r0, [pc, #208]	@ (10005610 <tud_rhport_init+0x158>)
10005540:	f7ff f8a6 	bl	10004690 <__wrap_printf>
10005544:	f04f 23e0 	mov.w	r3, #3758153728	@ 0xe000e000
10005548:	f8d3 3df0 	ldr.w	r3, [r3, #3568]	@ 0xdf0
1000554c:	f013 0f01 	tst.w	r3, #1
10005550:	d02c      	beq.n	100055ac <tud_rhport_init+0xf4>
10005552:	be00      	bkpt	0x0000
10005554:	e02a      	b.n	100055ac <tud_rhport_init+0xf4>
10005556:	1ae3      	subs	r3, r4, r3
10005558:	f013 03ff 	ands.w	r3, r3, #255	@ 0xff
1000555c:	d118      	bne.n	10005590 <tud_rhport_init+0xd8>
1000555e:	eb03 03c3 	add.w	r3, r3, r3, lsl #3
10005562:	4a2c      	ldr	r2, [pc, #176]	@ (10005614 <tud_rhport_init+0x15c>)
10005564:	eb02 0383 	add.w	r3, r2, r3, lsl #2
10005568:	685b      	ldr	r3, [r3, #4]
1000556a:	b18b      	cbz	r3, 10005590 <tud_rhport_init+0xd8>
1000556c:	4798      	blx	r3
1000556e:	3401      	adds	r4, #1
10005570:	b2e4      	uxtb	r4, r4
10005572:	4b24      	ldr	r3, [pc, #144]	@ (10005604 <tud_rhport_init+0x14c>)
10005574:	781b      	ldrb	r3, [r3, #0]
10005576:	1c5a      	adds	r2, r3, #1
10005578:	b2d2      	uxtb	r2, r2
1000557a:	42a2      	cmp	r2, r4
1000557c:	d918      	bls.n	100055b0 <tud_rhport_init+0xf8>
1000557e:	42a3      	cmp	r3, r4
10005580:	d9e9      	bls.n	10005556 <tud_rhport_init+0x9e>
10005582:	4b21      	ldr	r3, [pc, #132]	@ (10005608 <tud_rhport_init+0x150>)
10005584:	681b      	ldr	r3, [r3, #0]
10005586:	eb04 02c4 	add.w	r2, r4, r4, lsl #3
1000558a:	eb13 0382 	adds.w	r3, r3, r2, lsl #2
1000558e:	d1eb      	bne.n	10005568 <tud_rhport_init+0xb0>
10005590:	f240 224e 	movw	r2, #590	@ 0x24e
10005594:	491d      	ldr	r1, [pc, #116]	@ (1000560c <tud_rhport_init+0x154>)
10005596:	481e      	ldr	r0, [pc, #120]	@ (10005610 <tud_rhport_init+0x158>)
10005598:	f7ff f87a 	bl	10004690 <__wrap_printf>
1000559c:	f04f 23e0 	mov.w	r3, #3758153728	@ 0xe000e000
100055a0:	f8d3 3df0 	ldr.w	r3, [r3, #3568]	@ 0xdf0
100055a4:	f013 0f01 	tst.w	r3, #1
100055a8:	d000      	beq.n	100055ac <tud_rhport_init+0xf4>
100055aa:	be00      	bkpt	0x0000
100055ac:	4628      	mov	r0, r5
100055ae:	bdf8      	pop	{r3, r4, r5, r6, r7, pc}
100055b0:	4b19      	ldr	r3, [pc, #100]	@ (10005618 <tud_rhport_init+0x160>)
100055b2:	701e      	strb	r6, [r3, #0]
100055b4:	4639      	mov	r1, r7
100055b6:	4630      	mov	r0, r6
100055b8:	f7ff faf6 	bl	10004ba8 <dcd_init>
100055bc:	4605      	mov	r5, r0
100055be:	b118      	cbz	r0, 100055c8 <tud_rhport_init+0x110>
100055c0:	4630      	mov	r0, r6
100055c2:	f7ff fad5 	bl	10004b70 <dcd_int_enable>
100055c6:	e7f1      	b.n	100055ac <tud_rhport_init+0xf4>
100055c8:	f240 2256 	movw	r2, #598	@ 0x256
100055cc:	490f      	ldr	r1, [pc, #60]	@ (1000560c <tud_rhport_init+0x154>)
100055ce:	4810      	ldr	r0, [pc, #64]	@ (10005610 <tud_rhport_init+0x158>)
100055d0:	f7ff f85e 	bl	10004690 <__wrap_printf>
100055d4:	f04f 23e0 	mov.w	r3, #3758153728	@ 0xe000e000
100055d8:	f8d3 3df0 	ldr.w	r3, [r3, #3568]	@ 0xdf0
100055dc:	f013 0f01 	tst.w	r3, #1
100055e0:	d0e4      	beq.n	100055ac <tud_rhport_init+0xf4>
100055e2:	be00      	bkpt	0x0000
100055e4:	e7e2      	b.n	100055ac <tud_rhport_init+0xf4>
100055e6:	bf00      	nop
100055e8:	2001a418 	.word	0x2001a418
100055ec:	2001bab8 	.word	0x2001bab8
100055f0:	2001a54c 	.word	0x2001a54c
100055f4:	2001a410 	.word	0x2001a410
100055f8:	2001a484 	.word	0x2001a484
100055fc:	2001a0e4 	.word	0x2001a0e4
10005600:	2001a488 	.word	0x2001a488
10005604:	2001bab6 	.word	0x2001bab6
10005608:	2001a328 	.word	0x2001a328
1000560c:	1000863c 	.word	0x1000863c
10005610:	10007f9c 	.word	0x10007f9c
10005614:	1000864c 	.word	0x1000864c
10005618:	2001a0ec 	.word	0x2001a0ec

1000561c <usbd_get_ctrl_buf>:
1000561c:	4800      	ldr	r0, [pc, #0]	@ (10005620 <usbd_get_ctrl_buf+0x4>)
1000561e:	4770      	bx	lr
10005620:	2001a36c 	.word	0x2001a36c

10005624 <usbd_edpt_xfer>:
10005624:	b530      	push	{r4, r5, lr}
10005626:	b083      	sub	sp, #12
10005628:	4822      	ldr	r0, [pc, #136]	@ (100056b4 <usbd_edpt_xfer+0x90>)
1000562a:	7800      	ldrb	r0, [r0, #0]
1000562c:	f001 040f 	and.w	r4, r1, #15
10005630:	f8df c084 	ldr.w	ip, [pc, #132]	@ 100056b8 <usbd_edpt_xfer+0x94>
10005634:	eb0c 0c44 	add.w	ip, ip, r4, lsl #1
10005638:	eb0c 1cd1 	add.w	ip, ip, r1, lsr #7
1000563c:	f89c c04b 	ldrb.w	ip, [ip, #75]	@ 0x4b
10005640:	f01c 0f01 	tst.w	ip, #1
10005644:	d125      	bne.n	10005692 <usbd_edpt_xfer+0x6e>
10005646:	09cd      	lsrs	r5, r1, #7
10005648:	f8df c06c 	ldr.w	ip, [pc, #108]	@ 100056b8 <usbd_edpt_xfer+0x94>
1000564c:	eb0c 0c44 	add.w	ip, ip, r4, lsl #1
10005650:	44ac      	add	ip, r5
10005652:	f89c e04b 	ldrb.w	lr, [ip, #75]	@ 0x4b
10005656:	f04e 0e01 	orr.w	lr, lr, #1
1000565a:	f88c e04b 	strb.w	lr, [ip, #75]	@ 0x4b
1000565e:	f89d c018 	ldrb.w	ip, [sp, #24]
10005662:	f8cd c000 	str.w	ip, [sp]
10005666:	f7ff fb69 	bl	10004d3c <dcd_edpt_xfer>
1000566a:	bb08      	cbnz	r0, 100056b0 <usbd_edpt_xfer+0x8c>
1000566c:	4b12      	ldr	r3, [pc, #72]	@ (100056b8 <usbd_edpt_xfer+0x94>)
1000566e:	eb03 0344 	add.w	r3, r3, r4, lsl #1
10005672:	442b      	add	r3, r5
10005674:	f893 204b 	ldrb.w	r2, [r3, #75]	@ 0x4b
10005678:	f002 02fa 	and.w	r2, r2, #250	@ 0xfa
1000567c:	f883 204b 	strb.w	r2, [r3, #75]	@ 0x4b
10005680:	f04f 23e0 	mov.w	r3, #3758153728	@ 0xe000e000
10005684:	f8d3 3df0 	ldr.w	r3, [r3, #3568]	@ 0xdf0
10005688:	f013 0f01 	tst.w	r3, #1
1000568c:	d010      	beq.n	100056b0 <usbd_edpt_xfer+0x8c>
1000568e:	be00      	bkpt	0x0000
10005690:	e00e      	b.n	100056b0 <usbd_edpt_xfer+0x8c>
10005692:	f240 622f 	movw	r2, #1583	@ 0x62f
10005696:	4909      	ldr	r1, [pc, #36]	@ (100056bc <usbd_edpt_xfer+0x98>)
10005698:	4809      	ldr	r0, [pc, #36]	@ (100056c0 <usbd_edpt_xfer+0x9c>)
1000569a:	f7fe fff9 	bl	10004690 <__wrap_printf>
1000569e:	f04f 23e0 	mov.w	r3, #3758153728	@ 0xe000e000
100056a2:	f8d3 3df0 	ldr.w	r3, [r3, #3568]	@ 0xdf0
100056a6:	f013 0f01 	tst.w	r3, #1
100056aa:	d000      	beq.n	100056ae <usbd_edpt_xfer+0x8a>
100056ac:	be00      	bkpt	0x0000
100056ae:	2000      	movs	r0, #0
100056b0:	b003      	add	sp, #12
100056b2:	bd30      	pop	{r4, r5, pc}
100056b4:	2001a0ec 	.word	0x2001a0ec
100056b8:	2001a418 	.word	0x2001a418
100056bc:	10008570 	.word	0x10008570
100056c0:	10007f9c 	.word	0x10007f9c

100056c4 <tud_control_status>:
100056c4:	b500      	push	{lr}
100056c6:	b083      	sub	sp, #12
100056c8:	4b09      	ldr	r3, [pc, #36]	@ (100056f0 <tud_control_status+0x2c>)
100056ca:	88db      	ldrh	r3, [r3, #6]
100056cc:	b173      	cbz	r3, 100056ec <tud_control_status+0x28>
100056ce:	4b08      	ldr	r3, [pc, #32]	@ (100056f0 <tud_control_status+0x2c>)
100056d0:	f993 3000 	ldrsb.w	r3, [r3]
100056d4:	2b00      	cmp	r3, #0
100056d6:	da07      	bge.n	100056e8 <tud_control_status+0x24>
100056d8:	2100      	movs	r1, #0
100056da:	2200      	movs	r2, #0
100056dc:	9200      	str	r2, [sp, #0]
100056de:	4613      	mov	r3, r2
100056e0:	f7ff ffa0 	bl	10005624 <usbd_edpt_xfer>
100056e4:	b003      	add	sp, #12
100056e6:	bd00      	pop	{pc}
100056e8:	2180      	movs	r1, #128	@ 0x80
100056ea:	e7f6      	b.n	100056da <tud_control_status+0x16>
100056ec:	2180      	movs	r1, #128	@ 0x80
100056ee:	e7f4      	b.n	100056da <tud_control_status+0x16>
100056f0:	2001a418 	.word	0x2001a418

100056f4 <data_stage_xact>:
100056f4:	b5f0      	push	{r4, r5, r6, r7, lr}
100056f6:	b083      	sub	sp, #12
100056f8:	4607      	mov	r7, r0
100056fa:	4b1a      	ldr	r3, [pc, #104]	@ (10005764 <data_stage_xact+0x70>)
100056fc:	899e      	ldrh	r6, [r3, #12]
100056fe:	89dd      	ldrh	r5, [r3, #14]
10005700:	1b74      	subs	r4, r6, r5
10005702:	b2a4      	uxth	r4, r4
10005704:	2c40      	cmp	r4, #64	@ 0x40
10005706:	bf28      	it	cs
10005708:	2440      	movcs	r4, #64	@ 0x40
1000570a:	f993 3000 	ldrsb.w	r3, [r3]
1000570e:	2b00      	cmp	r3, #0
10005710:	db0b      	blt.n	1000572a <data_stage_xact+0x36>
10005712:	2100      	movs	r1, #0
10005714:	42ae      	cmp	r6, r5
10005716:	d01f      	beq.n	10005758 <data_stage_xact+0x64>
10005718:	4a13      	ldr	r2, [pc, #76]	@ (10005768 <data_stage_xact+0x74>)
1000571a:	2300      	movs	r3, #0
1000571c:	9300      	str	r3, [sp, #0]
1000571e:	4623      	mov	r3, r4
10005720:	4638      	mov	r0, r7
10005722:	f7ff ff7f 	bl	10005624 <usbd_edpt_xfer>
10005726:	b003      	add	sp, #12
10005728:	bdf0      	pop	{r4, r5, r6, r7, pc}
1000572a:	42ae      	cmp	r6, r5
1000572c:	d00e      	beq.n	1000574c <data_stage_xact+0x58>
1000572e:	4b0d      	ldr	r3, [pc, #52]	@ (10005764 <data_stage_xact+0x70>)
10005730:	6899      	ldr	r1, [r3, #8]
10005732:	4b0d      	ldr	r3, [pc, #52]	@ (10005768 <data_stage_xact+0x74>)
10005734:	4299      	cmp	r1, r3
10005736:	d00b      	beq.n	10005750 <data_stage_xact+0x5c>
10005738:	b164      	cbz	r4, 10005754 <data_stage_xact+0x60>
1000573a:	b179      	cbz	r1, 1000575c <data_stage_xact+0x68>
1000573c:	2c40      	cmp	r4, #64	@ 0x40
1000573e:	d80f      	bhi.n	10005760 <data_stage_xact+0x6c>
10005740:	4622      	mov	r2, r4
10005742:	4618      	mov	r0, r3
10005744:	f001 fe9a 	bl	1000747c <memcpy>
10005748:	2180      	movs	r1, #128	@ 0x80
1000574a:	e7e3      	b.n	10005714 <data_stage_xact+0x20>
1000574c:	2180      	movs	r1, #128	@ 0x80
1000574e:	e7e1      	b.n	10005714 <data_stage_xact+0x20>
10005750:	2180      	movs	r1, #128	@ 0x80
10005752:	e7df      	b.n	10005714 <data_stage_xact+0x20>
10005754:	2180      	movs	r1, #128	@ 0x80
10005756:	e7dd      	b.n	10005714 <data_stage_xact+0x20>
10005758:	2200      	movs	r2, #0
1000575a:	e7de      	b.n	1000571a <data_stage_xact+0x26>
1000575c:	4608      	mov	r0, r1
1000575e:	e7e2      	b.n	10005726 <data_stage_xact+0x32>
10005760:	2000      	movs	r0, #0
10005762:	e7e0      	b.n	10005726 <data_stage_xact+0x32>
10005764:	2001a418 	.word	0x2001a418
10005768:	2001a36c 	.word	0x2001a36c

1000576c <usbd_control_xfer_cb>:
1000576c:	b570      	push	{r4, r5, r6, lr}
1000576e:	b082      	sub	sp, #8
10005770:	4606      	mov	r6, r0
10005772:	461c      	mov	r4, r3
10005774:	4b49      	ldr	r3, [pc, #292]	@ (1000589c <usbd_control_xfer_cb+0x130>)
10005776:	88db      	ldrh	r3, [r3, #6]
10005778:	2b00      	cmp	r3, #0
1000577a:	d03e      	beq.n	100057fa <usbd_control_xfer_cb+0x8e>
1000577c:	4b47      	ldr	r3, [pc, #284]	@ (1000589c <usbd_control_xfer_cb+0x130>)
1000577e:	f993 3000 	ldrsb.w	r3, [r3]
10005782:	2b00      	cmp	r3, #0
10005784:	da36      	bge.n	100057f4 <usbd_control_xfer_cb+0x88>
10005786:	2300      	movs	r3, #0
10005788:	461d      	mov	r5, r3
1000578a:	42a9      	cmp	r1, r5
1000578c:	d038      	beq.n	10005800 <usbd_control_xfer_cb+0x94>
1000578e:	4b43      	ldr	r3, [pc, #268]	@ (1000589c <usbd_control_xfer_cb+0x130>)
10005790:	f993 3000 	ldrsb.w	r3, [r3]
10005794:	2b00      	cmp	r3, #0
10005796:	db0a      	blt.n	100057ae <usbd_control_xfer_cb+0x42>
10005798:	4b40      	ldr	r3, [pc, #256]	@ (1000589c <usbd_control_xfer_cb+0x130>)
1000579a:	6898      	ldr	r0, [r3, #8]
1000579c:	2800      	cmp	r0, #0
1000579e:	d07b      	beq.n	10005898 <usbd_control_xfer_cb+0x12c>
100057a0:	4b3f      	ldr	r3, [pc, #252]	@ (100058a0 <usbd_control_xfer_cb+0x134>)
100057a2:	4298      	cmp	r0, r3
100057a4:	d003      	beq.n	100057ae <usbd_control_xfer_cb+0x42>
100057a6:	4622      	mov	r2, r4
100057a8:	4619      	mov	r1, r3
100057aa:	f001 fe67 	bl	1000747c <memcpy>
100057ae:	4a3b      	ldr	r2, [pc, #236]	@ (1000589c <usbd_control_xfer_cb+0x130>)
100057b0:	89d3      	ldrh	r3, [r2, #14]
100057b2:	fa13 f384 	uxtah	r3, r3, r4
100057b6:	b29b      	uxth	r3, r3
100057b8:	81d3      	strh	r3, [r2, #14]
100057ba:	6891      	ldr	r1, [r2, #8]
100057bc:	4421      	add	r1, r4
100057be:	6091      	str	r1, [r2, #8]
100057c0:	88d2      	ldrh	r2, [r2, #6]
100057c2:	4293      	cmp	r3, r2
100057c4:	d001      	beq.n	100057ca <usbd_control_xfer_cb+0x5e>
100057c6:	2c3f      	cmp	r4, #63	@ 0x3f
100057c8:	d851      	bhi.n	1000586e <usbd_control_xfer_cb+0x102>
100057ca:	4b34      	ldr	r3, [pc, #208]	@ (1000589c <usbd_control_xfer_cb+0x130>)
100057cc:	691b      	ldr	r3, [r3, #16]
100057ce:	b12b      	cbz	r3, 100057dc <usbd_control_xfer_cb+0x70>
100057d0:	4a32      	ldr	r2, [pc, #200]	@ (1000589c <usbd_control_xfer_cb+0x130>)
100057d2:	2102      	movs	r1, #2
100057d4:	4630      	mov	r0, r6
100057d6:	4798      	blx	r3
100057d8:	2800      	cmp	r0, #0
100057da:	d03e      	beq.n	1000585a <usbd_control_xfer_cb+0xee>
100057dc:	2200      	movs	r2, #0
100057de:	9200      	str	r2, [sp, #0]
100057e0:	4613      	mov	r3, r2
100057e2:	4629      	mov	r1, r5
100057e4:	4630      	mov	r0, r6
100057e6:	f7ff ff1d 	bl	10005624 <usbd_edpt_xfer>
100057ea:	4604      	mov	r4, r0
100057ec:	b330      	cbz	r0, 1000583c <usbd_control_xfer_cb+0xd0>
100057ee:	4620      	mov	r0, r4
100057f0:	b002      	add	sp, #8
100057f2:	bd70      	pop	{r4, r5, r6, pc}
100057f4:	2380      	movs	r3, #128	@ 0x80
100057f6:	461d      	mov	r5, r3
100057f8:	e7c7      	b.n	1000578a <usbd_control_xfer_cb+0x1e>
100057fa:	2380      	movs	r3, #128	@ 0x80
100057fc:	461d      	mov	r5, r3
100057fe:	e7c4      	b.n	1000578a <usbd_control_xfer_cb+0x1e>
10005800:	b17c      	cbz	r4, 10005822 <usbd_control_xfer_cb+0xb6>
10005802:	f240 3286 	movw	r2, #902	@ 0x386
10005806:	4927      	ldr	r1, [pc, #156]	@ (100058a4 <usbd_control_xfer_cb+0x138>)
10005808:	4827      	ldr	r0, [pc, #156]	@ (100058a8 <usbd_control_xfer_cb+0x13c>)
1000580a:	f7fe ff41 	bl	10004690 <__wrap_printf>
1000580e:	f04f 23e0 	mov.w	r3, #3758153728	@ 0xe000e000
10005812:	f8d3 3df0 	ldr.w	r3, [r3, #3568]	@ 0xdf0
10005816:	f013 0f01 	tst.w	r3, #1
1000581a:	d000      	beq.n	1000581e <usbd_control_xfer_cb+0xb2>
1000581c:	be00      	bkpt	0x0000
1000581e:	2400      	movs	r4, #0
10005820:	e7e5      	b.n	100057ee <usbd_control_xfer_cb+0x82>
10005822:	4c1e      	ldr	r4, [pc, #120]	@ (1000589c <usbd_control_xfer_cb+0x130>)
10005824:	4621      	mov	r1, r4
10005826:	4630      	mov	r0, r6
10005828:	f7ff fa16 	bl	10004c58 <dcd_edpt0_status_complete>
1000582c:	6923      	ldr	r3, [r4, #16]
1000582e:	b11b      	cbz	r3, 10005838 <usbd_control_xfer_cb+0xcc>
10005830:	4622      	mov	r2, r4
10005832:	2103      	movs	r1, #3
10005834:	4630      	mov	r0, r6
10005836:	4798      	blx	r3
10005838:	2401      	movs	r4, #1
1000583a:	e7d8      	b.n	100057ee <usbd_control_xfer_cb+0x82>
1000583c:	f240 32a9 	movw	r2, #937	@ 0x3a9
10005840:	4918      	ldr	r1, [pc, #96]	@ (100058a4 <usbd_control_xfer_cb+0x138>)
10005842:	4819      	ldr	r0, [pc, #100]	@ (100058a8 <usbd_control_xfer_cb+0x13c>)
10005844:	f7fe ff24 	bl	10004690 <__wrap_printf>
10005848:	f04f 23e0 	mov.w	r3, #3758153728	@ 0xe000e000
1000584c:	f8d3 3df0 	ldr.w	r3, [r3, #3568]	@ 0xdf0
10005850:	f013 0f01 	tst.w	r3, #1
10005854:	d0cb      	beq.n	100057ee <usbd_control_xfer_cb+0x82>
10005856:	be00      	bkpt	0x0000
10005858:	e7c9      	b.n	100057ee <usbd_control_xfer_cb+0x82>
1000585a:	4601      	mov	r1, r0
1000585c:	4630      	mov	r0, r6
1000585e:	f7ff faa5 	bl	10004dac <dcd_edpt_stall>
10005862:	2180      	movs	r1, #128	@ 0x80
10005864:	4630      	mov	r0, r6
10005866:	f7ff faa1 	bl	10004dac <dcd_edpt_stall>
1000586a:	2401      	movs	r4, #1
1000586c:	e7bf      	b.n	100057ee <usbd_control_xfer_cb+0x82>
1000586e:	4630      	mov	r0, r6
10005870:	f7ff ff40 	bl	100056f4 <data_stage_xact>
10005874:	4604      	mov	r4, r0
10005876:	2800      	cmp	r0, #0
10005878:	d1b9      	bne.n	100057ee <usbd_control_xfer_cb+0x82>
1000587a:	f240 32b1 	movw	r2, #945	@ 0x3b1
1000587e:	4909      	ldr	r1, [pc, #36]	@ (100058a4 <usbd_control_xfer_cb+0x138>)
10005880:	4809      	ldr	r0, [pc, #36]	@ (100058a8 <usbd_control_xfer_cb+0x13c>)
10005882:	f7fe ff05 	bl	10004690 <__wrap_printf>
10005886:	f04f 23e0 	mov.w	r3, #3758153728	@ 0xe000e000
1000588a:	f8d3 3df0 	ldr.w	r3, [r3, #3568]	@ 0xdf0
1000588e:	f013 0f01 	tst.w	r3, #1
10005892:	d0ac      	beq.n	100057ee <usbd_control_xfer_cb+0x82>
10005894:	be00      	bkpt	0x0000
10005896:	e7aa      	b.n	100057ee <usbd_control_xfer_cb+0x82>
10005898:	4604      	mov	r4, r0
1000589a:	e7a8      	b.n	100057ee <usbd_control_xfer_cb+0x82>
1000589c:	2001a418 	.word	0x2001a418
100058a0:	2001a36c 	.word	0x2001a36c
100058a4:	100085a0 	.word	0x100085a0
100058a8:	10007f9c 	.word	0x10007f9c

100058ac <tud_control_xfer>:
100058ac:	b510      	push	{r4, lr}
100058ae:	b082      	sub	sp, #8
100058b0:	4926      	ldr	r1, [pc, #152]	@ (1000594c <tud_control_xfer+0xa0>)
100058b2:	608a      	str	r2, [r1, #8]
100058b4:	f8b1 c006 	ldrh.w	ip, [r1, #6]
100058b8:	4563      	cmp	r3, ip
100058ba:	bf28      	it	cs
100058bc:	4663      	movcs	r3, ip
100058be:	818b      	strh	r3, [r1, #12]
100058c0:	f1bc 0f00 	cmp.w	ip, #0
100058c4:	d028      	beq.n	10005918 <tud_control_xfer+0x6c>
100058c6:	b103      	cbz	r3, 100058ca <tud_control_xfer+0x1e>
100058c8:	b132      	cbz	r2, 100058d8 <tud_control_xfer+0x2c>
100058ca:	f7ff ff13 	bl	100056f4 <data_stage_xact>
100058ce:	4604      	mov	r4, r0
100058d0:	b198      	cbz	r0, 100058fa <tud_control_xfer+0x4e>
100058d2:	4620      	mov	r0, r4
100058d4:	b002      	add	sp, #8
100058d6:	bd10      	pop	{r4, pc}
100058d8:	f240 3273 	movw	r2, #883	@ 0x373
100058dc:	491c      	ldr	r1, [pc, #112]	@ (10005950 <tud_control_xfer+0xa4>)
100058de:	481d      	ldr	r0, [pc, #116]	@ (10005954 <tud_control_xfer+0xa8>)
100058e0:	f7fe fed6 	bl	10004690 <__wrap_printf>
100058e4:	f04f 23e0 	mov.w	r3, #3758153728	@ 0xe000e000
100058e8:	f8d3 3df0 	ldr.w	r3, [r3, #3568]	@ 0xdf0
100058ec:	f013 0f01 	tst.w	r3, #1
100058f0:	d000      	beq.n	100058f4 <tud_control_xfer+0x48>
100058f2:	be00      	bkpt	0x0000
100058f4:	2300      	movs	r3, #0
100058f6:	461c      	mov	r4, r3
100058f8:	e7eb      	b.n	100058d2 <tud_control_xfer+0x26>
100058fa:	f240 3275 	movw	r2, #885	@ 0x375
100058fe:	4914      	ldr	r1, [pc, #80]	@ (10005950 <tud_control_xfer+0xa4>)
10005900:	4814      	ldr	r0, [pc, #80]	@ (10005954 <tud_control_xfer+0xa8>)
10005902:	f7fe fec5 	bl	10004690 <__wrap_printf>
10005906:	f04f 23e0 	mov.w	r3, #3758153728	@ 0xe000e000
1000590a:	f8d3 3df0 	ldr.w	r3, [r3, #3568]	@ 0xdf0
1000590e:	f013 0f01 	tst.w	r3, #1
10005912:	d0de      	beq.n	100058d2 <tud_control_xfer+0x26>
10005914:	be00      	bkpt	0x0000
10005916:	e7dc      	b.n	100058d2 <tud_control_xfer+0x26>
10005918:	4662      	mov	r2, ip
1000591a:	f8cd c000 	str.w	ip, [sp]
1000591e:	4663      	mov	r3, ip
10005920:	2180      	movs	r1, #128	@ 0x80
10005922:	f7ff fe7f 	bl	10005624 <usbd_edpt_xfer>
10005926:	4604      	mov	r4, r0
10005928:	2800      	cmp	r0, #0
1000592a:	d1d2      	bne.n	100058d2 <tud_control_xfer+0x26>
1000592c:	f44f 725e 	mov.w	r2, #888	@ 0x378
10005930:	4907      	ldr	r1, [pc, #28]	@ (10005950 <tud_control_xfer+0xa4>)
10005932:	4808      	ldr	r0, [pc, #32]	@ (10005954 <tud_control_xfer+0xa8>)
10005934:	f7fe feac 	bl	10004690 <__wrap_printf>
10005938:	f04f 23e0 	mov.w	r3, #3758153728	@ 0xe000e000
1000593c:	f8d3 3df0 	ldr.w	r3, [r3, #3568]	@ 0xdf0
10005940:	f013 0f01 	tst.w	r3, #1
10005944:	d0c5      	beq.n	100058d2 <tud_control_xfer+0x26>
10005946:	be00      	bkpt	0x0000
10005948:	e7c3      	b.n	100058d2 <tud_control_xfer+0x26>
1000594a:	bf00      	nop
1000594c:	2001a418 	.word	0x2001a418
10005950:	1000858c 	.word	0x1000858c
10005954:	10007f9c 	.word	0x10007f9c

10005958 <process_get_descriptor>:
10005958:	b538      	push	{r3, r4, r5, lr}
1000595a:	4605      	mov	r5, r0
1000595c:	460c      	mov	r4, r1
1000595e:	884b      	ldrh	r3, [r1, #2]
10005960:	0a1a      	lsrs	r2, r3, #8
10005962:	2a06      	cmp	r2, #6
10005964:	d061      	beq.n	10005a2a <process_get_descriptor+0xd2>
10005966:	4611      	mov	r1, r2
10005968:	b2d8      	uxtb	r0, r3
1000596a:	d811      	bhi.n	10005990 <process_get_descriptor+0x38>
1000596c:	2a02      	cmp	r2, #2
1000596e:	d02f      	beq.n	100059d0 <process_get_descriptor+0x78>
10005970:	2a03      	cmp	r2, #3
10005972:	d04e      	beq.n	10005a12 <process_get_descriptor+0xba>
10005974:	2a01      	cmp	r2, #1
10005976:	d109      	bne.n	1000598c <process_get_descriptor+0x34>
10005978:	f7fb f830 	bl	100009dc <tud_descriptor_device_cb>
1000597c:	4602      	mov	r2, r0
1000597e:	b1b8      	cbz	r0, 100059b0 <process_get_descriptor+0x58>
10005980:	2312      	movs	r3, #18
10005982:	4621      	mov	r1, r4
10005984:	4628      	mov	r0, r5
10005986:	f7ff ff91 	bl	100058ac <tud_control_xfer>
1000598a:	e02c      	b.n	100059e6 <process_get_descriptor+0x8e>
1000598c:	2000      	movs	r0, #0
1000598e:	e02a      	b.n	100059e6 <process_get_descriptor+0x8e>
10005990:	2a07      	cmp	r2, #7
10005992:	d01d      	beq.n	100059d0 <process_get_descriptor+0x78>
10005994:	2a0f      	cmp	r2, #15
10005996:	d109      	bne.n	100059ac <process_get_descriptor+0x54>
10005998:	f7ff fd72 	bl	10005480 <tud_descriptor_bos_cb>
1000599c:	4602      	mov	r2, r0
1000599e:	b310      	cbz	r0, 100059e6 <process_get_descriptor+0x8e>
100059a0:	8843      	ldrh	r3, [r0, #2]
100059a2:	4621      	mov	r1, r4
100059a4:	4628      	mov	r0, r5
100059a6:	f7ff ff81 	bl	100058ac <tud_control_xfer>
100059aa:	e01c      	b.n	100059e6 <process_get_descriptor+0x8e>
100059ac:	2000      	movs	r0, #0
100059ae:	e01a      	b.n	100059e6 <process_get_descriptor+0x8e>
100059b0:	f240 521c 	movw	r2, #1308	@ 0x51c
100059b4:	4922      	ldr	r1, [pc, #136]	@ (10005a40 <process_get_descriptor+0xe8>)
100059b6:	4823      	ldr	r0, [pc, #140]	@ (10005a44 <process_get_descriptor+0xec>)
100059b8:	f7fe fe6a 	bl	10004690 <__wrap_printf>
100059bc:	f04f 23e0 	mov.w	r3, #3758153728	@ 0xe000e000
100059c0:	f8d3 3df0 	ldr.w	r3, [r3, #3568]	@ 0xdf0
100059c4:	f013 0f01 	tst.w	r3, #1
100059c8:	d000      	beq.n	100059cc <process_get_descriptor+0x74>
100059ca:	be00      	bkpt	0x0000
100059cc:	2000      	movs	r0, #0
100059ce:	e00a      	b.n	100059e6 <process_get_descriptor+0x8e>
100059d0:	2902      	cmp	r1, #2
100059d2:	d009      	beq.n	100059e8 <process_get_descriptor+0x90>
100059d4:	f7ff fd58 	bl	10005488 <tud_descriptor_other_speed_configuration_cb>
100059d8:	4602      	mov	r2, r0
100059da:	b120      	cbz	r0, 100059e6 <process_get_descriptor+0x8e>
100059dc:	8853      	ldrh	r3, [r2, #2]
100059de:	4621      	mov	r1, r4
100059e0:	4628      	mov	r0, r5
100059e2:	f7ff ff63 	bl	100058ac <tud_control_xfer>
100059e6:	bd38      	pop	{r3, r4, r5, pc}
100059e8:	f7fa fffc 	bl	100009e4 <tud_descriptor_configuration_cb>
100059ec:	4602      	mov	r2, r0
100059ee:	2800      	cmp	r0, #0
100059f0:	d1f4      	bne.n	100059dc <process_get_descriptor+0x84>
100059f2:	f240 5241 	movw	r2, #1345	@ 0x541
100059f6:	4912      	ldr	r1, [pc, #72]	@ (10005a40 <process_get_descriptor+0xe8>)
100059f8:	4812      	ldr	r0, [pc, #72]	@ (10005a44 <process_get_descriptor+0xec>)
100059fa:	f7fe fe49 	bl	10004690 <__wrap_printf>
100059fe:	f04f 23e0 	mov.w	r3, #3758153728	@ 0xe000e000
10005a02:	f8d3 3df0 	ldr.w	r3, [r3, #3568]	@ 0xdf0
10005a06:	f013 0f01 	tst.w	r3, #1
10005a0a:	d000      	beq.n	10005a0e <process_get_descriptor+0xb6>
10005a0c:	be00      	bkpt	0x0000
10005a0e:	2000      	movs	r0, #0
10005a10:	e7e9      	b.n	100059e6 <process_get_descriptor+0x8e>
10005a12:	88a1      	ldrh	r1, [r4, #4]
10005a14:	f7fa ffea 	bl	100009ec <tud_descriptor_string_cb>
10005a18:	4602      	mov	r2, r0
10005a1a:	2800      	cmp	r0, #0
10005a1c:	d0e3      	beq.n	100059e6 <process_get_descriptor+0x8e>
10005a1e:	7803      	ldrb	r3, [r0, #0]
10005a20:	4621      	mov	r1, r4
10005a22:	4628      	mov	r0, r5
10005a24:	f7ff ff42 	bl	100058ac <tud_control_xfer>
10005a28:	e7dd      	b.n	100059e6 <process_get_descriptor+0x8e>
10005a2a:	f7ff fd2b 	bl	10005484 <tud_descriptor_device_qualifier_cb>
10005a2e:	4602      	mov	r2, r0
10005a30:	2800      	cmp	r0, #0
10005a32:	d0d8      	beq.n	100059e6 <process_get_descriptor+0x8e>
10005a34:	7803      	ldrb	r3, [r0, #0]
10005a36:	4621      	mov	r1, r4
10005a38:	4628      	mov	r0, r5
10005a3a:	f7ff ff37 	bl	100058ac <tud_control_xfer>
10005a3e:	e7d2      	b.n	100059e6 <process_get_descriptor+0x8e>
10005a40:	100085b8 	.word	0x100085b8
10005a44:	10007f9c 	.word	0x10007f9c

10005a48 <process_std_device_request>:
10005a48:	e92d 41f0 	stmdb	sp!, {r4, r5, r6, r7, r8, lr}
10005a4c:	b082      	sub	sp, #8
10005a4e:	4607      	mov	r7, r0
10005a50:	460c      	mov	r4, r1
10005a52:	784b      	ldrb	r3, [r1, #1]
10005a54:	2b05      	cmp	r3, #5
10005a56:	d01d      	beq.n	10005a94 <process_std_device_request+0x4c>
10005a58:	d812      	bhi.n	10005a80 <process_std_device_request+0x38>
10005a5a:	2b01      	cmp	r3, #1
10005a5c:	d07f      	beq.n	10005b5e <process_std_device_request+0x116>
10005a5e:	2b03      	cmp	r3, #3
10005a60:	d06d      	beq.n	10005b3e <process_std_device_request+0xf6>
10005a62:	2b00      	cmp	r3, #0
10005a64:	f040 808b 	bne.w	10005b7e <process_std_device_request+0x136>
10005a68:	4b4c      	ldr	r3, [pc, #304]	@ (10005b9c <process_std_device_request+0x154>)
10005a6a:	7ddb      	ldrb	r3, [r3, #23]
10005a6c:	f8ad 3006 	strh.w	r3, [sp, #6]
10005a70:	2302      	movs	r3, #2
10005a72:	f10d 0206 	add.w	r2, sp, #6
10005a76:	f7ff ff19 	bl	100058ac <tud_control_xfer>
10005a7a:	2301      	movs	r3, #1
10005a7c:	461d      	mov	r5, r3
10005a7e:	e011      	b.n	10005aa4 <process_std_device_request+0x5c>
10005a80:	2b08      	cmp	r3, #8
10005a82:	d013      	beq.n	10005aac <process_std_device_request+0x64>
10005a84:	2b09      	cmp	r3, #9
10005a86:	d01d      	beq.n	10005ac4 <process_std_device_request+0x7c>
10005a88:	2b06      	cmp	r3, #6
10005a8a:	d178      	bne.n	10005b7e <process_std_device_request+0x136>
10005a8c:	f7ff ff64 	bl	10005958 <process_get_descriptor>
10005a90:	4605      	mov	r5, r0
10005a92:	e007      	b.n	10005aa4 <process_std_device_request+0x5c>
10005a94:	8849      	ldrh	r1, [r1, #2]
10005a96:	b2c9      	uxtb	r1, r1
10005a98:	f7ff f97e 	bl	10004d98 <dcd_set_address>
10005a9c:	2001      	movs	r0, #1
10005a9e:	4b3f      	ldr	r3, [pc, #252]	@ (10005b9c <process_std_device_request+0x154>)
10005aa0:	7558      	strb	r0, [r3, #21]
10005aa2:	4605      	mov	r5, r0
10005aa4:	4628      	mov	r0, r5
10005aa6:	b002      	add	sp, #8
10005aa8:	e8bd 81f0 	ldmia.w	sp!, {r4, r5, r6, r7, r8, pc}
10005aac:	4b3b      	ldr	r3, [pc, #236]	@ (10005b9c <process_std_device_request+0x154>)
10005aae:	7e1b      	ldrb	r3, [r3, #24]
10005ab0:	f88d 3006 	strb.w	r3, [sp, #6]
10005ab4:	2301      	movs	r3, #1
10005ab6:	f10d 0206 	add.w	r2, sp, #6
10005aba:	f7ff fef7 	bl	100058ac <tud_control_xfer>
10005abe:	2301      	movs	r3, #1
10005ac0:	461d      	mov	r5, r3
10005ac2:	e7ef      	b.n	10005aa4 <process_std_device_request+0x5c>
10005ac4:	884b      	ldrh	r3, [r1, #2]
10005ac6:	b2da      	uxtb	r2, r3
10005ac8:	4690      	mov	r8, r2
10005aca:	4b34      	ldr	r3, [pc, #208]	@ (10005b9c <process_std_device_request+0x154>)
10005acc:	7e1b      	ldrb	r3, [r3, #24]
10005ace:	4293      	cmp	r3, r2
10005ad0:	d007      	beq.n	10005ae2 <process_std_device_request+0x9a>
10005ad2:	b96b      	cbnz	r3, 10005af0 <process_std_device_request+0xa8>
10005ad4:	4b31      	ldr	r3, [pc, #196]	@ (10005b9c <process_std_device_request+0x154>)
10005ad6:	4642      	mov	r2, r8
10005ad8:	f883 8018 	strb.w	r8, [r3, #24]
10005adc:	b9aa      	cbnz	r2, 10005b0a <process_std_device_request+0xc2>
10005ade:	f7ff fcd6 	bl	1000548e <tud_umount_cb>
10005ae2:	4621      	mov	r1, r4
10005ae4:	4638      	mov	r0, r7
10005ae6:	f7ff fded 	bl	100056c4 <tud_control_status>
10005aea:	2301      	movs	r3, #1
10005aec:	461d      	mov	r5, r3
10005aee:	e7d9      	b.n	10005aa4 <process_std_device_request+0x5c>
10005af0:	2100      	movs	r1, #0
10005af2:	f7ff f89b 	bl	10004c2c <dcd_sof_enable>
10005af6:	4638      	mov	r0, r7
10005af8:	f7ff f91c 	bl	10004d34 <dcd_edpt_close_all>
10005afc:	4d27      	ldr	r5, [pc, #156]	@ (10005b9c <process_std_device_request+0x154>)
10005afe:	7e6e      	ldrb	r6, [r5, #25]
10005b00:	4638      	mov	r0, r7
10005b02:	f7ff fb8f 	bl	10005224 <configuration_reset>
10005b06:	766e      	strb	r6, [r5, #25]
10005b08:	e7e4      	b.n	10005ad4 <process_std_device_request+0x8c>
10005b0a:	4641      	mov	r1, r8
10005b0c:	4638      	mov	r0, r7
10005b0e:	f7ff fbe1 	bl	100052d4 <process_set_config>
10005b12:	4605      	mov	r5, r0
10005b14:	b110      	cbz	r0, 10005b1c <process_std_device_request+0xd4>
10005b16:	f7ff fcb9 	bl	1000548c <tud_mount_cb>
10005b1a:	e7e2      	b.n	10005ae2 <process_std_device_request+0x9a>
10005b1c:	4b1f      	ldr	r3, [pc, #124]	@ (10005b9c <process_std_device_request+0x154>)
10005b1e:	7618      	strb	r0, [r3, #24]
10005b20:	f240 32ee 	movw	r2, #1006	@ 0x3ee
10005b24:	491e      	ldr	r1, [pc, #120]	@ (10005ba0 <process_std_device_request+0x158>)
10005b26:	481f      	ldr	r0, [pc, #124]	@ (10005ba4 <process_std_device_request+0x15c>)
10005b28:	f7fe fdb2 	bl	10004690 <__wrap_printf>
10005b2c:	f04f 23e0 	mov.w	r3, #3758153728	@ 0xe000e000
10005b30:	f8d3 3df0 	ldr.w	r3, [r3, #3568]	@ 0xdf0
10005b34:	f013 0f01 	tst.w	r3, #1
10005b38:	d0b4      	beq.n	10005aa4 <process_std_device_request+0x5c>
10005b3a:	be00      	bkpt	0x0000
10005b3c:	e7b2      	b.n	10005aa4 <process_std_device_request+0x5c>
10005b3e:	884b      	ldrh	r3, [r1, #2]
10005b40:	2b01      	cmp	r3, #1
10005b42:	d002      	beq.n	10005b4a <process_std_device_request+0x102>
10005b44:	2300      	movs	r3, #0
10005b46:	461d      	mov	r5, r3
10005b48:	e7ac      	b.n	10005aa4 <process_std_device_request+0x5c>
10005b4a:	4a14      	ldr	r2, [pc, #80]	@ (10005b9c <process_std_device_request+0x154>)
10005b4c:	7dd3      	ldrb	r3, [r2, #23]
10005b4e:	f043 0302 	orr.w	r3, r3, #2
10005b52:	75d3      	strb	r3, [r2, #23]
10005b54:	f7ff fdb6 	bl	100056c4 <tud_control_status>
10005b58:	2301      	movs	r3, #1
10005b5a:	461d      	mov	r5, r3
10005b5c:	e7a2      	b.n	10005aa4 <process_std_device_request+0x5c>
10005b5e:	884b      	ldrh	r3, [r1, #2]
10005b60:	2b01      	cmp	r3, #1
10005b62:	d002      	beq.n	10005b6a <process_std_device_request+0x122>
10005b64:	2300      	movs	r3, #0
10005b66:	461d      	mov	r5, r3
10005b68:	e79c      	b.n	10005aa4 <process_std_device_request+0x5c>
10005b6a:	4a0c      	ldr	r2, [pc, #48]	@ (10005b9c <process_std_device_request+0x154>)
10005b6c:	7dd3      	ldrb	r3, [r2, #23]
10005b6e:	f023 0302 	bic.w	r3, r3, #2
10005b72:	75d3      	strb	r3, [r2, #23]
10005b74:	f7ff fda6 	bl	100056c4 <tud_control_status>
10005b78:	2301      	movs	r3, #1
10005b7a:	461d      	mov	r5, r3
10005b7c:	e792      	b.n	10005aa4 <process_std_device_request+0x5c>
10005b7e:	f04f 23e0 	mov.w	r3, #3758153728	@ 0xe000e000
10005b82:	f8d3 3df0 	ldr.w	r3, [r3, #3568]	@ 0xdf0
10005b86:	f013 0f01 	tst.w	r3, #1
10005b8a:	d003      	beq.n	10005b94 <process_std_device_request+0x14c>
10005b8c:	be00      	bkpt	0x0000
10005b8e:	2300      	movs	r3, #0
10005b90:	461d      	mov	r5, r3
10005b92:	e787      	b.n	10005aa4 <process_std_device_request+0x5c>
10005b94:	2300      	movs	r3, #0
10005b96:	461d      	mov	r5, r3
10005b98:	e784      	b.n	10005aa4 <process_std_device_request+0x5c>
10005b9a:	bf00      	nop
10005b9c:	2001a418 	.word	0x2001a418
10005ba0:	100085e4 	.word	0x100085e4
10005ba4:	10007f9c 	.word	0x10007f9c

10005ba8 <usbd_edpt_stall>:
10005ba8:	b538      	push	{r3, r4, r5, lr}
10005baa:	f001 050f 	and.w	r5, r1, #15
10005bae:	09cc      	lsrs	r4, r1, #7
10005bb0:	4b07      	ldr	r3, [pc, #28]	@ (10005bd0 <usbd_edpt_stall+0x28>)
10005bb2:	7818      	ldrb	r0, [r3, #0]
10005bb4:	f7ff f8fa 	bl	10004dac <dcd_edpt_stall>
10005bb8:	4b06      	ldr	r3, [pc, #24]	@ (10005bd4 <usbd_edpt_stall+0x2c>)
10005bba:	eb03 0345 	add.w	r3, r3, r5, lsl #1
10005bbe:	4423      	add	r3, r4
10005bc0:	f893 204b 	ldrb.w	r2, [r3, #75]	@ 0x4b
10005bc4:	f042 0203 	orr.w	r2, r2, #3
10005bc8:	f883 204b 	strb.w	r2, [r3, #75]	@ 0x4b
10005bcc:	bd38      	pop	{r3, r4, r5, pc}
10005bce:	bf00      	nop
10005bd0:	2001a0ec 	.word	0x2001a0ec
10005bd4:	2001a418 	.word	0x2001a418

10005bd8 <usbd_edpt_clear_stall>:
10005bd8:	b538      	push	{r3, r4, r5, lr}
10005bda:	f001 050f 	and.w	r5, r1, #15
10005bde:	09cc      	lsrs	r4, r1, #7
10005be0:	4b07      	ldr	r3, [pc, #28]	@ (10005c00 <usbd_edpt_clear_stall+0x28>)
10005be2:	7818      	ldrb	r0, [r3, #0]
10005be4:	f7ff f908 	bl	10004df8 <dcd_edpt_clear_stall>
10005be8:	4b06      	ldr	r3, [pc, #24]	@ (10005c04 <usbd_edpt_clear_stall+0x2c>)
10005bea:	eb03 0345 	add.w	r3, r3, r5, lsl #1
10005bee:	4423      	add	r3, r4
10005bf0:	f893 204b 	ldrb.w	r2, [r3, #75]	@ 0x4b
10005bf4:	f002 02fc 	and.w	r2, r2, #252	@ 0xfc
10005bf8:	f883 204b 	strb.w	r2, [r3, #75]	@ 0x4b
10005bfc:	bd38      	pop	{r3, r4, r5, pc}
10005bfe:	bf00      	nop
10005c00:	2001a0ec 	.word	0x2001a0ec
10005c04:	2001a418 	.word	0x2001a418

10005c08 <usbd_edpt_stalled>:
10005c08:	f001 020f 	and.w	r2, r1, #15
10005c0c:	4b04      	ldr	r3, [pc, #16]	@ (10005c20 <usbd_edpt_stalled+0x18>)
10005c0e:	eb03 0342 	add.w	r3, r3, r2, lsl #1
10005c12:	eb03 11d1 	add.w	r1, r3, r1, lsr #7
10005c16:	f891 004b 	ldrb.w	r0, [r1, #75]	@ 0x4b
10005c1a:	f3c0 0040 	ubfx	r0, r0, #1, #1
10005c1e:	4770      	bx	lr
10005c20:	2001a418 	.word	0x2001a418

10005c24 <process_setup_received>:
10005c24:	b530      	push	{r4, r5, lr}
10005c26:	b083      	sub	sp, #12
10005c28:	4604      	mov	r4, r0
10005c2a:	4ba0      	ldr	r3, [pc, #640]	@ (10005eac <process_setup_received+0x288>)
10005c2c:	461a      	mov	r2, r3
10005c2e:	6808      	ldr	r0, [r1, #0]
10005c30:	6849      	ldr	r1, [r1, #4]
10005c32:	c203      	stmia	r2!, {r0, r1}
10005c34:	2200      	movs	r2, #0
10005c36:	609a      	str	r2, [r3, #8]
10005c38:	81da      	strh	r2, [r3, #14]
10005c3a:	819a      	strh	r2, [r3, #12]
10005c3c:	611a      	str	r2, [r3, #16]
10005c3e:	781b      	ldrb	r3, [r3, #0]
10005c40:	f003 0360 	and.w	r3, r3, #96	@ 0x60
10005c44:	2b60      	cmp	r3, #96	@ 0x60
10005c46:	d01b      	beq.n	10005c80 <process_setup_received+0x5c>
10005c48:	2b40      	cmp	r3, #64	@ 0x40
10005c4a:	d02a      	beq.n	10005ca2 <process_setup_received+0x7e>
10005c4c:	4a97      	ldr	r2, [pc, #604]	@ (10005eac <process_setup_received+0x288>)
10005c4e:	7812      	ldrb	r2, [r2, #0]
10005c50:	f002 021f 	and.w	r2, r2, #31
10005c54:	2a01      	cmp	r2, #1
10005c56:	d057      	beq.n	10005d08 <process_setup_received+0xe4>
10005c58:	2a02      	cmp	r2, #2
10005c5a:	f000 809b 	beq.w	10005d94 <process_setup_received+0x170>
10005c5e:	2a00      	cmp	r2, #0
10005c60:	f040 810a 	bne.w	10005e78 <process_setup_received+0x254>
10005c64:	2b20      	cmp	r3, #32
10005c66:	d024      	beq.n	10005cb2 <process_setup_received+0x8e>
10005c68:	2b00      	cmp	r3, #0
10005c6a:	d048      	beq.n	10005cfe <process_setup_received+0xda>
10005c6c:	f04f 23e0 	mov.w	r3, #3758153728	@ 0xe000e000
10005c70:	f8d3 3df0 	ldr.w	r3, [r3, #3568]	@ 0xdf0
10005c74:	f013 0f01 	tst.w	r3, #1
10005c78:	d000      	beq.n	10005c7c <process_setup_received+0x58>
10005c7a:	be00      	bkpt	0x0000
10005c7c:	2000      	movs	r0, #0
10005c7e:	e00e      	b.n	10005c9e <process_setup_received+0x7a>
10005c80:	f240 423e 	movw	r2, #1086	@ 0x43e
10005c84:	498a      	ldr	r1, [pc, #552]	@ (10005eb0 <process_setup_received+0x28c>)
10005c86:	488b      	ldr	r0, [pc, #556]	@ (10005eb4 <process_setup_received+0x290>)
10005c88:	f7fe fd02 	bl	10004690 <__wrap_printf>
10005c8c:	f04f 23e0 	mov.w	r3, #3758153728	@ 0xe000e000
10005c90:	f8d3 3df0 	ldr.w	r3, [r3, #3568]	@ 0xdf0
10005c94:	f013 0f01 	tst.w	r3, #1
10005c98:	d000      	beq.n	10005c9c <process_setup_received+0x78>
10005c9a:	be00      	bkpt	0x0000
10005c9c:	2000      	movs	r0, #0
10005c9e:	b003      	add	sp, #12
10005ca0:	bd30      	pop	{r4, r5, pc}
10005ca2:	4a82      	ldr	r2, [pc, #520]	@ (10005eac <process_setup_received+0x288>)
10005ca4:	4b84      	ldr	r3, [pc, #528]	@ (10005eb8 <process_setup_received+0x294>)
10005ca6:	6113      	str	r3, [r2, #16]
10005ca8:	2101      	movs	r1, #1
10005caa:	4620      	mov	r0, r4
10005cac:	f7ff faae 	bl	1000520c <tud_vendor_control_xfer_cb>
10005cb0:	e7f5      	b.n	10005c9e <process_setup_received+0x7a>
10005cb2:	4b7e      	ldr	r3, [pc, #504]	@ (10005eac <process_setup_received+0x288>)
10005cb4:	889b      	ldrh	r3, [r3, #4]
10005cb6:	b2da      	uxtb	r2, r3
10005cb8:	2a0f      	cmp	r2, #15
10005cba:	f200 80e7 	bhi.w	10005e8c <process_setup_received+0x268>
10005cbe:	4a7b      	ldr	r2, [pc, #492]	@ (10005eac <process_setup_received+0x288>)
10005cc0:	fa52 f383 	uxtab	r3, r2, r3
10005cc4:	7edb      	ldrb	r3, [r3, #27]
10005cc6:	4a7d      	ldr	r2, [pc, #500]	@ (10005ebc <process_setup_received+0x298>)
10005cc8:	7812      	ldrb	r2, [r2, #0]
10005cca:	4293      	cmp	r3, r2
10005ccc:	d208      	bcs.n	10005ce0 <process_setup_received+0xbc>
10005cce:	4a7c      	ldr	r2, [pc, #496]	@ (10005ec0 <process_setup_received+0x29c>)
10005cd0:	6811      	ldr	r1, [r2, #0]
10005cd2:	eb03 03c3 	add.w	r3, r3, r3, lsl #3
10005cd6:	eb11 0183 	adds.w	r1, r1, r3, lsl #2
10005cda:	d10b      	bne.n	10005cf4 <process_setup_received+0xd0>
10005cdc:	2000      	movs	r0, #0
10005cde:	e7de      	b.n	10005c9e <process_setup_received+0x7a>
10005ce0:	1a9b      	subs	r3, r3, r2
10005ce2:	f013 03ff 	ands.w	r3, r3, #255	@ 0xff
10005ce6:	f040 80d3 	bne.w	10005e90 <process_setup_received+0x26c>
10005cea:	eb03 03c3 	add.w	r3, r3, r3, lsl #3
10005cee:	4975      	ldr	r1, [pc, #468]	@ (10005ec4 <process_setup_received+0x2a0>)
10005cf0:	eb01 0183 	add.w	r1, r1, r3, lsl #2
10005cf4:	4a6d      	ldr	r2, [pc, #436]	@ (10005eac <process_setup_received+0x288>)
10005cf6:	4620      	mov	r0, r4
10005cf8:	f7ff fa8a 	bl	10005210 <invoke_class_control>
10005cfc:	e7cf      	b.n	10005c9e <process_setup_received+0x7a>
10005cfe:	496b      	ldr	r1, [pc, #428]	@ (10005eac <process_setup_received+0x288>)
10005d00:	4620      	mov	r0, r4
10005d02:	f7ff fea1 	bl	10005a48 <process_std_device_request>
10005d06:	e7ca      	b.n	10005c9e <process_setup_received+0x7a>
10005d08:	4b68      	ldr	r3, [pc, #416]	@ (10005eac <process_setup_received+0x288>)
10005d0a:	889b      	ldrh	r3, [r3, #4]
10005d0c:	b2da      	uxtb	r2, r3
10005d0e:	2a0f      	cmp	r2, #15
10005d10:	f200 80c0 	bhi.w	10005e94 <process_setup_received+0x270>
10005d14:	4a65      	ldr	r2, [pc, #404]	@ (10005eac <process_setup_received+0x288>)
10005d16:	fa52 f383 	uxtab	r3, r2, r3
10005d1a:	7edb      	ldrb	r3, [r3, #27]
10005d1c:	4a67      	ldr	r2, [pc, #412]	@ (10005ebc <process_setup_received+0x298>)
10005d1e:	7812      	ldrb	r2, [r2, #0]
10005d20:	4293      	cmp	r3, r2
10005d22:	d220      	bcs.n	10005d66 <process_setup_received+0x142>
10005d24:	4a66      	ldr	r2, [pc, #408]	@ (10005ec0 <process_setup_received+0x29c>)
10005d26:	6811      	ldr	r1, [r2, #0]
10005d28:	eb03 03c3 	add.w	r3, r3, r3, lsl #3
10005d2c:	eb11 0183 	adds.w	r1, r1, r3, lsl #2
10005d30:	f000 80b2 	beq.w	10005e98 <process_setup_received+0x274>
10005d34:	4a5d      	ldr	r2, [pc, #372]	@ (10005eac <process_setup_received+0x288>)
10005d36:	4620      	mov	r0, r4
10005d38:	f7ff fa6a 	bl	10005210 <invoke_class_control>
10005d3c:	2800      	cmp	r0, #0
10005d3e:	d1ae      	bne.n	10005c9e <process_setup_received+0x7a>
10005d40:	4b5a      	ldr	r3, [pc, #360]	@ (10005eac <process_setup_received+0x288>)
10005d42:	781b      	ldrb	r3, [r3, #0]
10005d44:	f013 0f60 	tst.w	r3, #96	@ 0x60
10005d48:	d1a9      	bne.n	10005c9e <process_setup_received+0x7a>
10005d4a:	4b58      	ldr	r3, [pc, #352]	@ (10005eac <process_setup_received+0x288>)
10005d4c:	2200      	movs	r2, #0
10005d4e:	611a      	str	r2, [r3, #16]
10005d50:	785b      	ldrb	r3, [r3, #1]
10005d52:	2b0a      	cmp	r3, #10
10005d54:	d012      	beq.n	10005d7c <process_setup_received+0x158>
10005d56:	2b0b      	cmp	r3, #11
10005d58:	d1a1      	bne.n	10005c9e <process_setup_received+0x7a>
10005d5a:	4954      	ldr	r1, [pc, #336]	@ (10005eac <process_setup_received+0x288>)
10005d5c:	4620      	mov	r0, r4
10005d5e:	f7ff fcb1 	bl	100056c4 <tud_control_status>
10005d62:	2001      	movs	r0, #1
10005d64:	e79b      	b.n	10005c9e <process_setup_received+0x7a>
10005d66:	1a9b      	subs	r3, r3, r2
10005d68:	f013 03ff 	ands.w	r3, r3, #255	@ 0xff
10005d6c:	f040 8096 	bne.w	10005e9c <process_setup_received+0x278>
10005d70:	eb03 03c3 	add.w	r3, r3, r3, lsl #3
10005d74:	4953      	ldr	r1, [pc, #332]	@ (10005ec4 <process_setup_received+0x2a0>)
10005d76:	eb01 0183 	add.w	r1, r1, r3, lsl #2
10005d7a:	e7db      	b.n	10005d34 <process_setup_received+0x110>
10005d7c:	2300      	movs	r3, #0
10005d7e:	f88d 3006 	strb.w	r3, [sp, #6]
10005d82:	2301      	movs	r3, #1
10005d84:	f10d 0206 	add.w	r2, sp, #6
10005d88:	4948      	ldr	r1, [pc, #288]	@ (10005eac <process_setup_received+0x288>)
10005d8a:	4620      	mov	r0, r4
10005d8c:	f7ff fd8e 	bl	100058ac <tud_control_xfer>
10005d90:	2001      	movs	r0, #1
10005d92:	e784      	b.n	10005c9e <process_setup_received+0x7a>
10005d94:	4a45      	ldr	r2, [pc, #276]	@ (10005eac <process_setup_received+0x288>)
10005d96:	7911      	ldrb	r1, [r2, #4]
10005d98:	f001 000f 	and.w	r0, r1, #15
10005d9c:	eb02 0240 	add.w	r2, r2, r0, lsl #1
10005da0:	eb02 12d1 	add.w	r2, r2, r1, lsr #7
10005da4:	f892 202b 	ldrb.w	r2, [r2, #43]	@ 0x2b
10005da8:	4844      	ldr	r0, [pc, #272]	@ (10005ebc <process_setup_received+0x298>)
10005daa:	7800      	ldrb	r0, [r0, #0]
10005dac:	4282      	cmp	r2, r0
10005dae:	d20f      	bcs.n	10005dd0 <process_setup_received+0x1ac>
10005db0:	4843      	ldr	r0, [pc, #268]	@ (10005ec0 <process_setup_received+0x29c>)
10005db2:	6800      	ldr	r0, [r0, #0]
10005db4:	eb02 02c2 	add.w	r2, r2, r2, lsl #3
10005db8:	eb00 0282 	add.w	r2, r0, r2, lsl #2
10005dbc:	4615      	mov	r5, r2
10005dbe:	b1ab      	cbz	r3, 10005dec <process_setup_received+0x1c8>
10005dc0:	4629      	mov	r1, r5
10005dc2:	2d00      	cmp	r5, #0
10005dc4:	d06c      	beq.n	10005ea0 <process_setup_received+0x27c>
10005dc6:	4a39      	ldr	r2, [pc, #228]	@ (10005eac <process_setup_received+0x288>)
10005dc8:	4620      	mov	r0, r4
10005dca:	f7ff fa21 	bl	10005210 <invoke_class_control>
10005dce:	e766      	b.n	10005c9e <process_setup_received+0x7a>
10005dd0:	1a12      	subs	r2, r2, r0
10005dd2:	f012 02ff 	ands.w	r2, r2, #255	@ 0xff
10005dd6:	d106      	bne.n	10005de6 <process_setup_received+0x1c2>
10005dd8:	eb02 02c2 	add.w	r2, r2, r2, lsl #3
10005ddc:	4839      	ldr	r0, [pc, #228]	@ (10005ec4 <process_setup_received+0x2a0>)
10005dde:	eb00 0282 	add.w	r2, r0, r2, lsl #2
10005de2:	4615      	mov	r5, r2
10005de4:	e7eb      	b.n	10005dbe <process_setup_received+0x19a>
10005de6:	2200      	movs	r2, #0
10005de8:	4615      	mov	r5, r2
10005dea:	e7e8      	b.n	10005dbe <process_setup_received+0x19a>
10005dec:	4b2f      	ldr	r3, [pc, #188]	@ (10005eac <process_setup_received+0x288>)
10005dee:	785b      	ldrb	r3, [r3, #1]
10005df0:	2b01      	cmp	r3, #1
10005df2:	d014      	beq.n	10005e1e <process_setup_received+0x1fa>
10005df4:	2b03      	cmp	r3, #3
10005df6:	d012      	beq.n	10005e1e <process_setup_received+0x1fa>
10005df8:	bba3      	cbnz	r3, 10005e64 <process_setup_received+0x240>
10005dfa:	4620      	mov	r0, r4
10005dfc:	f7ff ff04 	bl	10005c08 <usbd_edpt_stalled>
10005e00:	b158      	cbz	r0, 10005e1a <process_setup_received+0x1f6>
10005e02:	2301      	movs	r3, #1
10005e04:	f8ad 3006 	strh.w	r3, [sp, #6]
10005e08:	2302      	movs	r3, #2
10005e0a:	f10d 0206 	add.w	r2, sp, #6
10005e0e:	4927      	ldr	r1, [pc, #156]	@ (10005eac <process_setup_received+0x288>)
10005e10:	4620      	mov	r0, r4
10005e12:	f7ff fd4b 	bl	100058ac <tud_control_xfer>
10005e16:	2001      	movs	r0, #1
10005e18:	e741      	b.n	10005c9e <process_setup_received+0x7a>
10005e1a:	4603      	mov	r3, r0
10005e1c:	e7f2      	b.n	10005e04 <process_setup_received+0x1e0>
10005e1e:	4a23      	ldr	r2, [pc, #140]	@ (10005eac <process_setup_received+0x288>)
10005e20:	8852      	ldrh	r2, [r2, #2]
10005e22:	b922      	cbnz	r2, 10005e2e <process_setup_received+0x20a>
10005e24:	2b01      	cmp	r3, #1
10005e26:	d013      	beq.n	10005e50 <process_setup_received+0x22c>
10005e28:	4620      	mov	r0, r4
10005e2a:	f7ff febd 	bl	10005ba8 <usbd_edpt_stall>
10005e2e:	4629      	mov	r1, r5
10005e30:	2d00      	cmp	r5, #0
10005e32:	d037      	beq.n	10005ea4 <process_setup_received+0x280>
10005e34:	4a1d      	ldr	r2, [pc, #116]	@ (10005eac <process_setup_received+0x288>)
10005e36:	4620      	mov	r0, r4
10005e38:	f7ff f9ea 	bl	10005210 <invoke_class_control>
10005e3c:	2300      	movs	r3, #0
10005e3e:	4a1b      	ldr	r2, [pc, #108]	@ (10005eac <process_setup_received+0x288>)
10005e40:	6113      	str	r3, [r2, #16]
10005e42:	f892 304c 	ldrb.w	r3, [r2, #76]	@ 0x4c
10005e46:	f013 0f01 	tst.w	r3, #1
10005e4a:	d005      	beq.n	10005e58 <process_setup_received+0x234>
10005e4c:	2001      	movs	r0, #1
10005e4e:	e726      	b.n	10005c9e <process_setup_received+0x7a>
10005e50:	4620      	mov	r0, r4
10005e52:	f7ff fec1 	bl	10005bd8 <usbd_edpt_clear_stall>
10005e56:	e7ea      	b.n	10005e2e <process_setup_received+0x20a>
10005e58:	4611      	mov	r1, r2
10005e5a:	4620      	mov	r0, r4
10005e5c:	f7ff fc32 	bl	100056c4 <tud_control_status>
10005e60:	2001      	movs	r0, #1
10005e62:	e71c      	b.n	10005c9e <process_setup_received+0x7a>
10005e64:	f04f 23e0 	mov.w	r3, #3758153728	@ 0xe000e000
10005e68:	f8d3 3df0 	ldr.w	r3, [r3, #3568]	@ 0xdf0
10005e6c:	f013 0f01 	tst.w	r3, #1
10005e70:	d000      	beq.n	10005e74 <process_setup_received+0x250>
10005e72:	be00      	bkpt	0x0000
10005e74:	2000      	movs	r0, #0
10005e76:	e712      	b.n	10005c9e <process_setup_received+0x7a>
10005e78:	f04f 23e0 	mov.w	r3, #3758153728	@ 0xe000e000
10005e7c:	f8d3 3df0 	ldr.w	r3, [r3, #3568]	@ 0xdf0
10005e80:	f013 0f01 	tst.w	r3, #1
10005e84:	d010      	beq.n	10005ea8 <process_setup_received+0x284>
10005e86:	be00      	bkpt	0x0000
10005e88:	2000      	movs	r0, #0
10005e8a:	e708      	b.n	10005c9e <process_setup_received+0x7a>
10005e8c:	2000      	movs	r0, #0
10005e8e:	e706      	b.n	10005c9e <process_setup_received+0x7a>
10005e90:	2000      	movs	r0, #0
10005e92:	e704      	b.n	10005c9e <process_setup_received+0x7a>
10005e94:	2000      	movs	r0, #0
10005e96:	e702      	b.n	10005c9e <process_setup_received+0x7a>
10005e98:	2000      	movs	r0, #0
10005e9a:	e700      	b.n	10005c9e <process_setup_received+0x7a>
10005e9c:	2000      	movs	r0, #0
10005e9e:	e6fe      	b.n	10005c9e <process_setup_received+0x7a>
10005ea0:	4628      	mov	r0, r5
10005ea2:	e6fc      	b.n	10005c9e <process_setup_received+0x7a>
10005ea4:	2001      	movs	r0, #1
10005ea6:	e6fa      	b.n	10005c9e <process_setup_received+0x7a>
10005ea8:	2000      	movs	r0, #0
10005eaa:	e6f8      	b.n	10005c9e <process_setup_received+0x7a>
10005eac:	2001a418 	.word	0x2001a418
10005eb0:	10008600 	.word	0x10008600
10005eb4:	10007f9c 	.word	0x10007f9c
10005eb8:	1000520d 	.word	0x1000520d
10005ebc:	2001bab6 	.word	0x2001bab6
10005ec0:	2001a328 	.word	0x2001a328
10005ec4:	1000864c 	.word	0x1000864c

10005ec8 <tud_task_ext>:
10005ec8:	b530      	push	{r4, r5, lr}
10005eca:	b085      	sub	sp, #20
10005ecc:	f7ff faec 	bl	100054a8 <tud_inited>
10005ed0:	2800      	cmp	r0, #0
10005ed2:	f000 80c5 	beq.w	10006060 <tud_task_ext+0x198>
10005ed6:	2500      	movs	r5, #0
10005ed8:	e041      	b.n	10005f5e <tud_task_ext+0x96>
10005eda:	2b04      	cmp	r3, #4
10005edc:	f040 80db 	bne.w	10006096 <tud_task_ext+0x1ce>
10005ee0:	4b72      	ldr	r3, [pc, #456]	@ (100060ac <tud_task_ext+0x1e4>)
10005ee2:	7d1b      	ldrb	r3, [r3, #20]
10005ee4:	2b00      	cmp	r3, #0
10005ee6:	d039      	beq.n	10005f5c <tud_task_ext+0x94>
10005ee8:	4b70      	ldr	r3, [pc, #448]	@ (100060ac <tud_task_ext+0x1e4>)
10005eea:	7dd8      	ldrb	r0, [r3, #23]
10005eec:	f3c0 0040 	ubfx	r0, r0, #1, #1
10005ef0:	f7ff face 	bl	10005490 <tud_suspend_cb>
10005ef4:	e032      	b.n	10005f5c <tud_task_ext+0x94>
10005ef6:	2b07      	cmp	r3, #7
10005ef8:	d068      	beq.n	10005fcc <tud_task_ext+0x104>
10005efa:	2b08      	cmp	r3, #8
10005efc:	f000 80ba 	beq.w	10006074 <tud_task_ext+0x1ac>
10005f00:	2b06      	cmp	r3, #6
10005f02:	f040 80c8 	bne.w	10006096 <tud_task_ext+0x1ce>
10005f06:	4b6a      	ldr	r3, [pc, #424]	@ (100060b0 <tud_task_ext+0x1e8>)
10005f08:	781b      	ldrb	r3, [r3, #0]
10005f0a:	b33b      	cbz	r3, 10005f5c <tud_task_ext+0x94>
10005f0c:	4a68      	ldr	r2, [pc, #416]	@ (100060b0 <tud_task_ext+0x1e8>)
10005f0e:	7813      	ldrb	r3, [r2, #0]
10005f10:	3b01      	subs	r3, #1
10005f12:	b2db      	uxtb	r3, r3
10005f14:	7013      	strb	r3, [r2, #0]
10005f16:	7813      	ldrb	r3, [r2, #0]
10005f18:	bb03      	cbnz	r3, 10005f5c <tud_task_ext+0x94>
10005f1a:	4b64      	ldr	r3, [pc, #400]	@ (100060ac <tud_task_ext+0x1e4>)
10005f1c:	2201      	movs	r2, #1
10005f1e:	751a      	strb	r2, [r3, #20]
10005f20:	2200      	movs	r2, #0
10005f22:	f883 204b 	strb.w	r2, [r3, #75]	@ 0x4b
10005f26:	f883 204c 	strb.w	r2, [r3, #76]	@ 0x4c
10005f2a:	a902      	add	r1, sp, #8
10005f2c:	f89d 0004 	ldrb.w	r0, [sp, #4]
10005f30:	f7ff fe78 	bl	10005c24 <process_setup_received>
10005f34:	b990      	cbnz	r0, 10005f5c <tud_task_ext+0x94>
10005f36:	4601      	mov	r1, r0
10005f38:	f89d 0004 	ldrb.w	r0, [sp, #4]
10005f3c:	f7fe ff36 	bl	10004dac <dcd_edpt_stall>
10005f40:	2180      	movs	r1, #128	@ 0x80
10005f42:	f89d 0004 	ldrb.w	r0, [sp, #4]
10005f46:	f7fe ff31 	bl	10004dac <dcd_edpt_stall>
10005f4a:	e007      	b.n	10005f5c <tud_task_ext+0x94>
10005f4c:	f89d 0004 	ldrb.w	r0, [sp, #4]
10005f50:	f7ff f9bc 	bl	100052cc <usbd_reset>
10005f54:	f89d 2008 	ldrb.w	r2, [sp, #8]
10005f58:	4b54      	ldr	r3, [pc, #336]	@ (100060ac <tud_task_ext+0x1e4>)
10005f5a:	765a      	strb	r2, [r3, #25]
10005f5c:	3501      	adds	r5, #1
10005f5e:	2d0f      	cmp	r5, #15
10005f60:	d87e      	bhi.n	10006060 <tud_task_ext+0x198>
10005f62:	4b54      	ldr	r3, [pc, #336]	@ (100060b4 <tud_task_ext+0x1ec>)
10005f64:	681c      	ldr	r4, [r3, #0]
10005f66:	69a3      	ldr	r3, [r4, #24]
10005f68:	f3ef 8210 	mrs	r2, PRIMASK
10005f6c:	b672      	cpsid	i
10005f6e:	e8d3 0fcf 	ldaexb	r0, [r3]
10005f72:	2101      	movs	r1, #1
10005f74:	2800      	cmp	r0, #0
10005f76:	d1fa      	bne.n	10005f6e <tud_task_ext+0xa6>
10005f78:	e8c3 1f40 	strexb	r0, r1, [r3]
10005f7c:	2800      	cmp	r0, #0
10005f7e:	d1f6      	bne.n	10005f6e <tud_task_ext+0xa6>
10005f80:	f3bf 8f5f 	dmb	sy
10005f84:	61e2      	str	r2, [r4, #28]
10005f86:	4620      	mov	r0, r4
10005f88:	2300      	movs	r3, #0
10005f8a:	f830 2b04 	ldrh.w	r2, [r0], #4
10005f8e:	a901      	add	r1, sp, #4
10005f90:	f001 f965 	bl	1000725e <tu_fifo_read_n_access_mode>
10005f94:	69a1      	ldr	r1, [r4, #24]
10005f96:	69e3      	ldr	r3, [r4, #28]
10005f98:	2200      	movs	r2, #0
10005f9a:	e8c1 2f8f 	stlb	r2, [r1]
10005f9e:	f383 8810 	msr	PRIMASK, r3
10005fa2:	2800      	cmp	r0, #0
10005fa4:	d05c      	beq.n	10006060 <tud_task_ext+0x198>
10005fa6:	f89d 3005 	ldrb.w	r3, [sp, #5]
10005faa:	2b05      	cmp	r3, #5
10005fac:	d05a      	beq.n	10006064 <tud_task_ext+0x19c>
10005fae:	d8a2      	bhi.n	10005ef6 <tud_task_ext+0x2e>
10005fb0:	2b03      	cmp	r3, #3
10005fb2:	d066      	beq.n	10006082 <tud_task_ext+0x1ba>
10005fb4:	d891      	bhi.n	10005eda <tud_task_ext+0x12>
10005fb6:	2b01      	cmp	r3, #1
10005fb8:	d0c8      	beq.n	10005f4c <tud_task_ext+0x84>
10005fba:	2b02      	cmp	r3, #2
10005fbc:	d16b      	bne.n	10006096 <tud_task_ext+0x1ce>
10005fbe:	f89d 0004 	ldrb.w	r0, [sp, #4]
10005fc2:	f7ff f983 	bl	100052cc <usbd_reset>
10005fc6:	f7ff fa62 	bl	1000548e <tud_umount_cb>
10005fca:	e7c7      	b.n	10005f5c <tud_task_ext+0x94>
10005fcc:	f89d 1008 	ldrb.w	r1, [sp, #8]
10005fd0:	f001 000f 	and.w	r0, r1, #15
10005fd4:	09cc      	lsrs	r4, r1, #7
10005fd6:	4b35      	ldr	r3, [pc, #212]	@ (100060ac <tud_task_ext+0x1e4>)
10005fd8:	eb03 0340 	add.w	r3, r3, r0, lsl #1
10005fdc:	eb03 13d1 	add.w	r3, r3, r1, lsr #7
10005fe0:	f893 204b 	ldrb.w	r2, [r3, #75]	@ 0x4b
10005fe4:	f002 02fa 	and.w	r2, r2, #250	@ 0xfa
10005fe8:	f883 204b 	strb.w	r2, [r3, #75]	@ 0x4b
10005fec:	b1c0      	cbz	r0, 10006020 <tud_task_ext+0x158>
10005fee:	4b2f      	ldr	r3, [pc, #188]	@ (100060ac <tud_task_ext+0x1e4>)
10005ff0:	eb03 0340 	add.w	r3, r3, r0, lsl #1
10005ff4:	4423      	add	r3, r4
10005ff6:	f893 302b 	ldrb.w	r3, [r3, #43]	@ 0x2b
10005ffa:	4a2f      	ldr	r2, [pc, #188]	@ (100060b8 <tud_task_ext+0x1f0>)
10005ffc:	7812      	ldrb	r2, [r2, #0]
10005ffe:	4293      	cmp	r3, r2
10006000:	d216      	bcs.n	10006030 <tud_task_ext+0x168>
10006002:	4a2e      	ldr	r2, [pc, #184]	@ (100060bc <tud_task_ext+0x1f4>)
10006004:	6812      	ldr	r2, [r2, #0]
10006006:	eb03 03c3 	add.w	r3, r3, r3, lsl #3
1000600a:	eb12 0383 	adds.w	r3, r2, r3, lsl #2
1000600e:	d019      	beq.n	10006044 <tud_task_ext+0x17c>
10006010:	699c      	ldr	r4, [r3, #24]
10006012:	9b03      	ldr	r3, [sp, #12]
10006014:	f89d 2009 	ldrb.w	r2, [sp, #9]
10006018:	f89d 0004 	ldrb.w	r0, [sp, #4]
1000601c:	47a0      	blx	r4
1000601e:	e79d      	b.n	10005f5c <tud_task_ext+0x94>
10006020:	9b03      	ldr	r3, [sp, #12]
10006022:	f89d 2009 	ldrb.w	r2, [sp, #9]
10006026:	f89d 0004 	ldrb.w	r0, [sp, #4]
1000602a:	f7ff fb9f 	bl	1000576c <usbd_control_xfer_cb>
1000602e:	e795      	b.n	10005f5c <tud_task_ext+0x94>
10006030:	1a9b      	subs	r3, r3, r2
10006032:	f013 03ff 	ands.w	r3, r3, #255	@ 0xff
10006036:	d105      	bne.n	10006044 <tud_task_ext+0x17c>
10006038:	eb03 03c3 	add.w	r3, r3, r3, lsl #3
1000603c:	4a20      	ldr	r2, [pc, #128]	@ (100060c0 <tud_task_ext+0x1f8>)
1000603e:	eb02 0383 	add.w	r3, r2, r3, lsl #2
10006042:	e7e5      	b.n	10006010 <tud_task_ext+0x148>
10006044:	f240 3202 	movw	r2, #770	@ 0x302
10006048:	491e      	ldr	r1, [pc, #120]	@ (100060c4 <tud_task_ext+0x1fc>)
1000604a:	481f      	ldr	r0, [pc, #124]	@ (100060c8 <tud_task_ext+0x200>)
1000604c:	f7fe fb20 	bl	10004690 <__wrap_printf>
10006050:	f04f 23e0 	mov.w	r3, #3758153728	@ 0xe000e000
10006054:	f8d3 3df0 	ldr.w	r3, [r3, #3568]	@ 0xdf0
10006058:	f013 0f01 	tst.w	r3, #1
1000605c:	d000      	beq.n	10006060 <tud_task_ext+0x198>
1000605e:	be00      	bkpt	0x0000
10006060:	b005      	add	sp, #20
10006062:	bd30      	pop	{r4, r5, pc}
10006064:	4b11      	ldr	r3, [pc, #68]	@ (100060ac <tud_task_ext+0x1e4>)
10006066:	7d1b      	ldrb	r3, [r3, #20]
10006068:	2b00      	cmp	r3, #0
1000606a:	f43f af77 	beq.w	10005f5c <tud_task_ext+0x94>
1000606e:	f7ff fa10 	bl	10005492 <tud_resume_cb>
10006072:	e773      	b.n	10005f5c <tud_task_ext+0x94>
10006074:	9b02      	ldr	r3, [sp, #8]
10006076:	2b00      	cmp	r3, #0
10006078:	f43f af70 	beq.w	10005f5c <tud_task_ext+0x94>
1000607c:	9803      	ldr	r0, [sp, #12]
1000607e:	4798      	blx	r3
10006080:	e76c      	b.n	10005f5c <tud_task_ext+0x94>
10006082:	4b0a      	ldr	r3, [pc, #40]	@ (100060ac <tud_task_ext+0x1e4>)
10006084:	7e9b      	ldrb	r3, [r3, #26]
10006086:	f013 0f01 	tst.w	r3, #1
1000608a:	f43f af67 	beq.w	10005f5c <tud_task_ext+0x94>
1000608e:	9802      	ldr	r0, [sp, #8]
10006090:	f7ff f9f5 	bl	1000547e <tud_sof_cb>
10006094:	e762      	b.n	10005f5c <tud_task_ext+0x94>
10006096:	f04f 23e0 	mov.w	r3, #3758153728	@ 0xe000e000
1000609a:	f8d3 3df0 	ldr.w	r3, [r3, #3568]	@ 0xdf0
1000609e:	f013 0f01 	tst.w	r3, #1
100060a2:	f43f af5b 	beq.w	10005f5c <tud_task_ext+0x94>
100060a6:	be00      	bkpt	0x0000
100060a8:	e758      	b.n	10005f5c <tud_task_ext+0x94>
100060aa:	bf00      	nop
100060ac:	2001a418 	.word	0x2001a418
100060b0:	2001bab8 	.word	0x2001bab8
100060b4:	2001a488 	.word	0x2001a488
100060b8:	2001bab6 	.word	0x2001bab6
100060bc:	2001a328 	.word	0x2001a328
100060c0:	1000864c 	.word	0x1000864c
100060c4:	1000862c 	.word	0x1000862c
100060c8:	10007f9c 	.word	0x10007f9c

100060cc <usbd_edpt_iso_alloc>:
100060cc:	b508      	push	{r3, lr}
100060ce:	4b02      	ldr	r3, [pc, #8]	@ (100060d8 <usbd_edpt_iso_alloc+0xc>)
100060d0:	7818      	ldrb	r0, [r3, #0]
100060d2:	f7fe fdd3 	bl	10004c7c <dcd_edpt_iso_alloc>
100060d6:	bd08      	pop	{r3, pc}
100060d8:	2001a0ec 	.word	0x2001a0ec

100060dc <usbd_edpt_iso_activate>:
100060dc:	e92d 41f0 	stmdb	sp!, {r4, r5, r6, r7, r8, lr}
100060e0:	460c      	mov	r4, r1
100060e2:	4b17      	ldr	r3, [pc, #92]	@ (10006140 <usbd_edpt_iso_activate+0x64>)
100060e4:	781b      	ldrb	r3, [r3, #0]
100060e6:	4698      	mov	r8, r3
100060e8:	788b      	ldrb	r3, [r1, #2]
100060ea:	f003 020f 	and.w	r2, r3, #15
100060ee:	4616      	mov	r6, r2
100060f0:	09db      	lsrs	r3, r3, #7
100060f2:	461f      	mov	r7, r3
100060f4:	4b13      	ldr	r3, [pc, #76]	@ (10006144 <usbd_edpt_iso_activate+0x68>)
100060f6:	7e59      	ldrb	r1, [r3, #25]
100060f8:	4620      	mov	r0, r4
100060fa:	f000 ff11 	bl	10006f20 <tu_edpt_validate>
100060fe:	b170      	cbz	r0, 1000611e <usbd_edpt_iso_activate+0x42>
10006100:	4b10      	ldr	r3, [pc, #64]	@ (10006144 <usbd_edpt_iso_activate+0x68>)
10006102:	eb03 0346 	add.w	r3, r3, r6, lsl #1
10006106:	443b      	add	r3, r7
10006108:	2200      	movs	r2, #0
1000610a:	f883 204b 	strb.w	r2, [r3, #75]	@ 0x4b
1000610e:	4621      	mov	r1, r4
10006110:	4640      	mov	r0, r8
10006112:	f7fe fdbd 	bl	10004c90 <dcd_edpt_iso_activate>
10006116:	4605      	mov	r5, r0
10006118:	4628      	mov	r0, r5
1000611a:	e8bd 81f0 	ldmia.w	sp!, {r4, r5, r6, r7, r8, pc}
1000611e:	4605      	mov	r5, r0
10006120:	f240 62ce 	movw	r2, #1742	@ 0x6ce
10006124:	4908      	ldr	r1, [pc, #32]	@ (10006148 <usbd_edpt_iso_activate+0x6c>)
10006126:	4809      	ldr	r0, [pc, #36]	@ (1000614c <usbd_edpt_iso_activate+0x70>)
10006128:	f7fe fab2 	bl	10004690 <__wrap_printf>
1000612c:	f04f 23e0 	mov.w	r3, #3758153728	@ 0xe000e000
10006130:	f8d3 3df0 	ldr.w	r3, [r3, #3568]	@ 0xdf0
10006134:	f013 0f01 	tst.w	r3, #1
10006138:	d0ee      	beq.n	10006118 <usbd_edpt_iso_activate+0x3c>
1000613a:	be00      	bkpt	0x0000
1000613c:	e7ec      	b.n	10006118 <usbd_edpt_iso_activate+0x3c>
1000613e:	bf00      	nop
10006140:	2001a0ec 	.word	0x2001a0ec
10006144:	2001a418 	.word	0x2001a418
10006148:	10008558 	.word	0x10008558
1000614c:	10007f9c 	.word	0x10007f9c

10006150 <audiod_verify_entity_exists>:
10006150:	b530      	push	{r4, r5, lr}
10006152:	4604      	mov	r4, r0
10006154:	4615      	mov	r5, r2
10006156:	2300      	movs	r3, #0
10006158:	b10b      	cbz	r3, 1000615e <audiod_verify_entity_exists+0xe>
1000615a:	2000      	movs	r0, #0
1000615c:	bd30      	pop	{r4, r5, pc}
1000615e:	4618      	mov	r0, r3
10006160:	4a14      	ldr	r2, [pc, #80]	@ (100061b4 <audiod_verify_entity_exists+0x64>)
10006162:	eb02 1c83 	add.w	ip, r2, r3, lsl #6
10006166:	f8dc 2004 	ldr.w	r2, [ip, #4]
1000616a:	b11a      	cbz	r2, 10006174 <audiod_verify_entity_exists+0x24>
1000616c:	f892 c002 	ldrb.w	ip, [r2, #2]
10006170:	45a4      	cmp	ip, r4
10006172:	d002      	beq.n	1000617a <audiod_verify_entity_exists+0x2a>
10006174:	3301      	adds	r3, #1
10006176:	b2db      	uxtb	r3, r3
10006178:	e7ee      	b.n	10006158 <audiod_verify_entity_exists+0x8>
1000617a:	f892 e000 	ldrb.w	lr, [r2]
1000617e:	eb02 0c0e 	add.w	ip, r2, lr
10006182:	f812 200e 	ldrb.w	r2, [r2, lr]
10006186:	4494      	add	ip, r2
10006188:	4a0a      	ldr	r2, [pc, #40]	@ (100061b4 <audiod_verify_entity_exists+0x64>)
1000618a:	eb02 1e80 	add.w	lr, r2, r0, lsl #6
1000618e:	f8de 2008 	ldr.w	r2, [lr, #8]
10006192:	eba2 0e0c 	sub.w	lr, r2, ip
10006196:	f1be 0f00 	cmp.w	lr, #0
1000619a:	ddeb      	ble.n	10006174 <audiod_verify_entity_exists+0x24>
1000619c:	f89c 2003 	ldrb.w	r2, [ip, #3]
100061a0:	428a      	cmp	r2, r1
100061a2:	d003      	beq.n	100061ac <audiod_verify_entity_exists+0x5c>
100061a4:	f89c 2000 	ldrb.w	r2, [ip]
100061a8:	4494      	add	ip, r2
100061aa:	e7ed      	b.n	10006188 <audiod_verify_entity_exists+0x38>
100061ac:	702b      	strb	r3, [r5, #0]
100061ae:	2001      	movs	r0, #1
100061b0:	e7d4      	b.n	1000615c <audiod_verify_entity_exists+0xc>
100061b2:	bf00      	nop
100061b4:	2001a32c 	.word	0x2001a32c

100061b8 <audiod_verify_itf_exists>:
100061b8:	b500      	push	{lr}
100061ba:	468e      	mov	lr, r1
100061bc:	2100      	movs	r1, #0
100061be:	b109      	cbz	r1, 100061c4 <audiod_verify_itf_exists+0xc>
100061c0:	2000      	movs	r0, #0
100061c2:	bd00      	pop	{pc}
100061c4:	4b0f      	ldr	r3, [pc, #60]	@ (10006204 <audiod_verify_itf_exists+0x4c>)
100061c6:	eb03 1381 	add.w	r3, r3, r1, lsl #6
100061ca:	685b      	ldr	r3, [r3, #4]
100061cc:	b913      	cbnz	r3, 100061d4 <audiod_verify_itf_exists+0x1c>
100061ce:	1c4b      	adds	r3, r1, #1
100061d0:	b2d9      	uxtb	r1, r3
100061d2:	e7f4      	b.n	100061be <audiod_verify_itf_exists+0x6>
100061d4:	4a0b      	ldr	r2, [pc, #44]	@ (10006204 <audiod_verify_itf_exists+0x4c>)
100061d6:	eb02 1281 	add.w	r2, r2, r1, lsl #6
100061da:	f8b2 c00c 	ldrh.w	ip, [r2, #12]
100061de:	449c      	add	ip, r3
100061e0:	e001      	b.n	100061e6 <audiod_verify_itf_exists+0x2e>
100061e2:	781a      	ldrb	r2, [r3, #0]
100061e4:	4413      	add	r3, r2
100061e6:	ebac 0203 	sub.w	r2, ip, r3
100061ea:	2a00      	cmp	r2, #0
100061ec:	ddef      	ble.n	100061ce <audiod_verify_itf_exists+0x16>
100061ee:	785a      	ldrb	r2, [r3, #1]
100061f0:	2a04      	cmp	r2, #4
100061f2:	d1f6      	bne.n	100061e2 <audiod_verify_itf_exists+0x2a>
100061f4:	789a      	ldrb	r2, [r3, #2]
100061f6:	4282      	cmp	r2, r0
100061f8:	d1f3      	bne.n	100061e2 <audiod_verify_itf_exists+0x2a>
100061fa:	f88e 1000 	strb.w	r1, [lr]
100061fe:	2001      	movs	r0, #1
10006200:	e7df      	b.n	100061c2 <audiod_verify_itf_exists+0xa>
10006202:	bf00      	nop
10006204:	2001a32c 	.word	0x2001a32c

10006208 <audiod_verify_ep_exists>:
10006208:	b500      	push	{lr}
1000620a:	468e      	mov	lr, r1
1000620c:	2100      	movs	r1, #0
1000620e:	b109      	cbz	r1, 10006214 <audiod_verify_ep_exists+0xc>
10006210:	2000      	movs	r0, #0
10006212:	bd00      	pop	{pc}
10006214:	4b0f      	ldr	r3, [pc, #60]	@ (10006254 <audiod_verify_ep_exists+0x4c>)
10006216:	eb03 1381 	add.w	r3, r3, r1, lsl #6
1000621a:	685b      	ldr	r3, [r3, #4]
1000621c:	b913      	cbnz	r3, 10006224 <audiod_verify_ep_exists+0x1c>
1000621e:	3101      	adds	r1, #1
10006220:	b2c9      	uxtb	r1, r1
10006222:	e7f4      	b.n	1000620e <audiod_verify_ep_exists+0x6>
10006224:	4a0b      	ldr	r2, [pc, #44]	@ (10006254 <audiod_verify_ep_exists+0x4c>)
10006226:	eb02 1281 	add.w	r2, r2, r1, lsl #6
1000622a:	f8b2 c00c 	ldrh.w	ip, [r2, #12]
1000622e:	449c      	add	ip, r3
10006230:	6893      	ldr	r3, [r2, #8]
10006232:	e001      	b.n	10006238 <audiod_verify_ep_exists+0x30>
10006234:	781a      	ldrb	r2, [r3, #0]
10006236:	4413      	add	r3, r2
10006238:	ebac 0203 	sub.w	r2, ip, r3
1000623c:	2a00      	cmp	r2, #0
1000623e:	ddee      	ble.n	1000621e <audiod_verify_ep_exists+0x16>
10006240:	785a      	ldrb	r2, [r3, #1]
10006242:	2a05      	cmp	r2, #5
10006244:	d1f6      	bne.n	10006234 <audiod_verify_ep_exists+0x2c>
10006246:	789a      	ldrb	r2, [r3, #2]
10006248:	4282      	cmp	r2, r0
1000624a:	d1f3      	bne.n	10006234 <audiod_verify_ep_exists+0x2c>
1000624c:	f88e 1000 	strb.w	r1, [lr]
10006250:	2001      	movs	r0, #1
10006252:	e7de      	b.n	10006212 <audiod_verify_ep_exists+0xa>
10006254:	2001a32c 	.word	0x2001a32c

10006258 <audiod_tx_packet_size>:
10006258:	b530      	push	{r4, r5, lr}
1000625a:	4684      	mov	ip, r0
1000625c:	461c      	mov	r4, r3
1000625e:	461d      	mov	r5, r3
10006260:	f8bd 000c 	ldrh.w	r0, [sp, #12]
10006264:	f8bc 3002 	ldrh.w	r3, [ip, #2]
10006268:	2b00      	cmp	r3, #0
1000626a:	d034      	beq.n	100062d6 <audiod_tx_packet_size+0x7e>
1000626c:	ebb3 0f82 	cmp.w	r3, r2, lsl #2
10006270:	dc31      	bgt.n	100062d6 <audiod_tx_packet_size+0x7e>
10006272:	f8bc e004 	ldrh.w	lr, [ip, #4]
10006276:	ebae 0203 	sub.w	r2, lr, r3
1000627a:	b292      	uxth	r2, r2
1000627c:	f8bc c000 	ldrh.w	ip, [ip]
10006280:	458c      	cmp	ip, r1
10006282:	d823      	bhi.n	100062cc <audiod_tx_packet_size+0x74>
10006284:	1aa4      	subs	r4, r4, r2
10006286:	42a1      	cmp	r1, r4
10006288:	da07      	bge.n	1000629a <audiod_tx_packet_size+0x42>
1000628a:	4c15      	ldr	r4, [pc, #84]	@ (100062e0 <audiod_tx_packet_size+0x88>)
1000628c:	6824      	ldr	r4, [r4, #0]
1000628e:	b924      	cbnz	r4, 1000629a <audiod_tx_packet_size+0x42>
10006290:	4b13      	ldr	r3, [pc, #76]	@ (100062e0 <audiod_tx_packet_size+0x88>)
10006292:	220a      	movs	r2, #10
10006294:	601a      	str	r2, [r3, #0]
10006296:	4663      	mov	r3, ip
10006298:	e019      	b.n	100062ce <audiod_tx_packet_size+0x76>
1000629a:	462c      	mov	r4, r5
1000629c:	4414      	add	r4, r2
1000629e:	42a1      	cmp	r1, r4
100062a0:	dd0d      	ble.n	100062be <audiod_tx_packet_size+0x66>
100062a2:	4a0f      	ldr	r2, [pc, #60]	@ (100062e0 <audiod_tx_packet_size+0x88>)
100062a4:	6812      	ldr	r2, [r2, #0]
100062a6:	b952      	cbnz	r2, 100062be <audiod_tx_packet_size+0x66>
100062a8:	4563      	cmp	r3, ip
100062aa:	d004      	beq.n	100062b6 <audiod_tx_packet_size+0x5e>
100062ac:	4b0c      	ldr	r3, [pc, #48]	@ (100062e0 <audiod_tx_packet_size+0x88>)
100062ae:	220a      	movs	r2, #10
100062b0:	601a      	str	r2, [r3, #0]
100062b2:	4673      	mov	r3, lr
100062b4:	e00b      	b.n	100062ce <audiod_tx_packet_size+0x76>
100062b6:	4b0a      	ldr	r3, [pc, #40]	@ (100062e0 <audiod_tx_packet_size+0x88>)
100062b8:	601a      	str	r2, [r3, #0]
100062ba:	4673      	mov	r3, lr
100062bc:	e007      	b.n	100062ce <audiod_tx_packet_size+0x76>
100062be:	4a08      	ldr	r2, [pc, #32]	@ (100062e0 <audiod_tx_packet_size+0x88>)
100062c0:	6812      	ldr	r2, [r2, #0]
100062c2:	b122      	cbz	r2, 100062ce <audiod_tx_packet_size+0x76>
100062c4:	3a01      	subs	r2, #1
100062c6:	4906      	ldr	r1, [pc, #24]	@ (100062e0 <audiod_tx_packet_size+0x88>)
100062c8:	600a      	str	r2, [r1, #0]
100062ca:	e000      	b.n	100062ce <audiod_tx_packet_size+0x76>
100062cc:	2300      	movs	r3, #0
100062ce:	4298      	cmp	r0, r3
100062d0:	bf28      	it	cs
100062d2:	4618      	movcs	r0, r3
100062d4:	e002      	b.n	100062dc <audiod_tx_packet_size+0x84>
100062d6:	4288      	cmp	r0, r1
100062d8:	bf28      	it	cs
100062da:	4608      	movcs	r0, r1
100062dc:	bd30      	pop	{r4, r5, pc}
100062de:	bf00      	nop
100062e0:	2001a594 	.word	0x2001a594

100062e4 <audiod_get_interface>:
100062e4:	b570      	push	{r4, r5, r6, lr}
100062e6:	b082      	sub	sp, #8
100062e8:	4605      	mov	r5, r0
100062ea:	460e      	mov	r6, r1
100062ec:	888c      	ldrh	r4, [r1, #4]
100062ee:	b2e4      	uxtb	r4, r4
100062f0:	f10d 0107 	add.w	r1, sp, #7
100062f4:	4620      	mov	r0, r4
100062f6:	f7ff ff5f 	bl	100061b8 <audiod_verify_itf_exists>
100062fa:	b188      	cbz	r0, 10006320 <audiod_get_interface+0x3c>
100062fc:	2300      	movs	r3, #0
100062fe:	f88d 3006 	strb.w	r3, [sp, #6]
10006302:	f89d 2007 	ldrb.w	r2, [sp, #7]
10006306:	4b0b      	ldr	r3, [pc, #44]	@ (10006334 <audiod_get_interface+0x50>)
10006308:	eb03 1382 	add.w	r3, r3, r2, lsl #6
1000630c:	7c9b      	ldrb	r3, [r3, #18]
1000630e:	42a3      	cmp	r3, r4
10006310:	d008      	beq.n	10006324 <audiod_get_interface+0x40>
10006312:	2301      	movs	r3, #1
10006314:	f10d 0206 	add.w	r2, sp, #6
10006318:	4631      	mov	r1, r6
1000631a:	4628      	mov	r0, r5
1000631c:	f7ff fac6 	bl	100058ac <tud_control_xfer>
10006320:	b002      	add	sp, #8
10006322:	bd70      	pop	{r4, r5, r6, pc}
10006324:	4b03      	ldr	r3, [pc, #12]	@ (10006334 <audiod_get_interface+0x50>)
10006326:	eb03 1382 	add.w	r3, r3, r2, lsl #6
1000632a:	7cdb      	ldrb	r3, [r3, #19]
1000632c:	f88d 3006 	strb.w	r3, [sp, #6]
10006330:	e7ef      	b.n	10006312 <audiod_get_interface+0x2e>
10006332:	bf00      	nop
10006334:	2001a32c 	.word	0x2001a32c

10006338 <audiod_calc_tx_packet_sz>:
10006338:	f890 3024 	ldrb.w	r3, [r0, #36]	@ 0x24
1000633c:	2b01      	cmp	r3, #1
1000633e:	d17a      	bne.n	10006436 <audiod_calc_tx_packet_sz+0xfe>
10006340:	b570      	push	{r4, r5, r6, lr}
10006342:	4604      	mov	r4, r0
10006344:	f890 3025 	ldrb.w	r3, [r0, #37]	@ 0x25
10006348:	2b00      	cmp	r3, #0
1000634a:	d076      	beq.n	1000643a <audiod_calc_tx_packet_sz+0x102>
1000634c:	f890 3026 	ldrb.w	r3, [r0, #38]	@ 0x26
10006350:	2b00      	cmp	r3, #0
10006352:	d074      	beq.n	1000643e <audiod_calc_tx_packet_sz+0x106>
10006354:	f890 3023 	ldrb.w	r3, [r0, #35]	@ 0x23
10006358:	2b00      	cmp	r3, #0
1000635a:	d072      	beq.n	10006442 <audiod_calc_tx_packet_sz+0x10a>
1000635c:	6983      	ldr	r3, [r0, #24]
1000635e:	b90b      	cbnz	r3, 10006364 <audiod_calc_tx_packet_sz+0x2c>
10006360:	4618      	mov	r0, r3
10006362:	e06b      	b.n	1000643c <audiod_calc_tx_packet_sz+0x104>
10006364:	f7ff f89a 	bl	1000549c <tud_speed_get>
10006368:	2800      	cmp	r0, #0
1000636a:	d142      	bne.n	100063f2 <audiod_calc_tx_packet_sz+0xba>
1000636c:	f894 2023 	ldrb.w	r2, [r4, #35]	@ 0x23
10006370:	69a3      	ldr	r3, [r4, #24]
10006372:	4615      	mov	r5, r2
10006374:	fb02 f303 	mul.w	r3, r2, r3
10006378:	461e      	mov	r6, r3
1000637a:	f7ff f88f 	bl	1000549c <tud_speed_get>
1000637e:	2800      	cmp	r0, #0
10006380:	d13e      	bne.n	10006400 <audiod_calc_tx_packet_sz+0xc8>
10006382:	f44f 737a 	mov.w	r3, #1000	@ 0x3e8
10006386:	fbb6 f3f3 	udiv	r3, r6, r3
1000638a:	b29b      	uxth	r3, r3
1000638c:	461e      	mov	r6, r3
1000638e:	69a3      	ldr	r3, [r4, #24]
10006390:	462a      	mov	r2, r5
10006392:	fb03 f202 	mul.w	r2, r3, r2
10006396:	4615      	mov	r5, r2
10006398:	f7ff f880 	bl	1000549c <tud_speed_get>
1000639c:	bb98      	cbnz	r0, 10006406 <audiod_calc_tx_packet_sz+0xce>
1000639e:	f44f 737a 	mov.w	r3, #1000	@ 0x3e8
100063a2:	fbb5 f2f3 	udiv	r2, r5, r3
100063a6:	fb03 5112 	mls	r1, r3, r2, r5
100063aa:	b289      	uxth	r1, r1
100063ac:	f894 e025 	ldrb.w	lr, [r4, #37]	@ 0x25
100063b0:	4633      	mov	r3, r6
100063b2:	1e72      	subs	r2, r6, #1
100063b4:	fb12 f20e 	smulbb	r2, r2, lr
100063b8:	b292      	uxth	r2, r2
100063ba:	f894 c026 	ldrb.w	ip, [r4, #38]	@ 0x26
100063be:	fb12 f20c 	smulbb	r2, r2, ip
100063c2:	b290      	uxth	r0, r2
100063c4:	fb1e f206 	smulbb	r2, lr, r6
100063c8:	b292      	uxth	r2, r2
100063ca:	fb1c f202 	smulbb	r2, ip, r2
100063ce:	b292      	uxth	r2, r2
100063d0:	3301      	adds	r3, #1
100063d2:	fb13 f30e 	smulbb	r3, r3, lr
100063d6:	b29b      	uxth	r3, r3
100063d8:	fb1c f303 	smulbb	r3, ip, r3
100063dc:	b29b      	uxth	r3, r3
100063de:	f8b4 c010 	ldrh.w	ip, [r4, #16]
100063e2:	459c      	cmp	ip, r3
100063e4:	d312      	bcc.n	1000640c <audiod_calc_tx_packet_sz+0xd4>
100063e6:	b309      	cbz	r1, 1000642c <audiod_calc_tx_packet_sz+0xf4>
100063e8:	83a2      	strh	r2, [r4, #28]
100063ea:	83e2      	strh	r2, [r4, #30]
100063ec:	8423      	strh	r3, [r4, #32]
100063ee:	2001      	movs	r0, #1
100063f0:	e024      	b.n	1000643c <audiod_calc_tx_packet_sz+0x104>
100063f2:	f894 3023 	ldrb.w	r3, [r4, #35]	@ 0x23
100063f6:	3b01      	subs	r3, #1
100063f8:	2201      	movs	r2, #1
100063fa:	409a      	lsls	r2, r3
100063fc:	b2d2      	uxtb	r2, r2
100063fe:	e7b7      	b.n	10006370 <audiod_calc_tx_packet_sz+0x38>
10006400:	f44f 53fa 	mov.w	r3, #8000	@ 0x1f40
10006404:	e7bf      	b.n	10006386 <audiod_calc_tx_packet_sz+0x4e>
10006406:	f44f 53fa 	mov.w	r3, #8000	@ 0x1f40
1000640a:	e7ca      	b.n	100063a2 <audiod_calc_tx_packet_sz+0x6a>
1000640c:	f240 7234 	movw	r2, #1844	@ 0x734
10006410:	490d      	ldr	r1, [pc, #52]	@ (10006448 <audiod_calc_tx_packet_sz+0x110>)
10006412:	480e      	ldr	r0, [pc, #56]	@ (1000644c <audiod_calc_tx_packet_sz+0x114>)
10006414:	f7fe f93c 	bl	10004690 <__wrap_printf>
10006418:	f04f 23e0 	mov.w	r3, #3758153728	@ 0xe000e000
1000641c:	f8d3 3df0 	ldr.w	r3, [r3, #3568]	@ 0xdf0
10006420:	f013 0f01 	tst.w	r3, #1
10006424:	d000      	beq.n	10006428 <audiod_calc_tx_packet_sz+0xf0>
10006426:	be00      	bkpt	0x0000
10006428:	2000      	movs	r0, #0
1000642a:	e007      	b.n	1000643c <audiod_calc_tx_packet_sz+0x104>
1000642c:	83a0      	strh	r0, [r4, #28]
1000642e:	83e2      	strh	r2, [r4, #30]
10006430:	8423      	strh	r3, [r4, #32]
10006432:	2001      	movs	r0, #1
10006434:	e002      	b.n	1000643c <audiod_calc_tx_packet_sz+0x104>
10006436:	2000      	movs	r0, #0
10006438:	4770      	bx	lr
1000643a:	4618      	mov	r0, r3
1000643c:	bd70      	pop	{r4, r5, r6, pc}
1000643e:	4618      	mov	r0, r3
10006440:	e7fc      	b.n	1000643c <audiod_calc_tx_packet_sz+0x104>
10006442:	4618      	mov	r0, r3
10006444:	e7fa      	b.n	1000643c <audiod_calc_tx_packet_sz+0x104>
10006446:	bf00      	nop
10006448:	10008670 	.word	0x10008670
1000644c:	10007f9c 	.word	0x10007f9c

10006450 <tud_audio_tx_done_isr>:
10006450:	2001      	movs	r0, #1
10006452:	4770      	bx	lr

10006454 <audiod_tx_xfer_isr>:
10006454:	e92d 41f0 	stmdb	sp!, {r4, r5, r6, r7, r8, lr}
10006458:	b082      	sub	sp, #8
1000645a:	4b23      	ldr	r3, [pc, #140]	@ (100064e8 <audiod_tx_xfer_isr+0x94>)
1000645c:	1acb      	subs	r3, r1, r3
1000645e:	f3c3 1387 	ubfx	r3, r3, #6, #8
10006462:	461f      	mov	r7, r3
10006464:	7ccb      	ldrb	r3, [r1, #19]
10006466:	2b00      	cmp	r3, #0
10006468:	d039      	beq.n	100064de <audiod_tx_xfer_isr+0x8a>
1000646a:	4606      	mov	r6, r0
1000646c:	460c      	mov	r4, r1
1000646e:	4690      	mov	r8, r2
10006470:	f101 001c 	add.w	r0, r1, #28
10006474:	8e0b      	ldrh	r3, [r1, #48]	@ 0x30
10006476:	b29b      	uxth	r3, r3
10006478:	f8b1 c032 	ldrh.w	ip, [r1, #50]	@ 0x32
1000647c:	fa1f fc8c 	uxth.w	ip, ip
10006480:	8d8a      	ldrh	r2, [r1, #44]	@ 0x2c
10006482:	eba3 010c 	sub.w	r1, r3, ip
10006486:	2900      	cmp	r1, #0
10006488:	db22      	blt.n	100064d0 <audiod_tx_xfer_isr+0x7c>
1000648a:	b289      	uxth	r1, r1
1000648c:	8a23      	ldrh	r3, [r4, #16]
1000648e:	9300      	str	r3, [sp, #0]
10006490:	8aa3      	ldrh	r3, [r4, #20]
10006492:	4291      	cmp	r1, r2
10006494:	bf28      	it	cs
10006496:	4611      	movcs	r1, r2
10006498:	f7ff fede 	bl	10006258 <audiod_tx_packet_size>
1000649c:	4605      	mov	r5, r0
1000649e:	2300      	movs	r3, #0
100064a0:	4602      	mov	r2, r0
100064a2:	6be1      	ldr	r1, [r4, #60]	@ 0x3c
100064a4:	f104 0028 	add.w	r0, r4, #40	@ 0x28
100064a8:	f000 fed9 	bl	1000725e <tu_fifo_read_n_access_mode>
100064ac:	2301      	movs	r3, #1
100064ae:	9300      	str	r3, [sp, #0]
100064b0:	462b      	mov	r3, r5
100064b2:	6be2      	ldr	r2, [r4, #60]	@ 0x3c
100064b4:	7ba1      	ldrb	r1, [r4, #14]
100064b6:	4630      	mov	r0, r6
100064b8:	f7ff f8b4 	bl	10005624 <usbd_edpt_xfer>
100064bc:	b180      	cbz	r0, 100064e0 <audiod_tx_xfer_isr+0x8c>
100064be:	7ce3      	ldrb	r3, [r4, #19]
100064c0:	9300      	str	r3, [sp, #0]
100064c2:	7ba3      	ldrb	r3, [r4, #14]
100064c4:	463a      	mov	r2, r7
100064c6:	4641      	mov	r1, r8
100064c8:	4630      	mov	r0, r6
100064ca:	f7ff ffc1 	bl	10006450 <tud_audio_tx_done_isr>
100064ce:	e007      	b.n	100064e0 <audiod_tx_xfer_isr+0x8c>
100064d0:	eba3 0c0c 	sub.w	ip, r3, ip
100064d4:	eb0c 0c42 	add.w	ip, ip, r2, lsl #1
100064d8:	fa1f f18c 	uxth.w	r1, ip
100064dc:	e7d6      	b.n	1000648c <audiod_tx_xfer_isr+0x38>
100064de:	4618      	mov	r0, r3
100064e0:	b002      	add	sp, #8
100064e2:	e8bd 81f0 	ldmia.w	sp!, {r4, r5, r6, r7, r8, pc}
100064e6:	bf00      	nop
100064e8:	2001a32c 	.word	0x2001a32c

100064ec <tud_audio_set_itf_close_ep_cb>:
100064ec:	2001      	movs	r0, #1
100064ee:	4770      	bx	lr

100064f0 <tud_audio_set_req_itf_cb>:
100064f0:	2000      	movs	r0, #0
100064f2:	4770      	bx	lr

100064f4 <tud_audio_get_req_itf_cb>:
100064f4:	2000      	movs	r0, #0
100064f6:	4770      	bx	lr

100064f8 <tud_audio_n_write>:
100064f8:	b978      	cbnz	r0, 1000651a <tud_audio_n_write+0x22>
100064fa:	b508      	push	{r3, lr}
100064fc:	4603      	mov	r3, r0
100064fe:	4808      	ldr	r0, [pc, #32]	@ (10006520 <tud_audio_n_write+0x28>)
10006500:	eb00 1083 	add.w	r0, r0, r3, lsl #6
10006504:	6840      	ldr	r0, [r0, #4]
10006506:	b138      	cbz	r0, 10006518 <tud_audio_n_write+0x20>
10006508:	0198      	lsls	r0, r3, #6
1000650a:	3028      	adds	r0, #40	@ 0x28
1000650c:	2300      	movs	r3, #0
1000650e:	f8df c010 	ldr.w	ip, [pc, #16]	@ 10006520 <tud_audio_n_write+0x28>
10006512:	4460      	add	r0, ip
10006514:	f000 fec9 	bl	100072aa <tu_fifo_write_n_access_mode>
10006518:	bd08      	pop	{r3, pc}
1000651a:	2000      	movs	r0, #0
1000651c:	4770      	bx	lr
1000651e:	bf00      	nop
10006520:	2001a32c 	.word	0x2001a32c

10006524 <tud_audio_n_clear_ep_in_ff>:
10006524:	b968      	cbnz	r0, 10006542 <tud_audio_n_clear_ep_in_ff+0x1e>
10006526:	b508      	push	{r3, lr}
10006528:	4a08      	ldr	r2, [pc, #32]	@ (1000654c <tud_audio_n_clear_ep_in_ff+0x28>)
1000652a:	eb02 1280 	add.w	r2, r2, r0, lsl #6
1000652e:	6852      	ldr	r2, [r2, #4]
10006530:	b14a      	cbz	r2, 10006546 <tud_audio_n_clear_ep_in_ff+0x22>
10006532:	0183      	lsls	r3, r0, #6
10006534:	3328      	adds	r3, #40	@ 0x28
10006536:	4805      	ldr	r0, [pc, #20]	@ (1000654c <tud_audio_n_clear_ep_in_ff+0x28>)
10006538:	4418      	add	r0, r3
1000653a:	f000 fe4c 	bl	100071d6 <tu_fifo_clear>
1000653e:	2001      	movs	r0, #1
10006540:	bd08      	pop	{r3, pc}
10006542:	2000      	movs	r0, #0
10006544:	4770      	bx	lr
10006546:	4610      	mov	r0, r2
10006548:	e7fa      	b.n	10006540 <tud_audio_n_clear_ep_in_ff+0x1c>
1000654a:	bf00      	nop
1000654c:	2001a32c 	.word	0x2001a32c

10006550 <tud_audio_n_get_ep_in_ff>:
10006550:	4603      	mov	r3, r0
10006552:	b948      	cbnz	r0, 10006568 <tud_audio_n_get_ep_in_ff+0x18>
10006554:	4a05      	ldr	r2, [pc, #20]	@ (1000656c <tud_audio_n_get_ep_in_ff+0x1c>)
10006556:	eb02 1280 	add.w	r2, r2, r0, lsl #6
1000655a:	6850      	ldr	r0, [r2, #4]
1000655c:	b128      	cbz	r0, 1000656a <tud_audio_n_get_ep_in_ff+0x1a>
1000655e:	019b      	lsls	r3, r3, #6
10006560:	3328      	adds	r3, #40	@ 0x28
10006562:	4802      	ldr	r0, [pc, #8]	@ (1000656c <tud_audio_n_get_ep_in_ff+0x1c>)
10006564:	4418      	add	r0, r3
10006566:	4770      	bx	lr
10006568:	2000      	movs	r0, #0
1000656a:	4770      	bx	lr
1000656c:	2001a32c 	.word	0x2001a32c

10006570 <tud_audio_n_version>:
10006570:	b958      	cbnz	r0, 1000658a <tud_audio_n_version+0x1a>
10006572:	4a08      	ldr	r2, [pc, #32]	@ (10006594 <tud_audio_n_version+0x24>)
10006574:	eb02 1280 	add.w	r2, r2, r0, lsl #6
10006578:	6852      	ldr	r2, [r2, #4]
1000657a:	b142      	cbz	r2, 1000658e <tud_audio_n_version+0x1e>
1000657c:	79d2      	ldrb	r2, [r2, #7]
1000657e:	b13a      	cbz	r2, 10006590 <tud_audio_n_version+0x20>
10006580:	2a20      	cmp	r2, #32
10006582:	d000      	beq.n	10006586 <tud_audio_n_version+0x16>
10006584:	4770      	bx	lr
10006586:	2002      	movs	r0, #2
10006588:	4770      	bx	lr
1000658a:	2000      	movs	r0, #0
1000658c:	4770      	bx	lr
1000658e:	4770      	bx	lr
10006590:	2001      	movs	r0, #1
10006592:	4770      	bx	lr
10006594:	2001a32c 	.word	0x2001a32c

10006598 <audiod_parse_flow_control_params>:
10006598:	b5f8      	push	{r3, r4, r5, r6, r7, lr}
1000659a:	4607      	mov	r7, r0
1000659c:	460c      	mov	r4, r1
1000659e:	780d      	ldrb	r5, [r1, #0]
100065a0:	194e      	adds	r6, r1, r5
100065a2:	4b1e      	ldr	r3, [pc, #120]	@ (1000661c <audiod_parse_flow_control_params+0x84>)
100065a4:	1ac3      	subs	r3, r0, r3
100065a6:	f3c3 1087 	ubfx	r0, r3, #6, #8
100065aa:	f7ff ffe1 	bl	10006570 <tud_audio_n_version>
100065ae:	2801      	cmp	r0, #1
100065b0:	d003      	beq.n	100065ba <audiod_parse_flow_control_params+0x22>
100065b2:	7873      	ldrb	r3, [r6, #1]
100065b4:	2b24      	cmp	r3, #36	@ 0x24
100065b6:	d018      	beq.n	100065ea <audiod_parse_flow_control_params+0x52>
100065b8:	bdf8      	pop	{r3, r4, r5, r6, r7, pc}
100065ba:	5d63      	ldrb	r3, [r4, r5]
100065bc:	4433      	add	r3, r6
100065be:	785a      	ldrb	r2, [r3, #1]
100065c0:	2a24      	cmp	r2, #36	@ 0x24
100065c2:	d1f9      	bne.n	100065b8 <audiod_parse_flow_control_params+0x20>
100065c4:	789a      	ldrb	r2, [r3, #2]
100065c6:	2a02      	cmp	r2, #2
100065c8:	d1f6      	bne.n	100065b8 <audiod_parse_flow_control_params+0x20>
100065ca:	78da      	ldrb	r2, [r3, #3]
100065cc:	f887 2024 	strb.w	r2, [r7, #36]	@ 0x24
100065d0:	2a01      	cmp	r2, #1
100065d2:	d1f1      	bne.n	100065b8 <audiod_parse_flow_control_params+0x20>
100065d4:	791a      	ldrb	r2, [r3, #4]
100065d6:	f887 2025 	strb.w	r2, [r7, #37]	@ 0x25
100065da:	795a      	ldrb	r2, [r3, #5]
100065dc:	f887 2026 	strb.w	r2, [r7, #38]	@ 0x26
100065e0:	689b      	ldr	r3, [r3, #8]
100065e2:	f023 437f 	bic.w	r3, r3, #4278190080	@ 0xff000000
100065e6:	61bb      	str	r3, [r7, #24]
100065e8:	e7e6      	b.n	100065b8 <audiod_parse_flow_control_params+0x20>
100065ea:	78b3      	ldrb	r3, [r6, #2]
100065ec:	2b01      	cmp	r3, #1
100065ee:	d1e3      	bne.n	100065b8 <audiod_parse_flow_control_params+0x20>
100065f0:	7ab3      	ldrb	r3, [r6, #10]
100065f2:	f887 3025 	strb.w	r3, [r7, #37]	@ 0x25
100065f6:	7973      	ldrb	r3, [r6, #5]
100065f8:	f887 3024 	strb.w	r3, [r7, #36]	@ 0x24
100065fc:	5d63      	ldrb	r3, [r4, r5]
100065fe:	4433      	add	r3, r6
10006600:	785a      	ldrb	r2, [r3, #1]
10006602:	2a24      	cmp	r2, #36	@ 0x24
10006604:	d1d8      	bne.n	100065b8 <audiod_parse_flow_control_params+0x20>
10006606:	789a      	ldrb	r2, [r3, #2]
10006608:	2a02      	cmp	r2, #2
1000660a:	d1d5      	bne.n	100065b8 <audiod_parse_flow_control_params+0x20>
1000660c:	78da      	ldrb	r2, [r3, #3]
1000660e:	2a01      	cmp	r2, #1
10006610:	d1d2      	bne.n	100065b8 <audiod_parse_flow_control_params+0x20>
10006612:	791b      	ldrb	r3, [r3, #4]
10006614:	f887 3026 	strb.w	r3, [r7, #38]	@ 0x26
10006618:	e7ce      	b.n	100065b8 <audiod_parse_flow_control_params+0x20>
1000661a:	bf00      	nop
1000661c:	2001a32c 	.word	0x2001a32c

10006620 <audiod_set_interface>:
10006620:	e92d 4ff0 	stmdb	sp!, {r4, r5, r6, r7, r8, r9, sl, fp, lr}
10006624:	b08b      	sub	sp, #44	@ 0x2c
10006626:	4682      	mov	sl, r0
10006628:	460d      	mov	r5, r1
1000662a:	888c      	ldrh	r4, [r1, #4]
1000662c:	b2e4      	uxtb	r4, r4
1000662e:	884f      	ldrh	r7, [r1, #2]
10006630:	f10d 0127 	add.w	r1, sp, #39	@ 0x27
10006634:	4620      	mov	r0, r4
10006636:	f7ff fdbf 	bl	100061b8 <audiod_verify_itf_exists>
1000663a:	4681      	mov	r9, r0
1000663c:	2800      	cmp	r0, #0
1000663e:	f000 80aa 	beq.w	10006796 <audiod_set_interface+0x176>
10006642:	b2ff      	uxtb	r7, r7
10006644:	f89d 8027 	ldrb.w	r8, [sp, #39]	@ 0x27
10006648:	4b65      	ldr	r3, [pc, #404]	@ (100067e0 <audiod_set_interface+0x1c0>)
1000664a:	eb03 1388 	add.w	r3, r3, r8, lsl #6
1000664e:	469b      	mov	fp, r3
10006650:	7c9b      	ldrb	r3, [r3, #18]
10006652:	42a3      	cmp	r3, r4
10006654:	d008      	beq.n	10006668 <audiod_set_interface+0x48>
10006656:	4a62      	ldr	r2, [pc, #392]	@ (100067e0 <audiod_set_interface+0x1c0>)
10006658:	eb02 1288 	add.w	r2, r2, r8, lsl #6
1000665c:	6893      	ldr	r3, [r2, #8]
1000665e:	6851      	ldr	r1, [r2, #4]
10006660:	8992      	ldrh	r2, [r2, #12]
10006662:	eb01 0c02 	add.w	ip, r1, r2
10006666:	e09e      	b.n	100067a6 <audiod_set_interface+0x186>
10006668:	485d      	ldr	r0, [pc, #372]	@ (100067e0 <audiod_set_interface+0x1c0>)
1000666a:	ea4f 1388 	mov.w	r3, r8, lsl #6
1000666e:	2100      	movs	r1, #0
10006670:	f88b 1012 	strb.w	r1, [fp, #18]
10006674:	f88b 1013 	strb.w	r1, [fp, #19]
10006678:	3328      	adds	r3, #40	@ 0x28
1000667a:	4418      	add	r0, r3
1000667c:	f000 fdab 	bl	100071d6 <tu_fifo_clear>
10006680:	4629      	mov	r1, r5
10006682:	4650      	mov	r0, sl
10006684:	f7ff ff32 	bl	100064ec <tud_audio_set_itf_close_ep_cb>
10006688:	2800      	cmp	r0, #0
1000668a:	f000 80a7 	beq.w	100067dc <audiod_set_interface+0x1bc>
1000668e:	2200      	movs	r2, #0
10006690:	f88b 200e 	strb.w	r2, [fp, #14]
10006694:	f8ab 201c 	strh.w	r2, [fp, #28]
10006698:	f8ab 201e 	strh.w	r2, [fp, #30]
1000669c:	f8ab 2020 	strh.w	r2, [fp, #32]
100066a0:	e7d9      	b.n	10006656 <audiod_set_interface+0x36>
100066a2:	f240 428a 	movw	r2, #1162	@ 0x48a
100066a6:	494f      	ldr	r1, [pc, #316]	@ (100067e4 <audiod_set_interface+0x1c4>)
100066a8:	484f      	ldr	r0, [pc, #316]	@ (100067e8 <audiod_set_interface+0x1c8>)
100066aa:	f7fd fff1 	bl	10004690 <__wrap_printf>
100066ae:	f04f 23e0 	mov.w	r3, #3758153728	@ 0xe000e000
100066b2:	f8d3 3df0 	ldr.w	r3, [r3, #3568]	@ 0xdf0
100066b6:	f013 0f01 	tst.w	r3, #1
100066ba:	d000      	beq.n	100066be <audiod_set_interface+0x9e>
100066bc:	be00      	bkpt	0x0000
100066be:	46a9      	mov	r9, r5
100066c0:	e069      	b.n	10006796 <audiod_set_interface+0x176>
100066c2:	78f3      	ldrb	r3, [r6, #3]
100066c4:	f013 0f0c 	tst.w	r3, #12
100066c8:	bf14      	ite	ne
100066ca:	2301      	movne	r3, #1
100066cc:	2300      	moveq	r3, #0
100066ce:	9302      	str	r3, [sp, #8]
100066d0:	e003      	b.n	100066da <audiod_set_interface+0xba>
100066d2:	2301      	movs	r3, #1
100066d4:	e000      	b.n	100066d8 <audiod_set_interface+0xb8>
100066d6:	2301      	movs	r3, #1
100066d8:	9302      	str	r3, [sp, #8]
100066da:	4629      	mov	r1, r5
100066dc:	4650      	mov	r0, sl
100066de:	f7ff fa7b 	bl	10005bd8 <usbd_edpt_clear_stall>
100066e2:	09eb      	lsrs	r3, r5, #7
100066e4:	d121      	bne.n	1000672a <audiod_set_interface+0x10a>
100066e6:	3401      	adds	r4, #1
100066e8:	b2e4      	uxtb	r4, r4
100066ea:	7833      	ldrb	r3, [r6, #0]
100066ec:	441e      	add	r6, r3
100066ee:	4544      	cmp	r4, r8
100066f0:	d23e      	bcs.n	10006770 <audiod_set_interface+0x150>
100066f2:	1bbb      	subs	r3, r7, r6
100066f4:	2b00      	cmp	r3, #0
100066f6:	dd3b      	ble.n	10006770 <audiod_set_interface+0x150>
100066f8:	7873      	ldrb	r3, [r6, #1]
100066fa:	2b05      	cmp	r3, #5
100066fc:	d1f5      	bne.n	100066ea <audiod_set_interface+0xca>
100066fe:	4631      	mov	r1, r6
10006700:	4650      	mov	r0, sl
10006702:	f7ff fceb 	bl	100060dc <usbd_edpt_iso_activate>
10006706:	4605      	mov	r5, r0
10006708:	2800      	cmp	r0, #0
1000670a:	d0ca      	beq.n	100066a2 <audiod_set_interface+0x82>
1000670c:	78b5      	ldrb	r5, [r6, #2]
1000670e:	f89d 0027 	ldrb.w	r0, [sp, #39]	@ 0x27
10006712:	f7ff ff2d 	bl	10006570 <tud_audio_n_version>
10006716:	2801      	cmp	r0, #1
10006718:	d0d3      	beq.n	100066c2 <audiod_set_interface+0xa2>
1000671a:	78f3      	ldrb	r3, [r6, #3]
1000671c:	f013 0330 	ands.w	r3, r3, #48	@ 0x30
10006720:	d0d9      	beq.n	100066d6 <audiod_set_interface+0xb6>
10006722:	2b20      	cmp	r3, #32
10006724:	d0d5      	beq.n	100066d2 <audiod_set_interface+0xb2>
10006726:	2300      	movs	r3, #0
10006728:	e7d6      	b.n	100066d8 <audiod_set_interface+0xb8>
1000672a:	9b02      	ldr	r3, [sp, #8]
1000672c:	2b00      	cmp	r3, #0
1000672e:	d0da      	beq.n	100066e6 <audiod_set_interface+0xc6>
10006730:	4b2b      	ldr	r3, [pc, #172]	@ (100067e0 <audiod_set_interface+0x1c0>)
10006732:	9a04      	ldr	r2, [sp, #16]
10006734:	eb03 1282 	add.w	r2, r3, r2, lsl #6
10006738:	7395      	strb	r5, [r2, #14]
1000673a:	9b06      	ldr	r3, [sp, #24]
1000673c:	7493      	strb	r3, [r2, #18]
1000673e:	4615      	mov	r5, r2
10006740:	9b07      	ldr	r3, [sp, #28]
10006742:	74d3      	strb	r3, [r2, #19]
10006744:	88b3      	ldrh	r3, [r6, #4]
10006746:	f3c3 030a 	ubfx	r3, r3, #0, #11
1000674a:	8213      	strh	r3, [r2, #16]
1000674c:	8d93      	ldrh	r3, [r2, #44]	@ 0x2c
1000674e:	085b      	lsrs	r3, r3, #1
10006750:	8293      	strh	r3, [r2, #20]
10006752:	9905      	ldr	r1, [sp, #20]
10006754:	4658      	mov	r0, fp
10006756:	f7ff ff1f 	bl	10006598 <audiod_parse_flow_control_params>
1000675a:	6bea      	ldr	r2, [r5, #60]	@ 0x3c
1000675c:	7ba9      	ldrb	r1, [r5, #14]
1000675e:	2300      	movs	r3, #0
10006760:	9300      	str	r3, [sp, #0]
10006762:	4650      	mov	r0, sl
10006764:	f7fe ff5e 	bl	10005624 <usbd_edpt_xfer>
10006768:	2800      	cmp	r0, #0
1000676a:	d1bc      	bne.n	100066e6 <audiod_set_interface+0xc6>
1000676c:	4681      	mov	r9, r0
1000676e:	e012      	b.n	10006796 <audiod_set_interface+0x176>
10006770:	46c6      	mov	lr, r8
10006772:	9d03      	ldr	r5, [sp, #12]
10006774:	4544      	cmp	r4, r8
10006776:	d002      	beq.n	1000677e <audiod_set_interface+0x15e>
10006778:	2300      	movs	r3, #0
1000677a:	4699      	mov	r9, r3
1000677c:	e00b      	b.n	10006796 <audiod_set_interface+0x176>
1000677e:	4629      	mov	r1, r5
10006780:	4650      	mov	r0, sl
10006782:	f7f9 ffb3 	bl	100006ec <tud_audio_set_itf_cb>
10006786:	b150      	cbz	r0, 1000679e <audiod_set_interface+0x17e>
10006788:	4658      	mov	r0, fp
1000678a:	f7ff fdd5 	bl	10006338 <audiod_calc_tx_packet_sz>
1000678e:	4629      	mov	r1, r5
10006790:	4650      	mov	r0, sl
10006792:	f7fe ff97 	bl	100056c4 <tud_control_status>
10006796:	4648      	mov	r0, r9
10006798:	b00b      	add	sp, #44	@ 0x2c
1000679a:	e8bd 8ff0 	ldmia.w	sp!, {r4, r5, r6, r7, r8, r9, sl, fp, pc}
1000679e:	4681      	mov	r9, r0
100067a0:	e7f9      	b.n	10006796 <audiod_set_interface+0x176>
100067a2:	781a      	ldrb	r2, [r3, #0]
100067a4:	4413      	add	r3, r2
100067a6:	ebac 0203 	sub.w	r2, ip, r3
100067aa:	2a00      	cmp	r2, #0
100067ac:	ddec      	ble.n	10006788 <audiod_set_interface+0x168>
100067ae:	785a      	ldrb	r2, [r3, #1]
100067b0:	2a04      	cmp	r2, #4
100067b2:	d1f6      	bne.n	100067a2 <audiod_set_interface+0x182>
100067b4:	789a      	ldrb	r2, [r3, #2]
100067b6:	42a2      	cmp	r2, r4
100067b8:	d1f3      	bne.n	100067a2 <audiod_set_interface+0x182>
100067ba:	78da      	ldrb	r2, [r3, #3]
100067bc:	42ba      	cmp	r2, r7
100067be:	d1f0      	bne.n	100067a2 <audiod_set_interface+0x182>
100067c0:	f893 e004 	ldrb.w	lr, [r3, #4]
100067c4:	461e      	mov	r6, r3
100067c6:	2200      	movs	r2, #0
100067c8:	f8cd 8010 	str.w	r8, [sp, #16]
100067cc:	9305      	str	r3, [sp, #20]
100067ce:	46f0      	mov	r8, lr
100067d0:	9406      	str	r4, [sp, #24]
100067d2:	4614      	mov	r4, r2
100067d4:	9707      	str	r7, [sp, #28]
100067d6:	4667      	mov	r7, ip
100067d8:	9503      	str	r5, [sp, #12]
100067da:	e788      	b.n	100066ee <audiod_set_interface+0xce>
100067dc:	4681      	mov	r9, r0
100067de:	e7da      	b.n	10006796 <audiod_set_interface+0x176>
100067e0:	2001a32c 	.word	0x2001a32c
100067e4:	1000868c 	.word	0x1000868c
100067e8:	10007f9c 	.word	0x10007f9c

100067ec <audiod_control_request>:
100067ec:	b530      	push	{r4, r5, lr}
100067ee:	b083      	sub	sp, #12
100067f0:	4605      	mov	r5, r0
100067f2:	460c      	mov	r4, r1
100067f4:	780b      	ldrb	r3, [r1, #0]
100067f6:	f013 0360 	ands.w	r3, r3, #96	@ 0x60
100067fa:	d116      	bne.n	1000682a <audiod_control_request+0x3e>
100067fc:	784b      	ldrb	r3, [r1, #1]
100067fe:	2b0a      	cmp	r3, #10
10006800:	d00d      	beq.n	1000681e <audiod_control_request+0x32>
10006802:	2b0b      	cmp	r3, #11
10006804:	d00e      	beq.n	10006824 <audiod_control_request+0x38>
10006806:	2b01      	cmp	r3, #1
10006808:	d067      	beq.n	100068da <audiod_control_request+0xee>
1000680a:	f04f 23e0 	mov.w	r3, #3758153728	@ 0xe000e000
1000680e:	f8d3 3df0 	ldr.w	r3, [r3, #3568]	@ 0xdf0
10006812:	f013 0f01 	tst.w	r3, #1
10006816:	d000      	beq.n	1000681a <audiod_control_request+0x2e>
10006818:	be00      	bkpt	0x0000
1000681a:	2000      	movs	r0, #0
1000681c:	e010      	b.n	10006840 <audiod_control_request+0x54>
1000681e:	f7ff fd61 	bl	100062e4 <audiod_get_interface>
10006822:	e00d      	b.n	10006840 <audiod_control_request+0x54>
10006824:	f7ff fefc 	bl	10006620 <audiod_set_interface>
10006828:	e00a      	b.n	10006840 <audiod_control_request+0x54>
1000682a:	2b20      	cmp	r3, #32
1000682c:	d00a      	beq.n	10006844 <audiod_control_request+0x58>
1000682e:	f04f 23e0 	mov.w	r3, #3758153728	@ 0xe000e000
10006832:	f8d3 3df0 	ldr.w	r3, [r3, #3568]	@ 0xdf0
10006836:	f013 0f01 	tst.w	r3, #1
1000683a:	d050      	beq.n	100068de <audiod_control_request+0xf2>
1000683c:	be00      	bkpt	0x0000
1000683e:	2000      	movs	r0, #0
10006840:	b003      	add	sp, #12
10006842:	bd30      	pop	{r4, r5, pc}
10006844:	8889      	ldrh	r1, [r1, #4]
10006846:	b2c8      	uxtb	r0, r1
10006848:	7823      	ldrb	r3, [r4, #0]
1000684a:	f003 031f 	and.w	r3, r3, #31
1000684e:	2b01      	cmp	r3, #1
10006850:	d00b      	beq.n	1000686a <audiod_control_request+0x7e>
10006852:	2b02      	cmp	r3, #2
10006854:	d029      	beq.n	100068aa <audiod_control_request+0xbe>
10006856:	f04f 23e0 	mov.w	r3, #3758153728	@ 0xe000e000
1000685a:	f8d3 3df0 	ldr.w	r3, [r3, #3568]	@ 0xdf0
1000685e:	f013 0f01 	tst.w	r3, #1
10006862:	d000      	beq.n	10006866 <audiod_control_request+0x7a>
10006864:	be00      	bkpt	0x0000
10006866:	2000      	movs	r0, #0
10006868:	e7ea      	b.n	10006840 <audiod_control_request+0x54>
1000686a:	0a09      	lsrs	r1, r1, #8
1000686c:	d00e      	beq.n	1000688c <audiod_control_request+0xa0>
1000686e:	f10d 0207 	add.w	r2, sp, #7
10006872:	f7ff fc6d 	bl	10006150 <audiod_verify_entity_exists>
10006876:	2800      	cmp	r0, #0
10006878:	d0e2      	beq.n	10006840 <audiod_control_request+0x54>
1000687a:	f994 3000 	ldrsb.w	r3, [r4]
1000687e:	2b00      	cmp	r3, #0
10006880:	da1d      	bge.n	100068be <audiod_control_request+0xd2>
10006882:	4621      	mov	r1, r4
10006884:	4628      	mov	r0, r5
10006886:	f7f9 ff61 	bl	1000074c <tud_audio_get_req_entity_cb>
1000688a:	e7d9      	b.n	10006840 <audiod_control_request+0x54>
1000688c:	f10d 0107 	add.w	r1, sp, #7
10006890:	f7ff fc92 	bl	100061b8 <audiod_verify_itf_exists>
10006894:	2800      	cmp	r0, #0
10006896:	d0d3      	beq.n	10006840 <audiod_control_request+0x54>
10006898:	f994 3000 	ldrsb.w	r3, [r4]
1000689c:	2b00      	cmp	r3, #0
1000689e:	da0e      	bge.n	100068be <audiod_control_request+0xd2>
100068a0:	4621      	mov	r1, r4
100068a2:	4628      	mov	r0, r5
100068a4:	f7ff fe26 	bl	100064f4 <tud_audio_get_req_itf_cb>
100068a8:	e7ca      	b.n	10006840 <audiod_control_request+0x54>
100068aa:	f10d 0107 	add.w	r1, sp, #7
100068ae:	f7ff fcab 	bl	10006208 <audiod_verify_ep_exists>
100068b2:	2800      	cmp	r0, #0
100068b4:	d0c4      	beq.n	10006840 <audiod_control_request+0x54>
100068b6:	f994 3000 	ldrsb.w	r3, [r4]
100068ba:	2b00      	cmp	r3, #0
100068bc:	db08      	blt.n	100068d0 <audiod_control_request+0xe4>
100068be:	f7fe fead 	bl	1000561c <usbd_get_ctrl_buf>
100068c2:	4602      	mov	r2, r0
100068c4:	2340      	movs	r3, #64	@ 0x40
100068c6:	4621      	mov	r1, r4
100068c8:	4628      	mov	r0, r5
100068ca:	f7fe ffef 	bl	100058ac <tud_control_xfer>
100068ce:	e7b7      	b.n	10006840 <audiod_control_request+0x54>
100068d0:	4621      	mov	r1, r4
100068d2:	4628      	mov	r0, r5
100068d4:	f7f9 ff18 	bl	10000708 <tud_audio_get_req_ep_cb>
100068d8:	e7b2      	b.n	10006840 <audiod_control_request+0x54>
100068da:	2001      	movs	r0, #1
100068dc:	e7b0      	b.n	10006840 <audiod_control_request+0x54>
100068de:	2000      	movs	r0, #0
100068e0:	e7ae      	b.n	10006840 <audiod_control_request+0x54>
	...

100068e4 <audiod_control_complete>:
100068e4:	780b      	ldrb	r3, [r1, #0]
100068e6:	f003 0260 	and.w	r2, r3, #96	@ 0x60
100068ea:	2a20      	cmp	r2, #32
100068ec:	d001      	beq.n	100068f2 <audiod_control_complete+0xe>
100068ee:	2001      	movs	r0, #1
100068f0:	4770      	bx	lr
100068f2:	b5f0      	push	{r4, r5, r6, r7, lr}
100068f4:	b083      	sub	sp, #12
100068f6:	4605      	mov	r5, r0
100068f8:	460c      	mov	r4, r1
100068fa:	f013 0f80 	tst.w	r3, #128	@ 0x80
100068fe:	f040 8089 	bne.w	10006a14 <audiod_control_complete+0x130>
10006902:	780b      	ldrb	r3, [r1, #0]
10006904:	f003 031f 	and.w	r3, r3, #31
10006908:	2b01      	cmp	r3, #1
1000690a:	d00b      	beq.n	10006924 <audiod_control_complete+0x40>
1000690c:	2b02      	cmp	r3, #2
1000690e:	d04d      	beq.n	100069ac <audiod_control_complete+0xc8>
10006910:	f04f 23e0 	mov.w	r3, #3758153728	@ 0xe000e000
10006914:	f8d3 3df0 	ldr.w	r3, [r3, #3568]	@ 0xdf0
10006918:	f013 0f01 	tst.w	r3, #1
1000691c:	d000      	beq.n	10006920 <audiod_control_complete+0x3c>
1000691e:	be00      	bkpt	0x0000
10006920:	2000      	movs	r0, #0
10006922:	e078      	b.n	10006a16 <audiod_control_complete+0x132>
10006924:	8889      	ldrh	r1, [r1, #4]
10006926:	b2c8      	uxtb	r0, r1
10006928:	0a0b      	lsrs	r3, r1, #8
1000692a:	461e      	mov	r6, r3
1000692c:	d030      	beq.n	10006990 <audiod_control_complete+0xac>
1000692e:	f10d 0207 	add.w	r2, sp, #7
10006932:	4619      	mov	r1, r3
10006934:	f7ff fc0c 	bl	10006150 <audiod_verify_entity_exists>
10006938:	2800      	cmp	r0, #0
1000693a:	d06c      	beq.n	10006a16 <audiod_control_complete+0x132>
1000693c:	f89d 3007 	ldrb.w	r3, [sp, #7]
10006940:	461f      	mov	r7, r3
10006942:	4618      	mov	r0, r3
10006944:	f7ff fe14 	bl	10006570 <tud_audio_n_version>
10006948:	2802      	cmp	r0, #2
1000694a:	d007      	beq.n	1000695c <audiod_control_complete+0x78>
1000694c:	f7fe fe66 	bl	1000561c <usbd_get_ctrl_buf>
10006950:	4602      	mov	r2, r0
10006952:	4621      	mov	r1, r4
10006954:	4628      	mov	r0, r5
10006956:	f7f9 ff21 	bl	1000079c <tud_audio_set_req_entity_cb>
1000695a:	e05c      	b.n	10006a16 <audiod_control_complete+0x132>
1000695c:	8863      	ldrh	r3, [r4, #2]
1000695e:	0a1a      	lsrs	r2, r3, #8
10006960:	4b2e      	ldr	r3, [pc, #184]	@ (10006a1c <audiod_control_complete+0x138>)
10006962:	eb03 1387 	add.w	r3, r3, r7, lsl #6
10006966:	f893 3022 	ldrb.w	r3, [r3, #34]	@ 0x22
1000696a:	42b3      	cmp	r3, r6
1000696c:	d1ee      	bne.n	1000694c <audiod_control_complete+0x68>
1000696e:	2a01      	cmp	r2, #1
10006970:	d1ec      	bne.n	1000694c <audiod_control_complete+0x68>
10006972:	7863      	ldrb	r3, [r4, #1]
10006974:	2b01      	cmp	r3, #1
10006976:	d1e9      	bne.n	1000694c <audiod_control_complete+0x68>
10006978:	f7fe fe50 	bl	1000561c <usbd_get_ctrl_buf>
1000697c:	f89d 2007 	ldrb.w	r2, [sp, #7]
10006980:	6803      	ldr	r3, [r0, #0]
10006982:	4826      	ldr	r0, [pc, #152]	@ (10006a1c <audiod_control_complete+0x138>)
10006984:	eb00 1082 	add.w	r0, r0, r2, lsl #6
10006988:	6183      	str	r3, [r0, #24]
1000698a:	f7ff fcd5 	bl	10006338 <audiod_calc_tx_packet_sz>
1000698e:	e7dd      	b.n	1000694c <audiod_control_complete+0x68>
10006990:	f10d 0107 	add.w	r1, sp, #7
10006994:	f7ff fc10 	bl	100061b8 <audiod_verify_itf_exists>
10006998:	2800      	cmp	r0, #0
1000699a:	d03c      	beq.n	10006a16 <audiod_control_complete+0x132>
1000699c:	f7fe fe3e 	bl	1000561c <usbd_get_ctrl_buf>
100069a0:	4602      	mov	r2, r0
100069a2:	4621      	mov	r1, r4
100069a4:	4628      	mov	r0, r5
100069a6:	f7ff fda3 	bl	100064f0 <tud_audio_set_req_itf_cb>
100069aa:	e034      	b.n	10006a16 <audiod_control_complete+0x132>
100069ac:	888b      	ldrh	r3, [r1, #4]
100069ae:	b2db      	uxtb	r3, r3
100069b0:	461e      	mov	r6, r3
100069b2:	f10d 0107 	add.w	r1, sp, #7
100069b6:	4618      	mov	r0, r3
100069b8:	f7ff fc26 	bl	10006208 <audiod_verify_ep_exists>
100069bc:	b358      	cbz	r0, 10006a16 <audiod_control_complete+0x132>
100069be:	f89d 3007 	ldrb.w	r3, [sp, #7]
100069c2:	461f      	mov	r7, r3
100069c4:	4618      	mov	r0, r3
100069c6:	f7ff fdd3 	bl	10006570 <tud_audio_n_version>
100069ca:	2801      	cmp	r0, #1
100069cc:	d007      	beq.n	100069de <audiod_control_complete+0xfa>
100069ce:	f7fe fe25 	bl	1000561c <usbd_get_ctrl_buf>
100069d2:	4602      	mov	r2, r0
100069d4:	4621      	mov	r1, r4
100069d6:	4628      	mov	r0, r5
100069d8:	f7f9 fe94 	bl	10000704 <tud_audio_set_req_ep_cb>
100069dc:	e01b      	b.n	10006a16 <audiod_control_complete+0x132>
100069de:	4b0f      	ldr	r3, [pc, #60]	@ (10006a1c <audiod_control_complete+0x138>)
100069e0:	eb03 1387 	add.w	r3, r3, r7, lsl #6
100069e4:	7b9b      	ldrb	r3, [r3, #14]
100069e6:	42b3      	cmp	r3, r6
100069e8:	d1f1      	bne.n	100069ce <audiod_control_complete+0xea>
100069ea:	8863      	ldrh	r3, [r4, #2]
100069ec:	0a1b      	lsrs	r3, r3, #8
100069ee:	2b01      	cmp	r3, #1
100069f0:	d1ed      	bne.n	100069ce <audiod_control_complete+0xea>
100069f2:	7863      	ldrb	r3, [r4, #1]
100069f4:	2b01      	cmp	r3, #1
100069f6:	d1ea      	bne.n	100069ce <audiod_control_complete+0xea>
100069f8:	f7fe fe10 	bl	1000561c <usbd_get_ctrl_buf>
100069fc:	6803      	ldr	r3, [r0, #0]
100069fe:	f89d 2007 	ldrb.w	r2, [sp, #7]
10006a02:	f023 437f 	bic.w	r3, r3, #4278190080	@ 0xff000000
10006a06:	4805      	ldr	r0, [pc, #20]	@ (10006a1c <audiod_control_complete+0x138>)
10006a08:	eb00 1082 	add.w	r0, r0, r2, lsl #6
10006a0c:	6183      	str	r3, [r0, #24]
10006a0e:	f7ff fc93 	bl	10006338 <audiod_calc_tx_packet_sz>
10006a12:	e7dc      	b.n	100069ce <audiod_control_complete+0xea>
10006a14:	2001      	movs	r0, #1
10006a16:	b003      	add	sp, #12
10006a18:	bdf0      	pop	{r4, r5, r6, r7, pc}
10006a1a:	bf00      	nop
10006a1c:	2001a32c 	.word	0x2001a32c

10006a20 <audiod_init>:
10006a20:	b570      	push	{r4, r5, r6, lr}
10006a22:	2240      	movs	r2, #64	@ 0x40
10006a24:	2100      	movs	r1, #0
10006a26:	480b      	ldr	r0, [pc, #44]	@ (10006a54 <audiod_init+0x34>)
10006a28:	f000 fce4 	bl	100073f4 <memset>
10006a2c:	2400      	movs	r4, #0
10006a2e:	b104      	cbz	r4, 10006a32 <audiod_init+0x12>
10006a30:	bd70      	pop	{r4, r5, r6, pc}
10006a32:	01a6      	lsls	r6, r4, #6
10006a34:	f106 0028 	add.w	r0, r6, #40	@ 0x28
10006a38:	4d06      	ldr	r5, [pc, #24]	@ (10006a54 <audiod_init+0x34>)
10006a3a:	2301      	movs	r3, #1
10006a3c:	f44f 6240 	mov.w	r2, #3072	@ 0xc00
10006a40:	4905      	ldr	r1, [pc, #20]	@ (10006a58 <audiod_init+0x38>)
10006a42:	4428      	add	r0, r5
10006a44:	f000 fb9f 	bl	10007186 <tu_fifo_config>
10006a48:	4435      	add	r5, r6
10006a4a:	4b04      	ldr	r3, [pc, #16]	@ (10006a5c <audiod_init+0x3c>)
10006a4c:	63eb      	str	r3, [r5, #60]	@ 0x3c
10006a4e:	3401      	adds	r4, #1
10006a50:	b2e4      	uxtb	r4, r4
10006a52:	e7ec      	b.n	10006a2e <audiod_init+0xe>
10006a54:	2001a32c 	.word	0x2001a32c
10006a58:	2001a5a0 	.word	0x2001a5a0
10006a5c:	2001b758 	.word	0x2001b758

10006a60 <audiod_deinit>:
10006a60:	2000      	movs	r0, #0
10006a62:	4770      	bx	lr

10006a64 <audiod_reset>:
10006a64:	b570      	push	{r4, r5, r6, lr}
10006a66:	2400      	movs	r4, #0
10006a68:	b104      	cbz	r4, 10006a6c <audiod_reset+0x8>
10006a6a:	bd70      	pop	{r4, r5, r6, pc}
10006a6c:	01a5      	lsls	r5, r4, #6
10006a6e:	4e07      	ldr	r6, [pc, #28]	@ (10006a8c <audiod_reset+0x28>)
10006a70:	2228      	movs	r2, #40	@ 0x28
10006a72:	4621      	mov	r1, r4
10006a74:	eb06 1084 	add.w	r0, r6, r4, lsl #6
10006a78:	f000 fcbc 	bl	100073f4 <memset>
10006a7c:	f105 0028 	add.w	r0, r5, #40	@ 0x28
10006a80:	4430      	add	r0, r6
10006a82:	f000 fba8 	bl	100071d6 <tu_fifo_clear>
10006a86:	3401      	adds	r4, #1
10006a88:	b2e4      	uxtb	r4, r4
10006a8a:	e7ed      	b.n	10006a68 <audiod_reset+0x4>
10006a8c:	2001a32c 	.word	0x2001a32c

10006a90 <audiod_open>:
10006a90:	794b      	ldrb	r3, [r1, #5]
10006a92:	2b01      	cmp	r3, #1
10006a94:	f040 8128 	bne.w	10006ce8 <audiod_open+0x258>
10006a98:	e92d 47f0 	stmdb	sp!, {r4, r5, r6, r7, r8, r9, sl, lr}
10006a9c:	4606      	mov	r6, r0
10006a9e:	460c      	mov	r4, r1
10006aa0:	798b      	ldrb	r3, [r1, #6]
10006aa2:	2b01      	cmp	r3, #1
10006aa4:	f040 8122 	bne.w	10006cec <audiod_open+0x25c>
10006aa8:	79cb      	ldrb	r3, [r1, #7]
10006aaa:	b113      	cbz	r3, 10006ab2 <audiod_open+0x22>
10006aac:	2b20      	cmp	r3, #32
10006aae:	f040 8120 	bne.w	10006cf2 <audiod_open+0x262>
10006ab2:	4422      	add	r2, r4
10006ab4:	7823      	ldrb	r3, [r4, #0]
10006ab6:	4423      	add	r3, r4
10006ab8:	4293      	cmp	r3, r2
10006aba:	d208      	bcs.n	10006ace <audiod_open+0x3e>
10006abc:	7819      	ldrb	r1, [r3, #0]
10006abe:	4419      	add	r1, r3
10006ac0:	428a      	cmp	r2, r1
10006ac2:	d304      	bcc.n	10006ace <audiod_open+0x3e>
10006ac4:	7858      	ldrb	r0, [r3, #1]
10006ac6:	2804      	cmp	r0, #4
10006ac8:	d001      	beq.n	10006ace <audiod_open+0x3e>
10006aca:	460b      	mov	r3, r1
10006acc:	e7f4      	b.n	10006ab8 <audiod_open+0x28>
10006ace:	1ad1      	subs	r1, r2, r3
10006ad0:	2908      	cmp	r1, #8
10006ad2:	f340 8110 	ble.w	10006cf6 <audiod_open+0x266>
10006ad6:	7959      	ldrb	r1, [r3, #5]
10006ad8:	2901      	cmp	r1, #1
10006ada:	f040 810e 	bne.w	10006cfa <audiod_open+0x26a>
10006ade:	799b      	ldrb	r3, [r3, #6]
10006ae0:	2b02      	cmp	r3, #2
10006ae2:	f040 810c 	bne.w	10006cfe <audiod_open+0x26e>
10006ae6:	7923      	ldrb	r3, [r4, #4]
10006ae8:	2b01      	cmp	r3, #1
10006aea:	d80f      	bhi.n	10006b0c <audiod_open+0x7c>
10006aec:	2b01      	cmp	r3, #1
10006aee:	d01d      	beq.n	10006b2c <audiod_open+0x9c>
10006af0:	78e3      	ldrb	r3, [r4, #3]
10006af2:	461f      	mov	r7, r3
10006af4:	2b00      	cmp	r3, #0
10006af6:	f040 8104 	bne.w	10006d02 <audiod_open+0x272>
10006afa:	b33f      	cbz	r7, 10006b4c <audiod_open+0xbc>
10006afc:	2f00      	cmp	r7, #0
10006afe:	f040 80e3 	bne.w	10006cc8 <audiod_open+0x238>
10006b02:	4b81      	ldr	r3, [pc, #516]	@ (10006d08 <audiod_open+0x278>)
10006b04:	eb03 1387 	add.w	r3, r3, r7, lsl #6
10006b08:	8998      	ldrh	r0, [r3, #12]
10006b0a:	e0f0      	b.n	10006cee <audiod_open+0x25e>
10006b0c:	f240 324d 	movw	r2, #845	@ 0x34d
10006b10:	497e      	ldr	r1, [pc, #504]	@ (10006d0c <audiod_open+0x27c>)
10006b12:	487f      	ldr	r0, [pc, #508]	@ (10006d10 <audiod_open+0x280>)
10006b14:	f7fd fdbc 	bl	10004690 <__wrap_printf>
10006b18:	f04f 23e0 	mov.w	r3, #3758153728	@ 0xe000e000
10006b1c:	f8d3 3df0 	ldr.w	r3, [r3, #3568]	@ 0xdf0
10006b20:	f013 0f01 	tst.w	r3, #1
10006b24:	d000      	beq.n	10006b28 <audiod_open+0x98>
10006b26:	be00      	bkpt	0x0000
10006b28:	2000      	movs	r0, #0
10006b2a:	e0e0      	b.n	10006cee <audiod_open+0x25e>
10006b2c:	f240 324f 	movw	r2, #847	@ 0x34f
10006b30:	4976      	ldr	r1, [pc, #472]	@ (10006d0c <audiod_open+0x27c>)
10006b32:	4877      	ldr	r0, [pc, #476]	@ (10006d10 <audiod_open+0x280>)
10006b34:	f7fd fdac 	bl	10004690 <__wrap_printf>
10006b38:	f04f 23e0 	mov.w	r3, #3758153728	@ 0xe000e000
10006b3c:	f8d3 3df0 	ldr.w	r3, [r3, #3568]	@ 0xdf0
10006b40:	f013 0f01 	tst.w	r3, #1
10006b44:	d000      	beq.n	10006b48 <audiod_open+0xb8>
10006b46:	be00      	bkpt	0x0000
10006b48:	2000      	movs	r0, #0
10006b4a:	e0d0      	b.n	10006cee <audiod_open+0x25e>
10006b4c:	463d      	mov	r5, r7
10006b4e:	4b6e      	ldr	r3, [pc, #440]	@ (10006d08 <audiod_open+0x278>)
10006b50:	eb03 1387 	add.w	r3, r3, r7, lsl #6
10006b54:	685b      	ldr	r3, [r3, #4]
10006b56:	b123      	cbz	r3, 10006b62 <audiod_open+0xd2>
10006b58:	463b      	mov	r3, r7
10006b5a:	3301      	adds	r3, #1
10006b5c:	b2db      	uxtb	r3, r3
10006b5e:	461f      	mov	r7, r3
10006b60:	e7cb      	b.n	10006afa <audiod_open+0x6a>
10006b62:	4969      	ldr	r1, [pc, #420]	@ (10006d08 <audiod_open+0x278>)
10006b64:	01bb      	lsls	r3, r7, #6
10006b66:	eb01 1087 	add.w	r0, r1, r7, lsl #6
10006b6a:	6044      	str	r4, [r0, #4]
10006b6c:	54ce      	strb	r6, [r1, r3]
10006b6e:	7823      	ldrb	r3, [r4, #0]
10006b70:	4423      	add	r3, r4
10006b72:	2109      	movs	r1, #9
10006b74:	e017      	b.n	10006ba6 <audiod_open+0x116>
10006b76:	f893 c005 	ldrb.w	ip, [r3, #5]
10006b7a:	f1bc 0f01 	cmp.w	ip, #1
10006b7e:	d104      	bne.n	10006b8a <audiod_open+0xfa>
10006b80:	f893 c006 	ldrb.w	ip, [r3, #6]
10006b84:	f1bc 0f02 	cmp.w	ip, #2
10006b88:	d013      	beq.n	10006bb2 <audiod_open+0x122>
10006b8a:	4b5f      	ldr	r3, [pc, #380]	@ (10006d08 <audiod_open+0x278>)
10006b8c:	eb03 1385 	add.w	r3, r3, r5, lsl #6
10006b90:	8199      	strh	r1, [r3, #12]
10006b92:	1863      	adds	r3, r4, r1
10006b94:	4698      	mov	r8, r3
10006b96:	46b9      	mov	r9, r7
10006b98:	2300      	movs	r3, #0
10006b9a:	469a      	mov	sl, r3
10006b9c:	e026      	b.n	10006bec <audiod_open+0x15c>
10006b9e:	7818      	ldrb	r0, [r3, #0]
10006ba0:	4401      	add	r1, r0
10006ba2:	b289      	uxth	r1, r1
10006ba4:	4403      	add	r3, r0
10006ba6:	1ad0      	subs	r0, r2, r3
10006ba8:	2800      	cmp	r0, #0
10006baa:	ddee      	ble.n	10006b8a <audiod_open+0xfa>
10006bac:	7858      	ldrb	r0, [r3, #1]
10006bae:	2804      	cmp	r0, #4
10006bb0:	d0e1      	beq.n	10006b76 <audiod_open+0xe6>
10006bb2:	280b      	cmp	r0, #11
10006bb4:	d0e9      	beq.n	10006b8a <audiod_open+0xfa>
10006bb6:	2804      	cmp	r0, #4
10006bb8:	d1f1      	bne.n	10006b9e <audiod_open+0x10e>
10006bba:	7998      	ldrb	r0, [r3, #6]
10006bbc:	2802      	cmp	r0, #2
10006bbe:	d1ee      	bne.n	10006b9e <audiod_open+0x10e>
10006bc0:	4851      	ldr	r0, [pc, #324]	@ (10006d08 <audiod_open+0x278>)
10006bc2:	eb00 1085 	add.w	r0, r0, r5, lsl #6
10006bc6:	6880      	ldr	r0, [r0, #8]
10006bc8:	2800      	cmp	r0, #0
10006bca:	d1e8      	bne.n	10006b9e <audiod_open+0x10e>
10006bcc:	484e      	ldr	r0, [pc, #312]	@ (10006d08 <audiod_open+0x278>)
10006bce:	eb00 1085 	add.w	r0, r0, r5, lsl #6
10006bd2:	6083      	str	r3, [r0, #8]
10006bd4:	e7e3      	b.n	10006b9e <audiod_open+0x10e>
10006bd6:	78e3      	ldrb	r3, [r4, #3]
10006bd8:	f013 0f0c 	tst.w	r3, #12
10006bdc:	bf14      	ite	ne
10006bde:	2301      	movne	r3, #1
10006be0:	2300      	moveq	r3, #0
10006be2:	78a2      	ldrb	r2, [r4, #2]
10006be4:	09d1      	lsrs	r1, r2, #7
10006be6:	d119      	bne.n	10006c1c <audiod_open+0x18c>
10006be8:	7823      	ldrb	r3, [r4, #0]
10006bea:	441c      	add	r4, r3
10006bec:	4643      	mov	r3, r8
10006bee:	1b1b      	subs	r3, r3, r4
10006bf0:	2b00      	cmp	r3, #0
10006bf2:	dd1f      	ble.n	10006c34 <audiod_open+0x1a4>
10006bf4:	7863      	ldrb	r3, [r4, #1]
10006bf6:	2b05      	cmp	r3, #5
10006bf8:	d1f6      	bne.n	10006be8 <audiod_open+0x158>
10006bfa:	4638      	mov	r0, r7
10006bfc:	f7ff fcb8 	bl	10006570 <tud_audio_n_version>
10006c00:	2801      	cmp	r0, #1
10006c02:	d0e8      	beq.n	10006bd6 <audiod_open+0x146>
10006c04:	78e3      	ldrb	r3, [r4, #3]
10006c06:	f013 0330 	ands.w	r3, r3, #48	@ 0x30
10006c0a:	d005      	beq.n	10006c18 <audiod_open+0x188>
10006c0c:	2b20      	cmp	r3, #32
10006c0e:	d001      	beq.n	10006c14 <audiod_open+0x184>
10006c10:	2300      	movs	r3, #0
10006c12:	e7e6      	b.n	10006be2 <audiod_open+0x152>
10006c14:	2301      	movs	r3, #1
10006c16:	e7e4      	b.n	10006be2 <audiod_open+0x152>
10006c18:	2301      	movs	r3, #1
10006c1a:	e7e2      	b.n	10006be2 <audiod_open+0x152>
10006c1c:	2b00      	cmp	r3, #0
10006c1e:	d0e3      	beq.n	10006be8 <audiod_open+0x158>
10006c20:	88a3      	ldrh	r3, [r4, #4]
10006c22:	f3c3 030a 	ubfx	r3, r3, #0, #11
10006c26:	459a      	cmp	sl, r3
10006c28:	d301      	bcc.n	10006c2e <audiod_open+0x19e>
10006c2a:	4691      	mov	r9, r2
10006c2c:	e7dc      	b.n	10006be8 <audiod_open+0x158>
10006c2e:	469a      	mov	sl, r3
10006c30:	4691      	mov	r9, r2
10006c32:	e7d9      	b.n	10006be8 <audiod_open+0x158>
10006c34:	464b      	mov	r3, r9
10006c36:	b93b      	cbnz	r3, 10006c48 <audiod_open+0x1b8>
10006c38:	4b33      	ldr	r3, [pc, #204]	@ (10006d08 <audiod_open+0x278>)
10006c3a:	eb03 1385 	add.w	r3, r3, r5, lsl #6
10006c3e:	685c      	ldr	r4, [r3, #4]
10006c40:	899b      	ldrh	r3, [r3, #12]
10006c42:	18e3      	adds	r3, r4, r3
10006c44:	461e      	mov	r6, r3
10006c46:	e00c      	b.n	10006c62 <audiod_open+0x1d2>
10006c48:	4652      	mov	r2, sl
10006c4a:	4649      	mov	r1, r9
10006c4c:	4630      	mov	r0, r6
10006c4e:	f7ff fa3d 	bl	100060cc <usbd_edpt_iso_alloc>
10006c52:	e7f1      	b.n	10006c38 <audiod_open+0x1a8>
10006c54:	78e3      	ldrb	r3, [r4, #3]
10006c56:	f003 0203 	and.w	r2, r3, #3
10006c5a:	2a01      	cmp	r2, #1
10006c5c:	d01f      	beq.n	10006c9e <audiod_open+0x20e>
10006c5e:	7823      	ldrb	r3, [r4, #0]
10006c60:	441c      	add	r4, r3
10006c62:	1b33      	subs	r3, r6, r4
10006c64:	2b00      	cmp	r3, #0
10006c66:	dd29      	ble.n	10006cbc <audiod_open+0x22c>
10006c68:	7863      	ldrb	r3, [r4, #1]
10006c6a:	4698      	mov	r8, r3
10006c6c:	2b05      	cmp	r3, #5
10006c6e:	d0f1      	beq.n	10006c54 <audiod_open+0x1c4>
10006c70:	4638      	mov	r0, r7
10006c72:	f7ff fc7d 	bl	10006570 <tud_audio_n_version>
10006c76:	2802      	cmp	r0, #2
10006c78:	d1f1      	bne.n	10006c5e <audiod_open+0x1ce>
10006c7a:	4643      	mov	r3, r8
10006c7c:	2b24      	cmp	r3, #36	@ 0x24
10006c7e:	d1ee      	bne.n	10006c5e <audiod_open+0x1ce>
10006c80:	78a3      	ldrb	r3, [r4, #2]
10006c82:	2b03      	cmp	r3, #3
10006c84:	d1eb      	bne.n	10006c5e <audiod_open+0x1ce>
10006c86:	88a2      	ldrh	r2, [r4, #4]
10006c88:	f240 1301 	movw	r3, #257	@ 0x101
10006c8c:	429a      	cmp	r2, r3
10006c8e:	d1e6      	bne.n	10006c5e <audiod_open+0x1ce>
10006c90:	7a22      	ldrb	r2, [r4, #8]
10006c92:	4b1d      	ldr	r3, [pc, #116]	@ (10006d08 <audiod_open+0x278>)
10006c94:	eb03 1385 	add.w	r3, r3, r5, lsl #6
10006c98:	f883 2022 	strb.w	r2, [r3, #34]	@ 0x22
10006c9c:	e7df      	b.n	10006c5e <audiod_open+0x1ce>
10006c9e:	78a2      	ldrb	r2, [r4, #2]
10006ca0:	09d2      	lsrs	r2, r2, #7
10006ca2:	d0dc      	beq.n	10006c5e <audiod_open+0x1ce>
10006ca4:	f013 0330 	ands.w	r3, r3, #48	@ 0x30
10006ca8:	d001      	beq.n	10006cae <audiod_open+0x21e>
10006caa:	2b20      	cmp	r3, #32
10006cac:	d1d7      	bne.n	10006c5e <audiod_open+0x1ce>
10006cae:	79a2      	ldrb	r2, [r4, #6]
10006cb0:	4b15      	ldr	r3, [pc, #84]	@ (10006d08 <audiod_open+0x278>)
10006cb2:	eb03 1385 	add.w	r3, r3, r5, lsl #6
10006cb6:	f883 2023 	strb.w	r2, [r3, #35]	@ 0x23
10006cba:	e7d0      	b.n	10006c5e <audiod_open+0x1ce>
10006cbc:	4b12      	ldr	r3, [pc, #72]	@ (10006d08 <audiod_open+0x278>)
10006cbe:	eb03 1385 	add.w	r3, r3, r5, lsl #6
10006cc2:	2201      	movs	r2, #1
10006cc4:	759a      	strb	r2, [r3, #22]
10006cc6:	e719      	b.n	10006afc <audiod_open+0x6c>
10006cc8:	f240 4205 	movw	r2, #1029	@ 0x405
10006ccc:	490f      	ldr	r1, [pc, #60]	@ (10006d0c <audiod_open+0x27c>)
10006cce:	4810      	ldr	r0, [pc, #64]	@ (10006d10 <audiod_open+0x280>)
10006cd0:	f7fd fcde 	bl	10004690 <__wrap_printf>
10006cd4:	f04f 23e0 	mov.w	r3, #3758153728	@ 0xe000e000
10006cd8:	f8d3 3df0 	ldr.w	r3, [r3, #3568]	@ 0xdf0
10006cdc:	f013 0f01 	tst.w	r3, #1
10006ce0:	d000      	beq.n	10006ce4 <audiod_open+0x254>
10006ce2:	be00      	bkpt	0x0000
10006ce4:	2000      	movs	r0, #0
10006ce6:	e002      	b.n	10006cee <audiod_open+0x25e>
10006ce8:	2000      	movs	r0, #0
10006cea:	4770      	bx	lr
10006cec:	2000      	movs	r0, #0
10006cee:	e8bd 87f0 	ldmia.w	sp!, {r4, r5, r6, r7, r8, r9, sl, pc}
10006cf2:	2000      	movs	r0, #0
10006cf4:	e7fb      	b.n	10006cee <audiod_open+0x25e>
10006cf6:	2000      	movs	r0, #0
10006cf8:	e7f9      	b.n	10006cee <audiod_open+0x25e>
10006cfa:	2000      	movs	r0, #0
10006cfc:	e7f7      	b.n	10006cee <audiod_open+0x25e>
10006cfe:	2000      	movs	r0, #0
10006d00:	e7f5      	b.n	10006cee <audiod_open+0x25e>
10006d02:	2000      	movs	r0, #0
10006d04:	e7f3      	b.n	10006cee <audiod_open+0x25e>
10006d06:	bf00      	nop
10006d08:	2001a32c 	.word	0x2001a32c
10006d0c:	100086a4 	.word	0x100086a4
10006d10:	10007f9c 	.word	0x10007f9c

10006d14 <audiod_control_xfer_cb>:
10006d14:	b508      	push	{r3, lr}
10006d16:	2901      	cmp	r1, #1
10006d18:	d003      	beq.n	10006d22 <audiod_control_xfer_cb+0xe>
10006d1a:	2902      	cmp	r1, #2
10006d1c:	d005      	beq.n	10006d2a <audiod_control_xfer_cb+0x16>
10006d1e:	2001      	movs	r0, #1
10006d20:	bd08      	pop	{r3, pc}
10006d22:	4611      	mov	r1, r2
10006d24:	f7ff fd62 	bl	100067ec <audiod_control_request>
10006d28:	e7fa      	b.n	10006d20 <audiod_control_xfer_cb+0xc>
10006d2a:	4611      	mov	r1, r2
10006d2c:	f7ff fdda 	bl	100068e4 <audiod_control_complete>
10006d30:	e7f6      	b.n	10006d20 <audiod_control_xfer_cb+0xc>

10006d32 <audiod_xfer_cb>:
10006d32:	2000      	movs	r0, #0
10006d34:	4770      	bx	lr
	...

10006d38 <audiod_xfer_isr>:
10006d38:	b508      	push	{r3, lr}
10006d3a:	469e      	mov	lr, r3
10006d3c:	2200      	movs	r2, #0
10006d3e:	b10a      	cbz	r2, 10006d44 <audiod_xfer_isr+0xc>
10006d40:	2000      	movs	r0, #0
10006d42:	bd08      	pop	{r3, pc}
10006d44:	4b08      	ldr	r3, [pc, #32]	@ (10006d68 <audiod_xfer_isr+0x30>)
10006d46:	eb03 1c82 	add.w	ip, r3, r2, lsl #6
10006d4a:	f89c 300e 	ldrb.w	r3, [ip, #14]
10006d4e:	428b      	cmp	r3, r1
10006d50:	d002      	beq.n	10006d58 <audiod_xfer_isr+0x20>
10006d52:	3201      	adds	r2, #1
10006d54:	b2d2      	uxtb	r2, r2
10006d56:	e7f2      	b.n	10006d3e <audiod_xfer_isr+0x6>
10006d58:	fa1f f28e 	uxth.w	r2, lr
10006d5c:	4661      	mov	r1, ip
10006d5e:	f7ff fb79 	bl	10006454 <audiod_tx_xfer_isr>
10006d62:	2001      	movs	r0, #1
10006d64:	e7ed      	b.n	10006d42 <audiod_xfer_isr+0xa>
10006d66:	bf00      	nop
10006d68:	2001a32c 	.word	0x2001a32c

10006d6c <tud_audio_buffer_and_schedule_control_xfer>:
10006d6c:	f991 c000 	ldrsb.w	ip, [r1]
10006d70:	f1bc 0f00 	cmp.w	ip, #0
10006d74:	da71      	bge.n	10006e5a <tud_audio_buffer_and_schedule_control_xfer+0xee>
10006d76:	b5f0      	push	{r4, r5, r6, r7, lr}
10006d78:	b083      	sub	sp, #12
10006d7a:	4606      	mov	r6, r0
10006d7c:	460c      	mov	r4, r1
10006d7e:	4617      	mov	r7, r2
10006d80:	461d      	mov	r5, r3
10006d82:	8889      	ldrh	r1, [r1, #4]
10006d84:	b2c8      	uxtb	r0, r1
10006d86:	f894 c000 	ldrb.w	ip, [r4]
10006d8a:	f00c 0c1f 	and.w	ip, ip, #31
10006d8e:	f1bc 0f01 	cmp.w	ip, #1
10006d92:	d00c      	beq.n	10006dae <tud_audio_buffer_and_schedule_control_xfer+0x42>
10006d94:	f1bc 0f02 	cmp.w	ip, #2
10006d98:	d017      	beq.n	10006dca <tud_audio_buffer_and_schedule_control_xfer+0x5e>
10006d9a:	f04f 23e0 	mov.w	r3, #3758153728	@ 0xe000e000
10006d9e:	f8d3 3df0 	ldr.w	r3, [r3, #3568]	@ 0xdf0
10006da2:	f013 0f01 	tst.w	r3, #1
10006da6:	d05a      	beq.n	10006e5e <tud_audio_buffer_and_schedule_control_xfer+0xf2>
10006da8:	be00      	bkpt	0x0000
10006daa:	2000      	movs	r0, #0
10006dac:	e02e      	b.n	10006e0c <tud_audio_buffer_and_schedule_control_xfer+0xa0>
10006dae:	0a09      	lsrs	r1, r1, #8
10006db0:	d005      	beq.n	10006dbe <tud_audio_buffer_and_schedule_control_xfer+0x52>
10006db2:	f10d 0207 	add.w	r2, sp, #7
10006db6:	f7ff f9cb 	bl	10006150 <audiod_verify_entity_exists>
10006dba:	b958      	cbnz	r0, 10006dd4 <tud_audio_buffer_and_schedule_control_xfer+0x68>
10006dbc:	e026      	b.n	10006e0c <tud_audio_buffer_and_schedule_control_xfer+0xa0>
10006dbe:	f10d 0107 	add.w	r1, sp, #7
10006dc2:	f7ff f9f9 	bl	100061b8 <audiod_verify_itf_exists>
10006dc6:	b928      	cbnz	r0, 10006dd4 <tud_audio_buffer_and_schedule_control_xfer+0x68>
10006dc8:	e020      	b.n	10006e0c <tud_audio_buffer_and_schedule_control_xfer+0xa0>
10006dca:	f10d 0107 	add.w	r1, sp, #7
10006dce:	f7ff fa1b 	bl	10006208 <audiod_verify_ep_exists>
10006dd2:	b1d8      	cbz	r0, 10006e0c <tud_audio_buffer_and_schedule_control_xfer+0xa0>
10006dd4:	f7fe fc22 	bl	1000561c <usbd_get_ctrl_buf>
10006dd8:	b1c0      	cbz	r0, 10006e0c <tud_audio_buffer_and_schedule_control_xfer+0xa0>
10006dda:	462a      	mov	r2, r5
10006ddc:	b135      	cbz	r5, 10006dec <tud_audio_buffer_and_schedule_control_xfer+0x80>
10006dde:	4639      	mov	r1, r7
10006de0:	2f00      	cmp	r7, #0
10006de2:	d03e      	beq.n	10006e62 <tud_audio_buffer_and_schedule_control_xfer+0xf6>
10006de4:	2d40      	cmp	r5, #64	@ 0x40
10006de6:	d83e      	bhi.n	10006e66 <tud_audio_buffer_and_schedule_control_xfer+0xfa>
10006de8:	f000 fb48 	bl	1000747c <memcpy>
10006dec:	f89d 3007 	ldrb.w	r3, [sp, #7]
10006df0:	461f      	mov	r7, r3
10006df2:	4618      	mov	r0, r3
10006df4:	f7ff fbbc 	bl	10006570 <tud_audio_n_version>
10006df8:	2802      	cmp	r0, #2
10006dfa:	d009      	beq.n	10006e10 <tud_audio_buffer_and_schedule_control_xfer+0xa4>
10006dfc:	f7fe fc0e 	bl	1000561c <usbd_get_ctrl_buf>
10006e00:	4602      	mov	r2, r0
10006e02:	462b      	mov	r3, r5
10006e04:	4621      	mov	r1, r4
10006e06:	4630      	mov	r0, r6
10006e08:	f7fe fd50 	bl	100058ac <tud_control_xfer>
10006e0c:	b003      	add	sp, #12
10006e0e:	bdf0      	pop	{r4, r5, r6, r7, pc}
10006e10:	7823      	ldrb	r3, [r4, #0]
10006e12:	f003 0260 	and.w	r2, r3, #96	@ 0x60
10006e16:	2a20      	cmp	r2, #32
10006e18:	d1f0      	bne.n	10006dfc <tud_audio_buffer_and_schedule_control_xfer+0x90>
10006e1a:	f003 031f 	and.w	r3, r3, #31
10006e1e:	2b01      	cmp	r3, #1
10006e20:	d1ec      	bne.n	10006dfc <tud_audio_buffer_and_schedule_control_xfer+0x90>
10006e22:	88a1      	ldrh	r1, [r4, #4]
10006e24:	8863      	ldrh	r3, [r4, #2]
10006e26:	0a1a      	lsrs	r2, r3, #8
10006e28:	4b10      	ldr	r3, [pc, #64]	@ (10006e6c <tud_audio_buffer_and_schedule_control_xfer+0x100>)
10006e2a:	eb03 1387 	add.w	r3, r3, r7, lsl #6
10006e2e:	f893 3022 	ldrb.w	r3, [r3, #34]	@ 0x22
10006e32:	ebb3 2f11 	cmp.w	r3, r1, lsr #8
10006e36:	d1e1      	bne.n	10006dfc <tud_audio_buffer_and_schedule_control_xfer+0x90>
10006e38:	2a01      	cmp	r2, #1
10006e3a:	d1df      	bne.n	10006dfc <tud_audio_buffer_and_schedule_control_xfer+0x90>
10006e3c:	7863      	ldrb	r3, [r4, #1]
10006e3e:	2b01      	cmp	r3, #1
10006e40:	d1dc      	bne.n	10006dfc <tud_audio_buffer_and_schedule_control_xfer+0x90>
10006e42:	f7fe fbeb 	bl	1000561c <usbd_get_ctrl_buf>
10006e46:	f89d 2007 	ldrb.w	r2, [sp, #7]
10006e4a:	6803      	ldr	r3, [r0, #0]
10006e4c:	4807      	ldr	r0, [pc, #28]	@ (10006e6c <tud_audio_buffer_and_schedule_control_xfer+0x100>)
10006e4e:	eb00 1082 	add.w	r0, r0, r2, lsl #6
10006e52:	6183      	str	r3, [r0, #24]
10006e54:	f7ff fa70 	bl	10006338 <audiod_calc_tx_packet_sz>
10006e58:	e7d0      	b.n	10006dfc <tud_audio_buffer_and_schedule_control_xfer+0x90>
10006e5a:	2000      	movs	r0, #0
10006e5c:	4770      	bx	lr
10006e5e:	2000      	movs	r0, #0
10006e60:	e7d4      	b.n	10006e0c <tud_audio_buffer_and_schedule_control_xfer+0xa0>
10006e62:	4638      	mov	r0, r7
10006e64:	e7d2      	b.n	10006e0c <tud_audio_buffer_and_schedule_control_xfer+0xa0>
10006e66:	2000      	movs	r0, #0
10006e68:	e7d0      	b.n	10006e0c <tud_audio_buffer_and_schedule_control_xfer+0xa0>
10006e6a:	bf00      	nop
10006e6c:	2001a32c 	.word	0x2001a32c

10006e70 <tusb_rhport_init>:
10006e70:	b510      	push	{r4, lr}
10006e72:	b082      	sub	sp, #8
10006e74:	b159      	cbz	r1, 10006e8e <tusb_rhport_init+0x1e>
10006e76:	460a      	mov	r2, r1
10006e78:	2801      	cmp	r0, #1
10006e7a:	d825      	bhi.n	10006ec8 <tusb_rhport_init+0x58>
10006e7c:	780b      	ldrb	r3, [r1, #0]
10006e7e:	b31b      	cbz	r3, 10006ec8 <tusb_rhport_init+0x58>
10006e80:	4924      	ldr	r1, [pc, #144]	@ (10006f14 <tusb_rhport_init+0xa4>)
10006e82:	540b      	strb	r3, [r1, r0]
10006e84:	2b01      	cmp	r3, #1
10006e86:	d031      	beq.n	10006eec <tusb_rhport_init+0x7c>
10006e88:	2301      	movs	r3, #1
10006e8a:	461c      	mov	r4, r3
10006e8c:	e02b      	b.n	10006ee6 <tusb_rhport_init+0x76>
10006e8e:	2301      	movs	r3, #1
10006e90:	f88d 3004 	strb.w	r3, [sp, #4]
10006e94:	4608      	mov	r0, r1
10006e96:	f88d 1005 	strb.w	r1, [sp, #5]
10006e9a:	a901      	add	r1, sp, #4
10006e9c:	f7fe fb0c 	bl	100054b8 <tud_rhport_init>
10006ea0:	4604      	mov	r4, r0
10006ea2:	b118      	cbz	r0, 10006eac <tusb_rhport_init+0x3c>
10006ea4:	4b1b      	ldr	r3, [pc, #108]	@ (10006f14 <tusb_rhport_init+0xa4>)
10006ea6:	2201      	movs	r2, #1
10006ea8:	701a      	strb	r2, [r3, #0]
10006eaa:	e01c      	b.n	10006ee6 <tusb_rhport_init+0x76>
10006eac:	225e      	movs	r2, #94	@ 0x5e
10006eae:	491a      	ldr	r1, [pc, #104]	@ (10006f18 <tusb_rhport_init+0xa8>)
10006eb0:	481a      	ldr	r0, [pc, #104]	@ (10006f1c <tusb_rhport_init+0xac>)
10006eb2:	f7fd fbed 	bl	10004690 <__wrap_printf>
10006eb6:	f04f 23e0 	mov.w	r3, #3758153728	@ 0xe000e000
10006eba:	f8d3 3df0 	ldr.w	r3, [r3, #3568]	@ 0xdf0
10006ebe:	f013 0f01 	tst.w	r3, #1
10006ec2:	d010      	beq.n	10006ee6 <tusb_rhport_init+0x76>
10006ec4:	be00      	bkpt	0x0000
10006ec6:	e00e      	b.n	10006ee6 <tusb_rhport_init+0x76>
10006ec8:	2271      	movs	r2, #113	@ 0x71
10006eca:	4913      	ldr	r1, [pc, #76]	@ (10006f18 <tusb_rhport_init+0xa8>)
10006ecc:	4813      	ldr	r0, [pc, #76]	@ (10006f1c <tusb_rhport_init+0xac>)
10006ece:	f7fd fbdf 	bl	10004690 <__wrap_printf>
10006ed2:	f04f 23e0 	mov.w	r3, #3758153728	@ 0xe000e000
10006ed6:	f8d3 3df0 	ldr.w	r3, [r3, #3568]	@ 0xdf0
10006eda:	f013 0f01 	tst.w	r3, #1
10006ede:	d000      	beq.n	10006ee2 <tusb_rhport_init+0x72>
10006ee0:	be00      	bkpt	0x0000
10006ee2:	2300      	movs	r3, #0
10006ee4:	461c      	mov	r4, r3
10006ee6:	4620      	mov	r0, r4
10006ee8:	b002      	add	sp, #8
10006eea:	bd10      	pop	{r4, pc}
10006eec:	4611      	mov	r1, r2
10006eee:	f7fe fae3 	bl	100054b8 <tud_rhport_init>
10006ef2:	4604      	mov	r4, r0
10006ef4:	2800      	cmp	r0, #0
10006ef6:	d1f6      	bne.n	10006ee6 <tusb_rhport_init+0x76>
10006ef8:	2276      	movs	r2, #118	@ 0x76
10006efa:	4907      	ldr	r1, [pc, #28]	@ (10006f18 <tusb_rhport_init+0xa8>)
10006efc:	4807      	ldr	r0, [pc, #28]	@ (10006f1c <tusb_rhport_init+0xac>)
10006efe:	f7fd fbc7 	bl	10004690 <__wrap_printf>
10006f02:	f04f 23e0 	mov.w	r3, #3758153728	@ 0xe000e000
10006f06:	f8d3 3df0 	ldr.w	r3, [r3, #3568]	@ 0xdf0
10006f0a:	f013 0f01 	tst.w	r3, #1
10006f0e:	d0ea      	beq.n	10006ee6 <tusb_rhport_init+0x76>
10006f10:	be00      	bkpt	0x0000
10006f12:	e7e8      	b.n	10006ee6 <tusb_rhport_init+0x76>
10006f14:	2001a40c 	.word	0x2001a40c
10006f18:	100086e0 	.word	0x100086e0
10006f1c:	10007f9c 	.word	0x10007f9c

10006f20 <tu_edpt_validate>:
10006f20:	b508      	push	{r3, lr}
10006f22:	8883      	ldrh	r3, [r0, #4]
10006f24:	f3c3 030a 	ubfx	r3, r3, #0, #11
10006f28:	b183      	cbz	r3, 10006f4c <tu_edpt_validate+0x2c>
10006f2a:	78c2      	ldrb	r2, [r0, #3]
10006f2c:	f002 0203 	and.w	r2, r2, #3
10006f30:	2a02      	cmp	r2, #2
10006f32:	d02e      	beq.n	10006f92 <tu_edpt_validate+0x72>
10006f34:	2a03      	cmp	r2, #3
10006f36:	d05d      	beq.n	10006ff4 <tu_edpt_validate+0xd4>
10006f38:	2a01      	cmp	r2, #1
10006f3a:	d175      	bne.n	10007028 <tu_edpt_validate+0x108>
10006f3c:	2902      	cmp	r1, #2
10006f3e:	d015      	beq.n	10006f6c <tu_edpt_validate+0x4c>
10006f40:	f240 32ff 	movw	r2, #1023	@ 0x3ff
10006f44:	429a      	cmp	r2, r3
10006f46:	d314      	bcc.n	10006f72 <tu_edpt_validate+0x52>
10006f48:	2001      	movs	r0, #1
10006f4a:	e00e      	b.n	10006f6a <tu_edpt_validate+0x4a>
10006f4c:	f44f 7283 	mov.w	r2, #262	@ 0x106
10006f50:	4939      	ldr	r1, [pc, #228]	@ (10007038 <tu_edpt_validate+0x118>)
10006f52:	483a      	ldr	r0, [pc, #232]	@ (1000703c <tu_edpt_validate+0x11c>)
10006f54:	f7fd fb9c 	bl	10004690 <__wrap_printf>
10006f58:	f04f 23e0 	mov.w	r3, #3758153728	@ 0xe000e000
10006f5c:	f8d3 3df0 	ldr.w	r3, [r3, #3568]	@ 0xdf0
10006f60:	f013 0f01 	tst.w	r3, #1
10006f64:	d000      	beq.n	10006f68 <tu_edpt_validate+0x48>
10006f66:	be00      	bkpt	0x0000
10006f68:	2000      	movs	r0, #0
10006f6a:	bd08      	pop	{r3, pc}
10006f6c:	f44f 6280 	mov.w	r2, #1024	@ 0x400
10006f70:	e7e8      	b.n	10006f44 <tu_edpt_validate+0x24>
10006f72:	f240 120b 	movw	r2, #267	@ 0x10b
10006f76:	4930      	ldr	r1, [pc, #192]	@ (10007038 <tu_edpt_validate+0x118>)
10006f78:	4830      	ldr	r0, [pc, #192]	@ (1000703c <tu_edpt_validate+0x11c>)
10006f7a:	f7fd fb89 	bl	10004690 <__wrap_printf>
10006f7e:	f04f 23e0 	mov.w	r3, #3758153728	@ 0xe000e000
10006f82:	f8d3 3df0 	ldr.w	r3, [r3, #3568]	@ 0xdf0
10006f86:	f013 0f01 	tst.w	r3, #1
10006f8a:	d000      	beq.n	10006f8e <tu_edpt_validate+0x6e>
10006f8c:	be00      	bkpt	0x0000
10006f8e:	2000      	movs	r0, #0
10006f90:	e7eb      	b.n	10006f6a <tu_edpt_validate+0x4a>
10006f92:	2902      	cmp	r1, #2
10006f94:	d009      	beq.n	10006faa <tu_edpt_validate+0x8a>
10006f96:	2b08      	cmp	r3, #8
10006f98:	d048      	beq.n	1000702c <tu_edpt_validate+0x10c>
10006f9a:	2b10      	cmp	r3, #16
10006f9c:	d048      	beq.n	10007030 <tu_edpt_validate+0x110>
10006f9e:	2b20      	cmp	r3, #32
10006fa0:	d048      	beq.n	10007034 <tu_edpt_validate+0x114>
10006fa2:	2b40      	cmp	r3, #64	@ 0x40
10006fa4:	d116      	bne.n	10006fd4 <tu_edpt_validate+0xb4>
10006fa6:	2001      	movs	r0, #1
10006fa8:	e7df      	b.n	10006f6a <tu_edpt_validate+0x4a>
10006faa:	f5b3 7f00 	cmp.w	r3, #512	@ 0x200
10006fae:	d101      	bne.n	10006fb4 <tu_edpt_validate+0x94>
10006fb0:	2001      	movs	r0, #1
10006fb2:	e7da      	b.n	10006f6a <tu_edpt_validate+0x4a>
10006fb4:	f44f 7289 	mov.w	r2, #274	@ 0x112
10006fb8:	491f      	ldr	r1, [pc, #124]	@ (10007038 <tu_edpt_validate+0x118>)
10006fba:	4820      	ldr	r0, [pc, #128]	@ (1000703c <tu_edpt_validate+0x11c>)
10006fbc:	f7fd fb68 	bl	10004690 <__wrap_printf>
10006fc0:	f04f 23e0 	mov.w	r3, #3758153728	@ 0xe000e000
10006fc4:	f8d3 3df0 	ldr.w	r3, [r3, #3568]	@ 0xdf0
10006fc8:	f013 0f01 	tst.w	r3, #1
10006fcc:	d000      	beq.n	10006fd0 <tu_edpt_validate+0xb0>
10006fce:	be00      	bkpt	0x0000
10006fd0:	2000      	movs	r0, #0
10006fd2:	e7ca      	b.n	10006f6a <tu_edpt_validate+0x4a>
10006fd4:	f240 1215 	movw	r2, #277	@ 0x115
10006fd8:	4917      	ldr	r1, [pc, #92]	@ (10007038 <tu_edpt_validate+0x118>)
10006fda:	4818      	ldr	r0, [pc, #96]	@ (1000703c <tu_edpt_validate+0x11c>)
10006fdc:	f7fd fb58 	bl	10004690 <__wrap_printf>
10006fe0:	f04f 23e0 	mov.w	r3, #3758153728	@ 0xe000e000
10006fe4:	f8d3 3df0 	ldr.w	r3, [r3, #3568]	@ 0xdf0
10006fe8:	f013 0f01 	tst.w	r3, #1
10006fec:	d000      	beq.n	10006ff0 <tu_edpt_validate+0xd0>
10006fee:	be00      	bkpt	0x0000
10006ff0:	2000      	movs	r0, #0
10006ff2:	e7ba      	b.n	10006f6a <tu_edpt_validate+0x4a>
10006ff4:	2902      	cmp	r1, #2
10006ff6:	d004      	beq.n	10007002 <tu_edpt_validate+0xe2>
10006ff8:	2240      	movs	r2, #64	@ 0x40
10006ffa:	429a      	cmp	r2, r3
10006ffc:	d304      	bcc.n	10007008 <tu_edpt_validate+0xe8>
10006ffe:	2001      	movs	r0, #1
10007000:	e7b3      	b.n	10006f6a <tu_edpt_validate+0x4a>
10007002:	f44f 6280 	mov.w	r2, #1024	@ 0x400
10007006:	e7f8      	b.n	10006ffa <tu_edpt_validate+0xda>
10007008:	f240 121b 	movw	r2, #283	@ 0x11b
1000700c:	490a      	ldr	r1, [pc, #40]	@ (10007038 <tu_edpt_validate+0x118>)
1000700e:	480b      	ldr	r0, [pc, #44]	@ (1000703c <tu_edpt_validate+0x11c>)
10007010:	f7fd fb3e 	bl	10004690 <__wrap_printf>
10007014:	f04f 23e0 	mov.w	r3, #3758153728	@ 0xe000e000
10007018:	f8d3 3df0 	ldr.w	r3, [r3, #3568]	@ 0xdf0
1000701c:	f013 0f01 	tst.w	r3, #1
10007020:	d000      	beq.n	10007024 <tu_edpt_validate+0x104>
10007022:	be00      	bkpt	0x0000
10007024:	2000      	movs	r0, #0
10007026:	e7a0      	b.n	10006f6a <tu_edpt_validate+0x4a>
10007028:	2000      	movs	r0, #0
1000702a:	e79e      	b.n	10006f6a <tu_edpt_validate+0x4a>
1000702c:	2001      	movs	r0, #1
1000702e:	e79c      	b.n	10006f6a <tu_edpt_validate+0x4a>
10007030:	2001      	movs	r0, #1
10007032:	e79a      	b.n	10006f6a <tu_edpt_validate+0x4a>
10007034:	2001      	movs	r0, #1
10007036:	e798      	b.n	10006f6a <tu_edpt_validate+0x4a>
10007038:	100086cc 	.word	0x100086cc
1000703c:	10007f9c 	.word	0x10007f9c

10007040 <tu_bind_driver_to_ep_itf>:
10007040:	b538      	push	{r3, r4, r5, lr}
10007042:	4615      	mov	r5, r2
10007044:	461c      	mov	r4, r3
10007046:	9b04      	ldr	r3, [sp, #16]
10007048:	f8bd c014 	ldrh.w	ip, [sp, #20]
1000704c:	449c      	add	ip, r3
1000704e:	4563      	cmp	r3, ip
10007050:	d237      	bcs.n	100070c2 <tu_bind_driver_to_ep_itf+0x82>
10007052:	f893 e000 	ldrb.w	lr, [r3]
10007056:	449e      	add	lr, r3
10007058:	45f4      	cmp	ip, lr
1000705a:	d334      	bcc.n	100070c6 <tu_bind_driver_to_ep_itf+0x86>
1000705c:	f893 e001 	ldrb.w	lr, [r3, #1]
10007060:	f1be 0f05 	cmp.w	lr, #5
10007064:	d006      	beq.n	10007074 <tu_bind_driver_to_ep_itf+0x34>
10007066:	f1be 0f04 	cmp.w	lr, #4
1000706a:	d00e      	beq.n	1000708a <tu_bind_driver_to_ep_itf+0x4a>
1000706c:	f893 e000 	ldrb.w	lr, [r3]
10007070:	4473      	add	r3, lr
10007072:	e7ec      	b.n	1000704e <tu_bind_driver_to_ep_itf+0xe>
10007074:	f893 e002 	ldrb.w	lr, [r3, #2]
10007078:	f00e 020f 	and.w	r2, lr, #15
1000707c:	ea4f 1ede 	mov.w	lr, lr, lsr #7
10007080:	eb01 0242 	add.w	r2, r1, r2, lsl #1
10007084:	f802 000e 	strb.w	r0, [r2, lr]
10007088:	e7f0      	b.n	1000706c <tu_bind_driver_to_ep_itf+0x2c>
1000708a:	f893 e003 	ldrb.w	lr, [r3, #3]
1000708e:	f1be 0f00 	cmp.w	lr, #0
10007092:	d1eb      	bne.n	1000706c <tu_bind_driver_to_ep_itf+0x2c>
10007094:	f893 e002 	ldrb.w	lr, [r3, #2]
10007098:	45a6      	cmp	lr, r4
1000709a:	d202      	bcs.n	100070a2 <tu_bind_driver_to_ep_itf+0x62>
1000709c:	f805 000e 	strb.w	r0, [r5, lr]
100070a0:	e7e4      	b.n	1000706c <tu_bind_driver_to_ep_itf+0x2c>
100070a2:	f240 1235 	movw	r2, #309	@ 0x135
100070a6:	4909      	ldr	r1, [pc, #36]	@ (100070cc <tu_bind_driver_to_ep_itf+0x8c>)
100070a8:	4809      	ldr	r0, [pc, #36]	@ (100070d0 <tu_bind_driver_to_ep_itf+0x90>)
100070aa:	f7fd faf1 	bl	10004690 <__wrap_printf>
100070ae:	f04f 23e0 	mov.w	r3, #3758153728	@ 0xe000e000
100070b2:	f8d3 3df0 	ldr.w	r3, [r3, #3568]	@ 0xdf0
100070b6:	f013 0f01 	tst.w	r3, #1
100070ba:	d000      	beq.n	100070be <tu_bind_driver_to_ep_itf+0x7e>
100070bc:	be00      	bkpt	0x0000
100070be:	2000      	movs	r0, #0
100070c0:	e000      	b.n	100070c4 <tu_bind_driver_to_ep_itf+0x84>
100070c2:	2001      	movs	r0, #1
100070c4:	bd38      	pop	{r3, r4, r5, pc}
100070c6:	2001      	movs	r0, #1
100070c8:	e7fc      	b.n	100070c4 <tu_bind_driver_to_ep_itf+0x84>
100070ca:	bf00      	nop
100070cc:	100086b0 	.word	0x100086b0
100070d0:	10007f9c 	.word	0x10007f9c

100070d4 <advance_index>:
100070d4:	4603      	mov	r3, r0
100070d6:	440a      	add	r2, r1
100070d8:	b290      	uxth	r0, r2
100070da:	4281      	cmp	r1, r0
100070dc:	d802      	bhi.n	100070e4 <advance_index+0x10>
100070de:	ebb0 0f43 	cmp.w	r0, r3, lsl #1
100070e2:	db03      	blt.n	100070ec <advance_index+0x18>
100070e4:	005b      	lsls	r3, r3, #1
100070e6:	b29b      	uxth	r3, r3
100070e8:	1ac0      	subs	r0, r0, r3
100070ea:	b280      	uxth	r0, r0
100070ec:	4770      	bx	lr

100070ee <correct_read_index>:
100070ee:	4602      	mov	r2, r0
100070f0:	8883      	ldrh	r3, [r0, #4]
100070f2:	428b      	cmp	r3, r1
100070f4:	d803      	bhi.n	100070fe <correct_read_index+0x10>
100070f6:	1ac9      	subs	r1, r1, r3
100070f8:	b288      	uxth	r0, r1
100070fa:	8150      	strh	r0, [r2, #10]
100070fc:	4770      	bx	lr
100070fe:	4419      	add	r1, r3
10007100:	b288      	uxth	r0, r1
10007102:	e7fa      	b.n	100070fa <correct_read_index+0xc>

10007104 <ff_pull_n>:
10007104:	b5f8      	push	{r3, r4, r5, r6, r7, lr}
10007106:	4604      	mov	r4, r0
10007108:	468e      	mov	lr, r1
1000710a:	460e      	mov	r6, r1
1000710c:	f8b0 c004 	ldrh.w	ip, [r0, #4]
10007110:	ebac 0503 	sub.w	r5, ip, r3
10007114:	b2ad      	uxth	r5, r5
10007116:	eba3 0c0c 	sub.w	ip, r3, ip
1000711a:	4494      	add	ip, r2
1000711c:	6801      	ldr	r1, [r0, #0]
1000711e:	4419      	add	r1, r3
10007120:	4295      	cmp	r5, r2
10007122:	d303      	bcc.n	1000712c <ff_pull_n+0x28>
10007124:	4670      	mov	r0, lr
10007126:	f000 f9a9 	bl	1000747c <memcpy>
1000712a:	bdf8      	pop	{r3, r4, r5, r6, r7, pc}
1000712c:	fa1f f08c 	uxth.w	r0, ip
10007130:	4607      	mov	r7, r0
10007132:	462a      	mov	r2, r5
10007134:	4670      	mov	r0, lr
10007136:	f000 f9a1 	bl	1000747c <memcpy>
1000713a:	463a      	mov	r2, r7
1000713c:	6821      	ldr	r1, [r4, #0]
1000713e:	4630      	mov	r0, r6
10007140:	4428      	add	r0, r5
10007142:	f000 f99b 	bl	1000747c <memcpy>
10007146:	e7f0      	b.n	1000712a <ff_pull_n+0x26>

10007148 <ff_push_n>:
10007148:	b5f8      	push	{r3, r4, r5, r6, r7, lr}
1000714a:	4604      	mov	r4, r0
1000714c:	f8b0 c004 	ldrh.w	ip, [r0, #4]
10007150:	ebac 0503 	sub.w	r5, ip, r3
10007154:	b2ad      	uxth	r5, r5
10007156:	eba3 0c0c 	sub.w	ip, r3, ip
1000715a:	4494      	add	ip, r2
1000715c:	fa1f f08c 	uxth.w	r0, ip
10007160:	4607      	mov	r7, r0
10007162:	6820      	ldr	r0, [r4, #0]
10007164:	4418      	add	r0, r3
10007166:	4295      	cmp	r5, r2
10007168:	d302      	bcc.n	10007170 <ff_push_n+0x28>
1000716a:	f000 f987 	bl	1000747c <memcpy>
1000716e:	bdf8      	pop	{r3, r4, r5, r6, r7, pc}
10007170:	462a      	mov	r2, r5
10007172:	460e      	mov	r6, r1
10007174:	f000 f982 	bl	1000747c <memcpy>
10007178:	463a      	mov	r2, r7
1000717a:	4631      	mov	r1, r6
1000717c:	4429      	add	r1, r5
1000717e:	6820      	ldr	r0, [r4, #0]
10007180:	f000 f97c 	bl	1000747c <memcpy>
10007184:	e7f3      	b.n	1000716e <ff_push_n+0x26>

10007186 <tu_fifo_config>:
10007186:	b5f8      	push	{r3, r4, r5, r6, r7, lr}
10007188:	461f      	mov	r7, r3
1000718a:	f5b2 4f00 	cmp.w	r2, #32768	@ 0x8000
1000718e:	d81e      	bhi.n	100071ce <tu_fifo_config+0x48>
10007190:	4604      	mov	r4, r0
10007192:	460d      	mov	r5, r1
10007194:	4616      	mov	r6, r2
10007196:	68c0      	ldr	r0, [r0, #12]
10007198:	b118      	cbz	r0, 100071a2 <tu_fifo_config+0x1c>
1000719a:	f04f 31ff 	mov.w	r1, #4294967295	@ 0xffffffff
1000719e:	f000 fa13 	bl	100075c8 <__mutex_enter_timeout_ms_veneer>
100071a2:	6920      	ldr	r0, [r4, #16]
100071a4:	b118      	cbz	r0, 100071ae <tu_fifo_config+0x28>
100071a6:	f04f 31ff 	mov.w	r1, #4294967295	@ 0xffffffff
100071aa:	f000 fa0d 	bl	100075c8 <__mutex_enter_timeout_ms_veneer>
100071ae:	6025      	str	r5, [r4, #0]
100071b0:	80a6      	strh	r6, [r4, #4]
100071b2:	71a7      	strb	r7, [r4, #6]
100071b4:	2300      	movs	r3, #0
100071b6:	8163      	strh	r3, [r4, #10]
100071b8:	8123      	strh	r3, [r4, #8]
100071ba:	68e0      	ldr	r0, [r4, #12]
100071bc:	b108      	cbz	r0, 100071c2 <tu_fifo_config+0x3c>
100071be:	f000 fa0b 	bl	100075d8 <__mutex_exit_veneer>
100071c2:	6920      	ldr	r0, [r4, #16]
100071c4:	b128      	cbz	r0, 100071d2 <tu_fifo_config+0x4c>
100071c6:	f000 fa07 	bl	100075d8 <__mutex_exit_veneer>
100071ca:	2001      	movs	r0, #1
100071cc:	bdf8      	pop	{r3, r4, r5, r6, r7, pc}
100071ce:	2000      	movs	r0, #0
100071d0:	e7fc      	b.n	100071cc <tu_fifo_config+0x46>
100071d2:	2001      	movs	r0, #1
100071d4:	e7fa      	b.n	100071cc <tu_fifo_config+0x46>

100071d6 <tu_fifo_clear>:
100071d6:	b510      	push	{r4, lr}
100071d8:	4604      	mov	r4, r0
100071da:	68c0      	ldr	r0, [r0, #12]
100071dc:	b118      	cbz	r0, 100071e6 <tu_fifo_clear+0x10>
100071de:	f04f 31ff 	mov.w	r1, #4294967295	@ 0xffffffff
100071e2:	f000 f9f1 	bl	100075c8 <__mutex_enter_timeout_ms_veneer>
100071e6:	6920      	ldr	r0, [r4, #16]
100071e8:	b118      	cbz	r0, 100071f2 <tu_fifo_clear+0x1c>
100071ea:	f04f 31ff 	mov.w	r1, #4294967295	@ 0xffffffff
100071ee:	f000 f9eb 	bl	100075c8 <__mutex_enter_timeout_ms_veneer>
100071f2:	2300      	movs	r3, #0
100071f4:	8163      	strh	r3, [r4, #10]
100071f6:	8123      	strh	r3, [r4, #8]
100071f8:	68e0      	ldr	r0, [r4, #12]
100071fa:	b108      	cbz	r0, 10007200 <tu_fifo_clear+0x2a>
100071fc:	f000 f9ec 	bl	100075d8 <__mutex_exit_veneer>
10007200:	6920      	ldr	r0, [r4, #16]
10007202:	b108      	cbz	r0, 10007208 <tu_fifo_clear+0x32>
10007204:	f000 f9e8 	bl	100075d8 <__mutex_exit_veneer>
10007208:	bd10      	pop	{r4, pc}

1000720a <tu_fifo_peek_n_access_mode>:
1000720a:	b5f8      	push	{r3, r4, r5, r6, r7, lr}
1000720c:	4605      	mov	r5, r0
1000720e:	460e      	mov	r6, r1
10007210:	4617      	mov	r7, r2
10007212:	4619      	mov	r1, r3
10007214:	f8bd 3018 	ldrh.w	r3, [sp, #24]
10007218:	8882      	ldrh	r2, [r0, #4]
1000721a:	1ac8      	subs	r0, r1, r3
1000721c:	2800      	cmp	r0, #0
1000721e:	db08      	blt.n	10007232 <tu_fifo_peek_n_access_mode+0x28>
10007220:	b284      	uxth	r4, r0
10007222:	b1d4      	cbz	r4, 1000725a <tu_fifo_peek_n_access_mode+0x50>
10007224:	42a2      	cmp	r2, r4
10007226:	d309      	bcc.n	1000723c <tu_fifo_peek_n_access_mode+0x32>
10007228:	42bc      	cmp	r4, r7
1000722a:	d300      	bcc.n	1000722e <tu_fifo_peek_n_access_mode+0x24>
1000722c:	463c      	mov	r4, r7
1000722e:	88aa      	ldrh	r2, [r5, #4]
10007230:	e00c      	b.n	1000724c <tu_fifo_peek_n_access_mode+0x42>
10007232:	1acc      	subs	r4, r1, r3
10007234:	eb04 0442 	add.w	r4, r4, r2, lsl #1
10007238:	b2a4      	uxth	r4, r4
1000723a:	e7f2      	b.n	10007222 <tu_fifo_peek_n_access_mode+0x18>
1000723c:	4628      	mov	r0, r5
1000723e:	f7ff ff56 	bl	100070ee <correct_read_index>
10007242:	4603      	mov	r3, r0
10007244:	88ac      	ldrh	r4, [r5, #4]
10007246:	e7ef      	b.n	10007228 <tu_fifo_peek_n_access_mode+0x1e>
10007248:	1a9b      	subs	r3, r3, r2
1000724a:	b29b      	uxth	r3, r3
1000724c:	429a      	cmp	r2, r3
1000724e:	d9fb      	bls.n	10007248 <tu_fifo_peek_n_access_mode+0x3e>
10007250:	4622      	mov	r2, r4
10007252:	4631      	mov	r1, r6
10007254:	4628      	mov	r0, r5
10007256:	f7ff ff55 	bl	10007104 <ff_pull_n>
1000725a:	4620      	mov	r0, r4
1000725c:	bdf8      	pop	{r3, r4, r5, r6, r7, pc}

1000725e <tu_fifo_read_n_access_mode>:
1000725e:	b5f0      	push	{r4, r5, r6, r7, lr}
10007260:	b083      	sub	sp, #12
10007262:	4604      	mov	r4, r0
10007264:	460d      	mov	r5, r1
10007266:	4616      	mov	r6, r2
10007268:	461f      	mov	r7, r3
1000726a:	6900      	ldr	r0, [r0, #16]
1000726c:	b118      	cbz	r0, 10007276 <tu_fifo_read_n_access_mode+0x18>
1000726e:	f04f 31ff 	mov.w	r1, #4294967295	@ 0xffffffff
10007272:	f000 f9a9 	bl	100075c8 <__mutex_enter_timeout_ms_veneer>
10007276:	8923      	ldrh	r3, [r4, #8]
10007278:	8962      	ldrh	r2, [r4, #10]
1000727a:	b292      	uxth	r2, r2
1000727c:	9701      	str	r7, [sp, #4]
1000727e:	9200      	str	r2, [sp, #0]
10007280:	b29b      	uxth	r3, r3
10007282:	4632      	mov	r2, r6
10007284:	4629      	mov	r1, r5
10007286:	4620      	mov	r0, r4
10007288:	f7ff ffbf 	bl	1000720a <tu_fifo_peek_n_access_mode>
1000728c:	4602      	mov	r2, r0
1000728e:	4605      	mov	r5, r0
10007290:	8961      	ldrh	r1, [r4, #10]
10007292:	b289      	uxth	r1, r1
10007294:	88a0      	ldrh	r0, [r4, #4]
10007296:	f7ff ff1d 	bl	100070d4 <advance_index>
1000729a:	8160      	strh	r0, [r4, #10]
1000729c:	6920      	ldr	r0, [r4, #16]
1000729e:	b108      	cbz	r0, 100072a4 <tu_fifo_read_n_access_mode+0x46>
100072a0:	f000 f99a 	bl	100075d8 <__mutex_exit_veneer>
100072a4:	4628      	mov	r0, r5
100072a6:	b003      	add	sp, #12
100072a8:	bdf0      	pop	{r4, r5, r6, r7, pc}

100072aa <tu_fifo_write_n_access_mode>:
100072aa:	e92d 43f8 	stmdb	sp!, {r3, r4, r5, r6, r7, r8, r9, lr}
100072ae:	4616      	mov	r6, r2
100072b0:	2a00      	cmp	r2, #0
100072b2:	d069      	beq.n	10007388 <tu_fifo_write_n_access_mode+0xde>
100072b4:	4604      	mov	r4, r0
100072b6:	4688      	mov	r8, r1
100072b8:	4699      	mov	r9, r3
100072ba:	68c0      	ldr	r0, [r0, #12]
100072bc:	b118      	cbz	r0, 100072c6 <tu_fifo_write_n_access_mode+0x1c>
100072be:	f04f 31ff 	mov.w	r1, #4294967295	@ 0xffffffff
100072c2:	f000 f981 	bl	100075c8 <__mutex_enter_timeout_ms_veneer>
100072c6:	8923      	ldrh	r3, [r4, #8]
100072c8:	b29a      	uxth	r2, r3
100072ca:	4617      	mov	r7, r2
100072cc:	f8b4 c00a 	ldrh.w	ip, [r4, #10]
100072d0:	fa1f f18c 	uxth.w	r1, ip
100072d4:	79a3      	ldrb	r3, [r4, #6]
100072d6:	b9db      	cbnz	r3, 10007310 <tu_fifo_write_n_access_mode+0x66>
100072d8:	88a5      	ldrh	r5, [r4, #4]
100072da:	1a53      	subs	r3, r2, r1
100072dc:	2b00      	cmp	r3, #0
100072de:	db10      	blt.n	10007302 <tu_fifo_write_n_access_mode+0x58>
100072e0:	fa1f fc83 	uxth.w	ip, r3
100072e4:	4565      	cmp	r5, ip
100072e6:	d94d      	bls.n	10007384 <tu_fifo_write_n_access_mode+0xda>
100072e8:	eba5 050c 	sub.w	r5, r5, ip
100072ec:	b2ad      	uxth	r5, r5
100072ee:	4633      	mov	r3, r6
100072f0:	42ae      	cmp	r6, r5
100072f2:	bf28      	it	cs
100072f4:	462b      	movcs	r3, r5
100072f6:	461d      	mov	r5, r3
100072f8:	2d00      	cmp	r5, #0
100072fa:	d03c      	beq.n	10007376 <tu_fifo_write_n_access_mode+0xcc>
100072fc:	88a2      	ldrh	r2, [r4, #4]
100072fe:	463b      	mov	r3, r7
10007300:	e02c      	b.n	1000735c <tu_fifo_write_n_access_mode+0xb2>
10007302:	eba2 0c01 	sub.w	ip, r2, r1
10007306:	eb0c 0c45 	add.w	ip, ip, r5, lsl #1
1000730a:	fa1f fc8c 	uxth.w	ip, ip
1000730e:	e7e9      	b.n	100072e4 <tu_fifo_write_n_access_mode+0x3a>
10007310:	88a5      	ldrh	r5, [r4, #4]
10007312:	42b5      	cmp	r5, r6
10007314:	d809      	bhi.n	1000732a <tu_fifo_write_n_access_mode+0x80>
10007316:	464b      	mov	r3, r9
10007318:	b10b      	cbz	r3, 1000731e <tu_fifo_write_n_access_mode+0x74>
1000731a:	460f      	mov	r7, r1
1000731c:	e7ec      	b.n	100072f8 <tu_fifo_write_n_access_mode+0x4e>
1000731e:	1b73      	subs	r3, r6, r5
10007320:	4642      	mov	r2, r8
10007322:	441a      	add	r2, r3
10007324:	4690      	mov	r8, r2
10007326:	460f      	mov	r7, r1
10007328:	e7e6      	b.n	100072f8 <tu_fifo_write_n_access_mode+0x4e>
1000732a:	1a53      	subs	r3, r2, r1
1000732c:	2b00      	cmp	r3, #0
1000732e:	db0c      	blt.n	1000734a <tu_fifo_write_n_access_mode+0xa0>
10007330:	b29b      	uxth	r3, r3
10007332:	4433      	add	r3, r6
10007334:	ebb3 0f45 	cmp.w	r3, r5, lsl #1
10007338:	db0c      	blt.n	10007354 <tu_fifo_write_n_access_mode+0xaa>
1000733a:	1baa      	subs	r2, r5, r6
1000733c:	b292      	uxth	r2, r2
1000733e:	4628      	mov	r0, r5
10007340:	f7ff fec8 	bl	100070d4 <advance_index>
10007344:	4607      	mov	r7, r0
10007346:	4635      	mov	r5, r6
10007348:	e7d6      	b.n	100072f8 <tu_fifo_write_n_access_mode+0x4e>
1000734a:	1a53      	subs	r3, r2, r1
1000734c:	eb03 0345 	add.w	r3, r3, r5, lsl #1
10007350:	b29b      	uxth	r3, r3
10007352:	e7ee      	b.n	10007332 <tu_fifo_write_n_access_mode+0x88>
10007354:	4635      	mov	r5, r6
10007356:	e7cf      	b.n	100072f8 <tu_fifo_write_n_access_mode+0x4e>
10007358:	1a9b      	subs	r3, r3, r2
1000735a:	b29b      	uxth	r3, r3
1000735c:	429a      	cmp	r2, r3
1000735e:	d9fb      	bls.n	10007358 <tu_fifo_write_n_access_mode+0xae>
10007360:	462a      	mov	r2, r5
10007362:	4641      	mov	r1, r8
10007364:	4620      	mov	r0, r4
10007366:	f7ff feef 	bl	10007148 <ff_push_n>
1000736a:	462a      	mov	r2, r5
1000736c:	4639      	mov	r1, r7
1000736e:	88a0      	ldrh	r0, [r4, #4]
10007370:	f7ff feb0 	bl	100070d4 <advance_index>
10007374:	8120      	strh	r0, [r4, #8]
10007376:	68e0      	ldr	r0, [r4, #12]
10007378:	b108      	cbz	r0, 1000737e <tu_fifo_write_n_access_mode+0xd4>
1000737a:	f000 f92d 	bl	100075d8 <__mutex_exit_veneer>
1000737e:	4628      	mov	r0, r5
10007380:	e8bd 83f8 	ldmia.w	sp!, {r3, r4, r5, r6, r7, r8, r9, pc}
10007384:	2500      	movs	r5, #0
10007386:	e7f6      	b.n	10007376 <tu_fifo_write_n_access_mode+0xcc>
10007388:	4615      	mov	r5, r2
1000738a:	e7f8      	b.n	1000737e <tu_fifo_write_n_access_mode+0xd4>

1000738c <board_init>:
1000738c:	b508      	push	{r3, lr}
1000738e:	2001      	movs	r0, #1
10007390:	f7fa ffb6 	bl	10002300 <gpio_init>
10007394:	2301      	movs	r3, #1
10007396:	f04f 0201 	mov.w	r2, #1
1000739a:	ec42 3044 	gpioc_bit_oe_put r3, r2
1000739e:	bd08      	pop	{r3, pc}

100073a0 <_retrieve_unique_id_on_boot>:
100073a0:	b500      	push	{lr}
100073a2:	b08b      	sub	sp, #44	@ 0x2c
100073a4:	f245 3047 	movw	r0, #21319	@ 0x5347
100073a8:	f7fa f81c 	bl	100013e4 <rom_func_lookup>
100073ac:	4603      	mov	r3, r0
100073ae:	2201      	movs	r2, #1
100073b0:	2109      	movs	r1, #9
100073b2:	a801      	add	r0, sp, #4
100073b4:	4798      	blx	r3
100073b6:	2804      	cmp	r0, #4
100073b8:	d101      	bne.n	100073be <_retrieve_unique_id_on_boot+0x1e>
100073ba:	2300      	movs	r3, #0
100073bc:	e00e      	b.n	100073dc <_retrieve_unique_id_on_boot+0x3c>
100073be:	4b09      	ldr	r3, [pc, #36]	@ (100073e4 <_retrieve_unique_id_on_boot+0x44>)
100073c0:	4a09      	ldr	r2, [pc, #36]	@ (100073e8 <_retrieve_unique_id_on_boot+0x48>)
100073c2:	212f      	movs	r1, #47	@ 0x2f
100073c4:	4809      	ldr	r0, [pc, #36]	@ (100073ec <_retrieve_unique_id_on_boot+0x4c>)
100073c6:	f7fd f819 	bl	100043fc <__assert_func>
100073ca:	f1c3 020f 	rsb	r2, r3, #15
100073ce:	3228      	adds	r2, #40	@ 0x28
100073d0:	446a      	add	r2, sp
100073d2:	f812 1c24 	ldrb.w	r1, [r2, #-36]
100073d6:	4a06      	ldr	r2, [pc, #24]	@ (100073f0 <_retrieve_unique_id_on_boot+0x50>)
100073d8:	54d1      	strb	r1, [r2, r3]
100073da:	3301      	adds	r3, #1
100073dc:	2b07      	cmp	r3, #7
100073de:	ddf4      	ble.n	100073ca <_retrieve_unique_id_on_boot+0x2a>
100073e0:	b00b      	add	sp, #44	@ 0x2c
100073e2:	bd00      	pop	{pc}
100073e4:	100080a4 	.word	0x100080a4
100073e8:	10008704 	.word	0x10008704
100073ec:	100080ac 	.word	0x100080ac
100073f0:	2001ba9c 	.word	0x2001ba9c

100073f4 <memset>:
100073f4:	b530      	push	{r4, r5, lr}
100073f6:	0784      	lsls	r4, r0, #30
100073f8:	4686      	mov	lr, r0
100073fa:	4603      	mov	r3, r0
100073fc:	d006      	beq.n	1000740c <memset+0x18>
100073fe:	b3a2      	cbz	r2, 1000746a <memset+0x76>
10007400:	f803 1b01 	strb.w	r1, [r3], #1
10007404:	0798      	lsls	r0, r3, #30
10007406:	f102 32ff 	add.w	r2, r2, #4294967295	@ 0xffffffff
1000740a:	d1f8      	bne.n	100073fe <memset+0xa>
1000740c:	2a03      	cmp	r2, #3
1000740e:	d926      	bls.n	1000745e <memset+0x6a>
10007410:	fa5f fc81 	uxtb.w	ip, r1
10007414:	2a0f      	cmp	r2, #15
10007416:	eb0c 2c0c 	add.w	ip, ip, ip, lsl #8
1000741a:	eb0c 400c 	add.w	r0, ip, ip, lsl #16
1000741e:	d92a      	bls.n	10007476 <memset+0x82>
10007420:	f022 0c0f 	bic.w	ip, r2, #15
10007424:	449c      	add	ip, r3
10007426:	e9c3 0000 	strd	r0, r0, [r3]
1000742a:	e9c3 0002 	strd	r0, r0, [r3, #8]
1000742e:	3310      	adds	r3, #16
10007430:	4563      	cmp	r3, ip
10007432:	d1f8      	bne.n	10007426 <memset+0x32>
10007434:	f012 0f0c 	tst.w	r2, #12
10007438:	f002 050f 	and.w	r5, r2, #15
1000743c:	d017      	beq.n	1000746e <memset+0x7a>
1000743e:	ea4f 0c95 	mov.w	ip, r5, lsr #2
10007442:	461a      	mov	r2, r3
10007444:	f10c 34ff 	add.w	r4, ip, #4294967295	@ 0xffffffff
10007448:	eb03 0c8c 	add.w	ip, r3, ip, lsl #2
1000744c:	f842 0b04 	str.w	r0, [r2], #4
10007450:	4562      	cmp	r2, ip
10007452:	d1fb      	bne.n	1000744c <memset+0x58>
10007454:	3304      	adds	r3, #4
10007456:	f005 0203 	and.w	r2, r5, #3
1000745a:	eb03 0384 	add.w	r3, r3, r4, lsl #2
1000745e:	b122      	cbz	r2, 1000746a <memset+0x76>
10007460:	441a      	add	r2, r3
10007462:	f803 1b01 	strb.w	r1, [r3], #1
10007466:	429a      	cmp	r2, r3
10007468:	d1fb      	bne.n	10007462 <memset+0x6e>
1000746a:	4670      	mov	r0, lr
1000746c:	bd30      	pop	{r4, r5, pc}
1000746e:	462a      	mov	r2, r5
10007470:	2a00      	cmp	r2, #0
10007472:	d1f5      	bne.n	10007460 <memset+0x6c>
10007474:	e7f9      	b.n	1000746a <memset+0x76>
10007476:	4615      	mov	r5, r2
10007478:	e7e1      	b.n	1000743e <memset+0x4a>
1000747a:	bf00      	nop

1000747c <memcpy>:
1000747c:	4684      	mov	ip, r0
1000747e:	ea41 0300 	orr.w	r3, r1, r0
10007482:	f013 0303 	ands.w	r3, r3, #3
10007486:	d149      	bne.n	1000751c <memcpy+0xa0>
10007488:	3a40      	subs	r2, #64	@ 0x40
1000748a:	d323      	bcc.n	100074d4 <memcpy+0x58>
1000748c:	680b      	ldr	r3, [r1, #0]
1000748e:	6003      	str	r3, [r0, #0]
10007490:	684b      	ldr	r3, [r1, #4]
10007492:	6043      	str	r3, [r0, #4]
10007494:	688b      	ldr	r3, [r1, #8]
10007496:	6083      	str	r3, [r0, #8]
10007498:	68cb      	ldr	r3, [r1, #12]
1000749a:	60c3      	str	r3, [r0, #12]
1000749c:	690b      	ldr	r3, [r1, #16]
1000749e:	6103      	str	r3, [r0, #16]
100074a0:	694b      	ldr	r3, [r1, #20]
100074a2:	6143      	str	r3, [r0, #20]
100074a4:	698b      	ldr	r3, [r1, #24]
100074a6:	6183      	str	r3, [r0, #24]
100074a8:	69cb      	ldr	r3, [r1, #28]
100074aa:	61c3      	str	r3, [r0, #28]
100074ac:	6a0b      	ldr	r3, [r1, #32]
100074ae:	6203      	str	r3, [r0, #32]
100074b0:	6a4b      	ldr	r3, [r1, #36]	@ 0x24
100074b2:	6243      	str	r3, [r0, #36]	@ 0x24
100074b4:	6a8b      	ldr	r3, [r1, #40]	@ 0x28
100074b6:	6283      	str	r3, [r0, #40]	@ 0x28
100074b8:	6acb      	ldr	r3, [r1, #44]	@ 0x2c
100074ba:	62c3      	str	r3, [r0, #44]	@ 0x2c
100074bc:	6b0b      	ldr	r3, [r1, #48]	@ 0x30
100074be:	6303      	str	r3, [r0, #48]	@ 0x30
100074c0:	6b4b      	ldr	r3, [r1, #52]	@ 0x34
100074c2:	6343      	str	r3, [r0, #52]	@ 0x34
100074c4:	6b8b      	ldr	r3, [r1, #56]	@ 0x38
100074c6:	6383      	str	r3, [r0, #56]	@ 0x38
100074c8:	6bcb      	ldr	r3, [r1, #60]	@ 0x3c
100074ca:	63c3      	str	r3, [r0, #60]	@ 0x3c
100074cc:	3040      	adds	r0, #64	@ 0x40
100074ce:	3140      	adds	r1, #64	@ 0x40
100074d0:	3a40      	subs	r2, #64	@ 0x40
100074d2:	d2db      	bcs.n	1000748c <memcpy+0x10>
100074d4:	3230      	adds	r2, #48	@ 0x30
100074d6:	d30b      	bcc.n	100074f0 <memcpy+0x74>
100074d8:	680b      	ldr	r3, [r1, #0]
100074da:	6003      	str	r3, [r0, #0]
100074dc:	684b      	ldr	r3, [r1, #4]
100074de:	6043      	str	r3, [r0, #4]
100074e0:	688b      	ldr	r3, [r1, #8]
100074e2:	6083      	str	r3, [r0, #8]
100074e4:	68cb      	ldr	r3, [r1, #12]
100074e6:	60c3      	str	r3, [r0, #12]
100074e8:	3010      	adds	r0, #16
100074ea:	3110      	adds	r1, #16
100074ec:	3a10      	subs	r2, #16
100074ee:	d2f3      	bcs.n	100074d8 <memcpy+0x5c>
100074f0:	320c      	adds	r2, #12
100074f2:	d305      	bcc.n	10007500 <memcpy+0x84>
100074f4:	f851 3b04 	ldr.w	r3, [r1], #4
100074f8:	f840 3b04 	str.w	r3, [r0], #4
100074fc:	3a04      	subs	r2, #4
100074fe:	d2f9      	bcs.n	100074f4 <memcpy+0x78>
10007500:	3204      	adds	r2, #4
10007502:	d008      	beq.n	10007516 <memcpy+0x9a>
10007504:	07d2      	lsls	r2, r2, #31
10007506:	bf1c      	itt	ne
10007508:	f811 3b01 	ldrbne.w	r3, [r1], #1
1000750c:	f800 3b01 	strbne.w	r3, [r0], #1
10007510:	d301      	bcc.n	10007516 <memcpy+0x9a>
10007512:	880b      	ldrh	r3, [r1, #0]
10007514:	8003      	strh	r3, [r0, #0]
10007516:	4660      	mov	r0, ip
10007518:	4770      	bx	lr
1000751a:	bf00      	nop
1000751c:	2a08      	cmp	r2, #8
1000751e:	d313      	bcc.n	10007548 <memcpy+0xcc>
10007520:	078b      	lsls	r3, r1, #30
10007522:	d0b1      	beq.n	10007488 <memcpy+0xc>
10007524:	f010 0303 	ands.w	r3, r0, #3
10007528:	d0ae      	beq.n	10007488 <memcpy+0xc>
1000752a:	f1c3 0304 	rsb	r3, r3, #4
1000752e:	1ad2      	subs	r2, r2, r3
10007530:	07db      	lsls	r3, r3, #31
10007532:	bf1c      	itt	ne
10007534:	f811 3b01 	ldrbne.w	r3, [r1], #1
10007538:	f800 3b01 	strbne.w	r3, [r0], #1
1000753c:	d3a4      	bcc.n	10007488 <memcpy+0xc>
1000753e:	f831 3b02 	ldrh.w	r3, [r1], #2
10007542:	f820 3b02 	strh.w	r3, [r0], #2
10007546:	e79f      	b.n	10007488 <memcpy+0xc>
10007548:	3a04      	subs	r2, #4
1000754a:	d3d9      	bcc.n	10007500 <memcpy+0x84>
1000754c:	3a01      	subs	r2, #1
1000754e:	f811 3b01 	ldrb.w	r3, [r1], #1
10007552:	f800 3b01 	strb.w	r3, [r0], #1
10007556:	d2f9      	bcs.n	1000754c <memcpy+0xd0>
10007558:	780b      	ldrb	r3, [r1, #0]
1000755a:	7003      	strb	r3, [r0, #0]
1000755c:	784b      	ldrb	r3, [r1, #1]
1000755e:	7043      	strb	r3, [r0, #1]
10007560:	788b      	ldrb	r3, [r1, #2]
10007562:	7083      	strb	r3, [r0, #2]
10007564:	4660      	mov	r0, ip
10007566:	4770      	bx	lr

10007568 <strlen>:
10007568:	f020 0103 	bic.w	r1, r0, #3
1000756c:	f010 0003 	ands.w	r0, r0, #3
10007570:	f1c0 0000 	rsb	r0, r0, #0
10007574:	f851 3b04 	ldr.w	r3, [r1], #4
10007578:	f100 0c04 	add.w	ip, r0, #4
1000757c:	ea4f 0ccc 	mov.w	ip, ip, lsl #3
10007580:	f06f 0200 	mvn.w	r2, #0
10007584:	bf1c      	itt	ne
10007586:	fa22 f20c 	lsrne.w	r2, r2, ip
1000758a:	4313      	orrne	r3, r2
1000758c:	f04f 0c01 	mov.w	ip, #1
10007590:	ea4c 2c0c 	orr.w	ip, ip, ip, lsl #8
10007594:	ea4c 4c0c 	orr.w	ip, ip, ip, lsl #16
10007598:	eba3 020c 	sub.w	r2, r3, ip
1000759c:	ea22 0203 	bic.w	r2, r2, r3
100075a0:	ea12 12cc 	ands.w	r2, r2, ip, lsl #7
100075a4:	bf04      	itt	eq
100075a6:	f851 3b04 	ldreq.w	r3, [r1], #4
100075aa:	3004      	addeq	r0, #4
100075ac:	d0f4      	beq.n	10007598 <strlen+0x30>
100075ae:	f1c2 0100 	rsb	r1, r2, #0
100075b2:	ea02 0201 	and.w	r2, r2, r1
100075b6:	fab2 f282 	clz	r2, r2
100075ba:	f1c2 021f 	rsb	r2, r2, #31
100075be:	eb00 00d2 	add.w	r0, r0, r2, lsr #3
100075c2:	4770      	bx	lr

100075c4 <_fini>:
100075c4:	b5f8      	push	{r3, r4, r5, r6, r7, lr}
100075c6:	bf00      	nop

100075c8 <__mutex_enter_timeout_ms_veneer>:
100075c8:	f85f f000 	ldr.w	pc, [pc]	@ 100075cc <__mutex_enter_timeout_ms_veneer+0x4>
100075cc:	20000223 	.word	0x20000223

100075d0 <____aeabi_uldivmod_veneer>:
100075d0:	f85f f000 	ldr.w	pc, [pc]	@ 100075d4 <____aeabi_uldivmod_veneer+0x4>
100075d4:	2000062d 	.word	0x2000062d

100075d8 <__mutex_exit_veneer>:
100075d8:	f85f f000 	ldr.w	pc, [pc]	@ 100075dc <__mutex_exit_veneer+0x4>
100075dc:	20000275 	.word	0x20000275

100075e0 <__dcd_event_handler_veneer>:
100075e0:	f85f f000 	ldr.w	pc, [pc]	@ 100075e4 <__dcd_event_handler_veneer+0x4>
100075e4:	20000325 	.word	0x20000325

100075e8 <__mutex_try_enter_block_until_veneer>:
100075e8:	f85f f000 	ldr.w	pc, [pc]	@ 100075ec <__mutex_try_enter_block_until_veneer+0x4>
100075ec:	200001f1 	.word	0x200001f1

100075f0 <__spi_write_blocking_veneer>:
100075f0:	f85f f000 	ldr.w	pc, [pc]	@ 100075f4 <__spi_write_blocking_veneer+0x4>
100075f4:	200002cd 	.word	0x200002cd

100075f8 <__pre_init_runtime_init_bootrom_reset>:
100075f8:	10002e31                                1...

100075fc <__pre_init_runtime_init_early_resets>:
100075fc:	10002da9                                .-..

10007600 <__pre_init_runtime_init_usb_power_down>:
10007600:	10002dd5                                .-..

10007604 <__pre_init_runtime_init_clocks>:
10007604:	10002ecd                                ....

10007608 <__pre_init_runtime_init_post_clock_resets>:
10007608:	10002e11                                ....

1000760c <__pre_init_runtime_init_boot_locks_reset>:
1000760c:	10001439                                9...

10007610 <__pre_init_runtime_init_spin_locks_reset>:
10007610:	10002e55                                U...

10007614 <__pre_init_runtime_init_bootrom_locking_enable>:
10007614:	10001405                                ....

10007618 <__pre_init_runtime_init_mutex>:
10007618:	10002229                                )"..

1000761c <__pre_init_runtime_init_install_ram_vector_table>:
1000761c:	10002e5d                                ]...

10007620 <__pre_init_runtime_init_default_alarm_pool>:
10007620:	10001c45                                E...

10007624 <__pre_init_first_per_core_initializer>:
10007624:	10002d85                                .-..

10007628 <__pre_init_runtime_init_per_core_bootrom_reset>:
10007628:	10002e43                                C...

1000762c <__pre_init_runtime_init_per_core_enable_coprocessors>:
1000762c:	10002df5                                .-..

10007630 <__pre_init_spinlock_set_extexclall>:
10007630:	100013b9                                ....

10007634 <__pre_init_runtime_init_per_core_irq_priorities>:
10007634:	10001d55                                U...

10007638 <__init_array_start>:
10007638:	100073a1 	.word	0x100073a1

1000763c <__frame_dummy_init_array_entry>:
1000763c:	10000211 100002cd                       ........

Disassembly of section .data:

20000110 <mutex_try_enter>:
20000110:	b500      	push	{lr}
20000112:	4603      	mov	r3, r0
20000114:	6800      	ldr	r0, [r0, #0]
20000116:	f3ef 8210 	mrs	r2, PRIMASK
2000011a:	b672      	cpsid	i
2000011c:	e8d0 efcf 	ldaexb	lr, [r0]
20000120:	f05f 0c01 	movs.w	ip, #1
20000124:	f1be 0f00 	cmp.w	lr, #0
20000128:	d1f8      	bne.n	2000011c <mutex_try_enter+0xc>
2000012a:	e8c0 cf4e 	strexb	lr, ip, [r0]
2000012e:	f1be 0f00 	cmp.w	lr, #0
20000132:	d1f3      	bne.n	2000011c <mutex_try_enter+0xc>
20000134:	f3bf 8f5f 	dmb	sy
20000138:	f993 0004 	ldrsb.w	r0, [r3, #4]
2000013c:	2800      	cmp	r0, #0
2000013e:	db09      	blt.n	20000154 <mutex_try_enter+0x44>
20000140:	b179      	cbz	r1, 20000162 <mutex_try_enter+0x52>
20000142:	6008      	str	r0, [r1, #0]
20000144:	2000      	movs	r0, #0
20000146:	6819      	ldr	r1, [r3, #0]
20000148:	2300      	movs	r3, #0
2000014a:	e8c1 3f8f 	stlb	r3, [r1]
2000014e:	f382 8810 	msr	PRIMASK, r2
20000152:	bd00      	pop	{pc}
20000154:	f04f 4150 	mov.w	r1, #3489660928	@ 0xd0000000
20000158:	f991 1000 	ldrsb.w	r1, [r1]
2000015c:	7119      	strb	r1, [r3, #4]
2000015e:	2001      	movs	r0, #1
20000160:	e7f1      	b.n	20000146 <mutex_try_enter+0x36>
20000162:	4608      	mov	r0, r1
20000164:	e7ef      	b.n	20000146 <mutex_try_enter+0x36>
	...

20000168 <mutex_enter_block_until>:
20000168:	b5f8      	push	{r3, r4, r5, r6, r7, lr}
2000016a:	461e      	mov	r6, r3
2000016c:	6803      	ldr	r3, [r0, #0]
2000016e:	2b00      	cmp	r3, #0
20000170:	d028      	beq.n	200001c4 <mutex_enter_block_until+0x5c>
20000172:	4604      	mov	r4, r0
20000174:	4615      	mov	r5, r2
20000176:	f04f 4350 	mov.w	r3, #3489660928	@ 0xd0000000
2000017a:	f993 3000 	ldrsb.w	r3, [r3]
2000017e:	461f      	mov	r7, r3
20000180:	6821      	ldr	r1, [r4, #0]
20000182:	f3ef 8c10 	mrs	ip, PRIMASK
20000186:	b672      	cpsid	i
20000188:	e8d1 2fcf 	ldaexb	r2, [r1]
2000018c:	2301      	movs	r3, #1
2000018e:	2a00      	cmp	r2, #0
20000190:	d1fa      	bne.n	20000188 <mutex_enter_block_until+0x20>
20000192:	e8c1 3f42 	strexb	r2, r3, [r1]
20000196:	2a00      	cmp	r2, #0
20000198:	d1f6      	bne.n	20000188 <mutex_enter_block_until+0x20>
2000019a:	f3bf 8f5f 	dmb	sy
2000019e:	f994 e004 	ldrsb.w	lr, [r4, #4]
200001a2:	f1be 0f00 	cmp.w	lr, #0
200001a6:	db13      	blt.n	200001d0 <mutex_enter_block_until+0x68>
200001a8:	6822      	ldr	r2, [r4, #0]
200001aa:	2300      	movs	r3, #0
200001ac:	e8c2 3f8f 	stlb	r3, [r2]
200001b0:	f38c 8810 	msr	PRIMASK, ip
200001b4:	4628      	mov	r0, r5
200001b6:	4631      	mov	r1, r6
200001b8:	f000 fbf2 	bl	200009a0 <__best_effort_wfe_or_timeout_veneer>
200001bc:	2800      	cmp	r0, #0
200001be:	d0df      	beq.n	20000180 <mutex_enter_block_until+0x18>
200001c0:	2000      	movs	r0, #0
200001c2:	e00d      	b.n	200001e0 <mutex_enter_block_until+0x78>
200001c4:	4b07      	ldr	r3, [pc, #28]	@ (200001e4 <mutex_enter_block_until+0x7c>)
200001c6:	4a08      	ldr	r2, [pc, #32]	@ (200001e8 <mutex_enter_block_until+0x80>)
200001c8:	21a6      	movs	r1, #166	@ 0xa6
200001ca:	4808      	ldr	r0, [pc, #32]	@ (200001ec <mutex_enter_block_until+0x84>)
200001cc:	f000 fbec 	bl	200009a8 <____assert_func_veneer>
200001d0:	7127      	strb	r7, [r4, #4]
200001d2:	6822      	ldr	r2, [r4, #0]
200001d4:	2300      	movs	r3, #0
200001d6:	e8c2 3f8f 	stlb	r3, [r2]
200001da:	f38c 8810 	msr	PRIMASK, ip
200001de:	2001      	movs	r0, #1
200001e0:	bdf8      	pop	{r3, r4, r5, r6, r7, pc}
200001e2:	bf00      	nop
200001e4:	10007b5c 	.word	0x10007b5c
200001e8:	100083d0 	.word	0x100083d0
200001ec:	10007b10 	.word	0x10007b10

200001f0 <mutex_try_enter_block_until>:
200001f0:	b570      	push	{r4, r5, r6, lr}
200001f2:	b082      	sub	sp, #8
200001f4:	4606      	mov	r6, r0
200001f6:	4615      	mov	r5, r2
200001f8:	461c      	mov	r4, r3
200001fa:	a901      	add	r1, sp, #4
200001fc:	f7ff ff88 	bl	20000110 <mutex_try_enter>
20000200:	b938      	cbnz	r0, 20000212 <mutex_try_enter_block_until+0x22>
20000202:	f99d 2004 	ldrsb.w	r2, [sp, #4]
20000206:	f04f 4350 	mov.w	r3, #3489660928	@ 0xd0000000
2000020a:	f993 3000 	ldrsb.w	r3, [r3]
2000020e:	429a      	cmp	r2, r3
20000210:	d101      	bne.n	20000216 <mutex_try_enter_block_until+0x26>
20000212:	b002      	add	sp, #8
20000214:	bd70      	pop	{r4, r5, r6, pc}
20000216:	462a      	mov	r2, r5
20000218:	4623      	mov	r3, r4
2000021a:	4630      	mov	r0, r6
2000021c:	f7ff ffa4 	bl	20000168 <mutex_enter_block_until>
20000220:	e7f7      	b.n	20000212 <mutex_try_enter_block_until+0x22>

20000222 <mutex_enter_timeout_ms>:
20000222:	b538      	push	{r3, r4, r5, lr}
20000224:	4605      	mov	r5, r0
20000226:	460c      	mov	r4, r1
20000228:	f000 fbca 	bl	200009c0 <__time_us_64_veneer>
2000022c:	0ee3      	lsrs	r3, r4, #27
2000022e:	ea4f 1c44 	mov.w	ip, r4, lsl #5
20000232:	ebbc 0c04 	subs.w	ip, ip, r4
20000236:	f163 0300 	sbc.w	r3, r3, #0
2000023a:	009b      	lsls	r3, r3, #2
2000023c:	ea43 739c 	orr.w	r3, r3, ip, lsr #30
20000240:	ea4f 0c8c 	mov.w	ip, ip, lsl #2
20000244:	eb1c 0c04 	adds.w	ip, ip, r4
20000248:	f143 0300 	adc.w	r3, r3, #0
2000024c:	00db      	lsls	r3, r3, #3
2000024e:	ea43 735c 	orr.w	r3, r3, ip, lsr #29
20000252:	ea4f 0ccc 	mov.w	ip, ip, lsl #3
20000256:	eb10 020c 	adds.w	r2, r0, ip
2000025a:	eb43 0301 	adc.w	r3, r3, r1
2000025e:	2b00      	cmp	r3, #0
20000260:	db03      	blt.n	2000026a <mutex_enter_timeout_ms+0x48>
20000262:	4628      	mov	r0, r5
20000264:	f7ff ff80 	bl	20000168 <mutex_enter_block_until>
20000268:	bd38      	pop	{r3, r4, r5, pc}
2000026a:	f04f 32ff 	mov.w	r2, #4294967295	@ 0xffffffff
2000026e:	f06f 4300 	mvn.w	r3, #2147483648	@ 0x80000000
20000272:	e7f6      	b.n	20000262 <mutex_enter_timeout_ms+0x40>

20000274 <mutex_exit>:
20000274:	b508      	push	{r3, lr}
20000276:	6802      	ldr	r2, [r0, #0]
20000278:	f3ef 8310 	mrs	r3, PRIMASK
2000027c:	b672      	cpsid	i
2000027e:	e8d2 cfcf 	ldaexb	ip, [r2]
20000282:	2101      	movs	r1, #1
20000284:	f1bc 0f00 	cmp.w	ip, #0
20000288:	d1f9      	bne.n	2000027e <mutex_exit+0xa>
2000028a:	e8c2 1f4c 	strexb	ip, r1, [r2]
2000028e:	f1bc 0f00 	cmp.w	ip, #0
20000292:	d1f4      	bne.n	2000027e <mutex_exit+0xa>
20000294:	f3bf 8f5f 	dmb	sy
20000298:	f990 2004 	ldrsb.w	r2, [r0, #4]
2000029c:	2a00      	cmp	r2, #0
2000029e:	db09      	blt.n	200002b4 <mutex_exit+0x40>
200002a0:	22ff      	movs	r2, #255	@ 0xff
200002a2:	7102      	strb	r2, [r0, #4]
200002a4:	6801      	ldr	r1, [r0, #0]
200002a6:	2200      	movs	r2, #0
200002a8:	e8c1 2f8f 	stlb	r2, [r1]
200002ac:	f383 8810 	msr	PRIMASK, r3
200002b0:	bf40      	sev
200002b2:	bd08      	pop	{r3, pc}
200002b4:	4b02      	ldr	r3, [pc, #8]	@ (200002c0 <mutex_exit+0x4c>)
200002b6:	4a03      	ldr	r2, [pc, #12]	@ (200002c4 <mutex_exit+0x50>)
200002b8:	21d5      	movs	r1, #213	@ 0xd5
200002ba:	4803      	ldr	r0, [pc, #12]	@ (200002c8 <mutex_exit+0x54>)
200002bc:	f000 fb74 	bl	200009a8 <____assert_func_veneer>
200002c0:	10007b70 	.word	0x10007b70
200002c4:	100083c4 	.word	0x100083c4
200002c8:	10007b10 	.word	0x10007b10

200002cc <spi_write_blocking>:
200002cc:	b500      	push	{lr}
200002ce:	4684      	mov	ip, r0
200002d0:	4610      	mov	r0, r2
200002d2:	f04f 0e00 	mov.w	lr, #0
200002d6:	e00a      	b.n	200002ee <spi_write_blocking+0x22>
200002d8:	f8dc 300c 	ldr.w	r3, [ip, #12]
200002dc:	f013 0f02 	tst.w	r3, #2
200002e0:	d0fa      	beq.n	200002d8 <spi_write_blocking+0xc>
200002e2:	f811 300e 	ldrb.w	r3, [r1, lr]
200002e6:	f8cc 3008 	str.w	r3, [ip, #8]
200002ea:	f10e 0e01 	add.w	lr, lr, #1
200002ee:	4586      	cmp	lr, r0
200002f0:	d3f2      	bcc.n	200002d8 <spi_write_blocking+0xc>
200002f2:	e001      	b.n	200002f8 <spi_write_blocking+0x2c>
200002f4:	f8dc 3008 	ldr.w	r3, [ip, #8]
200002f8:	f8dc 300c 	ldr.w	r3, [ip, #12]
200002fc:	f013 0f04 	tst.w	r3, #4
20000300:	d1f8      	bne.n	200002f4 <spi_write_blocking+0x28>
20000302:	f8dc 300c 	ldr.w	r3, [ip, #12]
20000306:	f013 0f10 	tst.w	r3, #16
2000030a:	d1fa      	bne.n	20000302 <spi_write_blocking+0x36>
2000030c:	e001      	b.n	20000312 <spi_write_blocking+0x46>
2000030e:	f8dc 3008 	ldr.w	r3, [ip, #8]
20000312:	f8dc 300c 	ldr.w	r3, [ip, #12]
20000316:	f013 0f04 	tst.w	r3, #4
2000031a:	d1f8      	bne.n	2000030e <spi_write_blocking+0x42>
2000031c:	2301      	movs	r3, #1
2000031e:	f8cc 3020 	str.w	r3, [ip, #32]
20000322:	bd00      	pop	{pc}

20000324 <dcd_event_handler>:
20000324:	e92d 41f0 	stmdb	sp!, {r4, r5, r6, r7, r8, lr}
20000328:	b084      	sub	sp, #16
2000032a:	4605      	mov	r5, r0
2000032c:	4688      	mov	r8, r1
2000032e:	7843      	ldrb	r3, [r0, #1]
20000330:	2b05      	cmp	r3, #5
20000332:	d060      	beq.n	200003f6 <dcd_event_handler+0xd2>
20000334:	d837      	bhi.n	200003a6 <dcd_event_handler+0x82>
20000336:	2b03      	cmp	r3, #3
20000338:	f000 8085 	beq.w	20000446 <dcd_event_handler+0x122>
2000033c:	2b04      	cmp	r3, #4
2000033e:	d052      	beq.n	200003e6 <dcd_event_handler+0xc2>
20000340:	2b02      	cmp	r3, #2
20000342:	d105      	bne.n	20000350 <dcd_event_handler+0x2c>
20000344:	4b8c      	ldr	r3, [pc, #560]	@ (20000578 <dcd_event_handler+0x254>)
20000346:	2200      	movs	r2, #0
20000348:	751a      	strb	r2, [r3, #20]
2000034a:	755a      	strb	r2, [r3, #21]
2000034c:	761a      	strb	r2, [r3, #24]
2000034e:	759a      	strb	r2, [r3, #22]
20000350:	4b8a      	ldr	r3, [pc, #552]	@ (2000057c <dcd_event_handler+0x258>)
20000352:	681c      	ldr	r4, [r3, #0]
20000354:	69a3      	ldr	r3, [r4, #24]
20000356:	f3ef 8210 	mrs	r2, PRIMASK
2000035a:	b672      	cpsid	i
2000035c:	e8d3 0fcf 	ldaexb	r0, [r3]
20000360:	2101      	movs	r1, #1
20000362:	2800      	cmp	r0, #0
20000364:	d1fa      	bne.n	2000035c <dcd_event_handler+0x38>
20000366:	e8c3 1f40 	strexb	r0, r1, [r3]
2000036a:	2800      	cmp	r0, #0
2000036c:	d1f6      	bne.n	2000035c <dcd_event_handler+0x38>
2000036e:	f3bf 8f5f 	dmb	sy
20000372:	61e2      	str	r2, [r4, #28]
20000374:	4620      	mov	r0, r4
20000376:	2300      	movs	r3, #0
20000378:	f830 2b04 	ldrh.w	r2, [r0], #4
2000037c:	4629      	mov	r1, r5
2000037e:	f000 fb1b 	bl	200009b8 <__tu_fifo_write_n_access_mode_veneer>
20000382:	69a1      	ldr	r1, [r4, #24]
20000384:	69e3      	ldr	r3, [r4, #28]
20000386:	2200      	movs	r2, #0
20000388:	e8c1 2f8f 	stlb	r2, [r1]
2000038c:	f383 8810 	msr	PRIMASK, r3
20000390:	2800      	cmp	r0, #0
20000392:	f000 8131 	beq.w	200005f8 <dcd_event_handler+0x2d4>
20000396:	4642      	mov	r2, r8
20000398:	7869      	ldrb	r1, [r5, #1]
2000039a:	7828      	ldrb	r0, [r5, #0]
2000039c:	f000 fb14 	bl	200009c8 <__tud_event_hook_cb_veneer>
200003a0:	b004      	add	sp, #16
200003a2:	e8bd 81f0 	ldmia.w	sp!, {r4, r5, r6, r7, r8, pc}
200003a6:	2b06      	cmp	r3, #6
200003a8:	f000 80df 	beq.w	2000056a <dcd_event_handler+0x246>
200003ac:	2b07      	cmp	r3, #7
200003ae:	d1cf      	bne.n	20000350 <dcd_event_handler+0x2c>
200003b0:	7901      	ldrb	r1, [r0, #4]
200003b2:	09cc      	lsrs	r4, r1, #7
200003b4:	f011 030f 	ands.w	r3, r1, #15
200003b8:	461a      	mov	r2, r3
200003ba:	4618      	mov	r0, r3
200003bc:	d0c8      	beq.n	20000350 <dcd_event_handler+0x2c>
200003be:	4b6e      	ldr	r3, [pc, #440]	@ (20000578 <dcd_event_handler+0x254>)
200003c0:	eb03 0342 	add.w	r3, r3, r2, lsl #1
200003c4:	4423      	add	r3, r4
200003c6:	f893 302b 	ldrb.w	r3, [r3, #43]	@ 0x2b
200003ca:	4a6d      	ldr	r2, [pc, #436]	@ (20000580 <dcd_event_handler+0x25c>)
200003cc:	7812      	ldrb	r2, [r2, #0]
200003ce:	4293      	cmp	r3, r2
200003d0:	f080 80e2 	bcs.w	20000598 <dcd_event_handler+0x274>
200003d4:	4a6b      	ldr	r2, [pc, #428]	@ (20000584 <dcd_event_handler+0x260>)
200003d6:	6812      	ldr	r2, [r2, #0]
200003d8:	eb03 03c3 	add.w	r3, r3, r3, lsl #3
200003dc:	eb12 0383 	adds.w	r3, r2, r3, lsl #2
200003e0:	f040 80e4 	bne.w	200005ac <dcd_event_handler+0x288>
200003e4:	e7b4      	b.n	20000350 <dcd_event_handler+0x2c>
200003e6:	4b64      	ldr	r3, [pc, #400]	@ (20000578 <dcd_event_handler+0x254>)
200003e8:	7d1b      	ldrb	r3, [r3, #20]
200003ea:	2b00      	cmp	r3, #0
200003ec:	d0d8      	beq.n	200003a0 <dcd_event_handler+0x7c>
200003ee:	4b62      	ldr	r3, [pc, #392]	@ (20000578 <dcd_event_handler+0x254>)
200003f0:	2201      	movs	r2, #1
200003f2:	759a      	strb	r2, [r3, #22]
200003f4:	e7ac      	b.n	20000350 <dcd_event_handler+0x2c>
200003f6:	4b60      	ldr	r3, [pc, #384]	@ (20000578 <dcd_event_handler+0x254>)
200003f8:	7d1b      	ldrb	r3, [r3, #20]
200003fa:	2b00      	cmp	r3, #0
200003fc:	d0d0      	beq.n	200003a0 <dcd_event_handler+0x7c>
200003fe:	4b5e      	ldr	r3, [pc, #376]	@ (20000578 <dcd_event_handler+0x254>)
20000400:	2200      	movs	r2, #0
20000402:	759a      	strb	r2, [r3, #22]
20000404:	e7a4      	b.n	20000350 <dcd_event_handler+0x2c>
20000406:	1ae3      	subs	r3, r4, r3
20000408:	f013 03ff 	ands.w	r3, r3, #255	@ 0xff
2000040c:	d109      	bne.n	20000422 <dcd_event_handler+0xfe>
2000040e:	eb03 03c3 	add.w	r3, r3, r3, lsl #3
20000412:	4a5d      	ldr	r2, [pc, #372]	@ (20000588 <dcd_event_handler+0x264>)
20000414:	eb02 0383 	add.w	r3, r2, r3, lsl #2
20000418:	6a1b      	ldr	r3, [r3, #32]
2000041a:	b113      	cbz	r3, 20000422 <dcd_event_handler+0xfe>
2000041c:	6869      	ldr	r1, [r5, #4]
2000041e:	7828      	ldrb	r0, [r5, #0]
20000420:	4798      	blx	r3
20000422:	3401      	adds	r4, #1
20000424:	b2e4      	uxtb	r4, r4
20000426:	4b56      	ldr	r3, [pc, #344]	@ (20000580 <dcd_event_handler+0x25c>)
20000428:	781b      	ldrb	r3, [r3, #0]
2000042a:	1c58      	adds	r0, r3, #1
2000042c:	b2c0      	uxtb	r0, r0
2000042e:	42a0      	cmp	r0, r4
20000430:	d90b      	bls.n	2000044a <dcd_event_handler+0x126>
20000432:	42a3      	cmp	r3, r4
20000434:	d9e7      	bls.n	20000406 <dcd_event_handler+0xe2>
20000436:	4b53      	ldr	r3, [pc, #332]	@ (20000584 <dcd_event_handler+0x260>)
20000438:	681b      	ldr	r3, [r3, #0]
2000043a:	eb04 02c4 	add.w	r2, r4, r4, lsl #3
2000043e:	eb13 0382 	adds.w	r3, r3, r2, lsl #2
20000442:	d1e9      	bne.n	20000418 <dcd_event_handler+0xf4>
20000444:	e7ed      	b.n	20000422 <dcd_event_handler+0xfe>
20000446:	2400      	movs	r4, #0
20000448:	e7ed      	b.n	20000426 <dcd_event_handler+0x102>
2000044a:	4b4b      	ldr	r3, [pc, #300]	@ (20000578 <dcd_event_handler+0x254>)
2000044c:	7d9b      	ldrb	r3, [r3, #22]
2000044e:	2b00      	cmp	r3, #0
20000450:	d136      	bne.n	200004c0 <dcd_event_handler+0x19c>
20000452:	4b49      	ldr	r3, [pc, #292]	@ (20000578 <dcd_event_handler+0x254>)
20000454:	7e9b      	ldrb	r3, [r3, #26]
20000456:	f013 0f01 	tst.w	r3, #1
2000045a:	d0a1      	beq.n	200003a0 <dcd_event_handler+0x7c>
2000045c:	782b      	ldrb	r3, [r5, #0]
2000045e:	f88d 3004 	strb.w	r3, [sp, #4]
20000462:	2303      	movs	r3, #3
20000464:	f88d 3005 	strb.w	r3, [sp, #5]
20000468:	686b      	ldr	r3, [r5, #4]
2000046a:	9302      	str	r3, [sp, #8]
2000046c:	4b43      	ldr	r3, [pc, #268]	@ (2000057c <dcd_event_handler+0x258>)
2000046e:	681c      	ldr	r4, [r3, #0]
20000470:	69a3      	ldr	r3, [r4, #24]
20000472:	f3ef 8210 	mrs	r2, PRIMASK
20000476:	b672      	cpsid	i
20000478:	e8d3 0fcf 	ldaexb	r0, [r3]
2000047c:	2101      	movs	r1, #1
2000047e:	2800      	cmp	r0, #0
20000480:	d1fa      	bne.n	20000478 <dcd_event_handler+0x154>
20000482:	e8c3 1f40 	strexb	r0, r1, [r3]
20000486:	2800      	cmp	r0, #0
20000488:	d1f6      	bne.n	20000478 <dcd_event_handler+0x154>
2000048a:	f3bf 8f5f 	dmb	sy
2000048e:	61e2      	str	r2, [r4, #28]
20000490:	4620      	mov	r0, r4
20000492:	2300      	movs	r3, #0
20000494:	f830 2b04 	ldrh.w	r2, [r0], #4
20000498:	a901      	add	r1, sp, #4
2000049a:	f000 fa8d 	bl	200009b8 <__tu_fifo_write_n_access_mode_veneer>
2000049e:	69a1      	ldr	r1, [r4, #24]
200004a0:	69e3      	ldr	r3, [r4, #28]
200004a2:	2200      	movs	r2, #0
200004a4:	e8c1 2f8f 	stlb	r2, [r1]
200004a8:	f383 8810 	msr	PRIMASK, r3
200004ac:	2800      	cmp	r0, #0
200004ae:	d04c      	beq.n	2000054a <dcd_event_handler+0x226>
200004b0:	4642      	mov	r2, r8
200004b2:	f89d 1005 	ldrb.w	r1, [sp, #5]
200004b6:	f89d 0004 	ldrb.w	r0, [sp, #4]
200004ba:	f000 fa85 	bl	200009c8 <__tud_event_hook_cb_veneer>
200004be:	e76f      	b.n	200003a0 <dcd_event_handler+0x7c>
200004c0:	2400      	movs	r4, #0
200004c2:	4b2d      	ldr	r3, [pc, #180]	@ (20000578 <dcd_event_handler+0x254>)
200004c4:	759c      	strb	r4, [r3, #22]
200004c6:	a901      	add	r1, sp, #4
200004c8:	9401      	str	r4, [sp, #4]
200004ca:	604c      	str	r4, [r1, #4]
200004cc:	608c      	str	r4, [r1, #8]
200004ce:	782b      	ldrb	r3, [r5, #0]
200004d0:	f88d 3004 	strb.w	r3, [sp, #4]
200004d4:	2305      	movs	r3, #5
200004d6:	f88d 3005 	strb.w	r3, [sp, #5]
200004da:	4b28      	ldr	r3, [pc, #160]	@ (2000057c <dcd_event_handler+0x258>)
200004dc:	681e      	ldr	r6, [r3, #0]
200004de:	69b3      	ldr	r3, [r6, #24]
200004e0:	f3ef 8210 	mrs	r2, PRIMASK
200004e4:	b672      	cpsid	i
200004e6:	e8d3 cfcf 	ldaexb	ip, [r3]
200004ea:	2001      	movs	r0, #1
200004ec:	f1bc 0f00 	cmp.w	ip, #0
200004f0:	d1f9      	bne.n	200004e6 <dcd_event_handler+0x1c2>
200004f2:	e8c3 0f4c 	strexb	ip, r0, [r3]
200004f6:	f1bc 0f00 	cmp.w	ip, #0
200004fa:	d1f4      	bne.n	200004e6 <dcd_event_handler+0x1c2>
200004fc:	f3bf 8f5f 	dmb	sy
20000500:	61f2      	str	r2, [r6, #28]
20000502:	4630      	mov	r0, r6
20000504:	4623      	mov	r3, r4
20000506:	f830 2b04 	ldrh.w	r2, [r0], #4
2000050a:	f000 fa55 	bl	200009b8 <__tu_fifo_write_n_access_mode_veneer>
2000050e:	69b2      	ldr	r2, [r6, #24]
20000510:	69f3      	ldr	r3, [r6, #28]
20000512:	e8c2 4f8f 	stlb	r4, [r2]
20000516:	f383 8810 	msr	PRIMASK, r3
2000051a:	b138      	cbz	r0, 2000052c <dcd_event_handler+0x208>
2000051c:	4642      	mov	r2, r8
2000051e:	f89d 1005 	ldrb.w	r1, [sp, #5]
20000522:	f89d 0004 	ldrb.w	r0, [sp, #4]
20000526:	f000 fa4f 	bl	200009c8 <__tud_event_hook_cb_veneer>
2000052a:	e792      	b.n	20000452 <dcd_event_handler+0x12e>
2000052c:	f240 12af 	movw	r2, #431	@ 0x1af
20000530:	4916      	ldr	r1, [pc, #88]	@ (2000058c <dcd_event_handler+0x268>)
20000532:	4817      	ldr	r0, [pc, #92]	@ (20000590 <dcd_event_handler+0x26c>)
20000534:	f000 fa3c 	bl	200009b0 <____wrap_printf_veneer>
20000538:	f04f 23e0 	mov.w	r3, #3758153728	@ 0xe000e000
2000053c:	f8d3 3df0 	ldr.w	r3, [r3, #3568]	@ 0xdf0
20000540:	f013 0f01 	tst.w	r3, #1
20000544:	d085      	beq.n	20000452 <dcd_event_handler+0x12e>
20000546:	be00      	bkpt	0x0000
20000548:	e783      	b.n	20000452 <dcd_event_handler+0x12e>
2000054a:	f240 12af 	movw	r2, #431	@ 0x1af
2000054e:	490f      	ldr	r1, [pc, #60]	@ (2000058c <dcd_event_handler+0x268>)
20000550:	480f      	ldr	r0, [pc, #60]	@ (20000590 <dcd_event_handler+0x26c>)
20000552:	f000 fa2d 	bl	200009b0 <____wrap_printf_veneer>
20000556:	f04f 23e0 	mov.w	r3, #3758153728	@ 0xe000e000
2000055a:	f8d3 3df0 	ldr.w	r3, [r3, #3568]	@ 0xdf0
2000055e:	f013 0f01 	tst.w	r3, #1
20000562:	f43f af1d 	beq.w	200003a0 <dcd_event_handler+0x7c>
20000566:	be00      	bkpt	0x0000
20000568:	e71a      	b.n	200003a0 <dcd_event_handler+0x7c>
2000056a:	4a0a      	ldr	r2, [pc, #40]	@ (20000594 <dcd_event_handler+0x270>)
2000056c:	7813      	ldrb	r3, [r2, #0]
2000056e:	3301      	adds	r3, #1
20000570:	b2db      	uxtb	r3, r3
20000572:	7013      	strb	r3, [r2, #0]
20000574:	e6ec      	b.n	20000350 <dcd_event_handler+0x2c>
20000576:	bf00      	nop
20000578:	2001a418 	.word	0x2001a418
2000057c:	2001a488 	.word	0x2001a488
20000580:	2001bab6 	.word	0x2001bab6
20000584:	2001a328 	.word	0x2001a328
20000588:	1000864c 	.word	0x1000864c
2000058c:	10008580 	.word	0x10008580
20000590:	10007f9c 	.word	0x10007f9c
20000594:	2001bab8 	.word	0x2001bab8
20000598:	1a9b      	subs	r3, r3, r2
2000059a:	f013 03ff 	ands.w	r3, r3, #255	@ 0xff
2000059e:	f47f aed7 	bne.w	20000350 <dcd_event_handler+0x2c>
200005a2:	eb03 03c3 	add.w	r3, r3, r3, lsl #3
200005a6:	4a1c      	ldr	r2, [pc, #112]	@ (20000618 <dcd_event_handler+0x2f4>)
200005a8:	eb02 0383 	add.w	r3, r2, r3, lsl #2
200005ac:	69da      	ldr	r2, [r3, #28]
200005ae:	2a00      	cmp	r2, #0
200005b0:	f43f aece 	beq.w	20000350 <dcd_event_handler+0x2c>
200005b4:	4a19      	ldr	r2, [pc, #100]	@ (2000061c <dcd_event_handler+0x2f8>)
200005b6:	4606      	mov	r6, r0
200005b8:	eb02 0240 	add.w	r2, r2, r0, lsl #1
200005bc:	4422      	add	r2, r4
200005be:	f892 004b 	ldrb.w	r0, [r2, #75]	@ 0x4b
200005c2:	f000 00fa 	and.w	r0, r0, #250	@ 0xfa
200005c6:	f882 004b 	strb.w	r0, [r2, #75]	@ 0x4b
200005ca:	69db      	ldr	r3, [r3, #28]
200005cc:	461f      	mov	r7, r3
200005ce:	68ab      	ldr	r3, [r5, #8]
200005d0:	796a      	ldrb	r2, [r5, #5]
200005d2:	7828      	ldrb	r0, [r5, #0]
200005d4:	47b8      	blx	r7
200005d6:	f080 0001 	eor.w	r0, r0, #1
200005da:	f010 0fff 	tst.w	r0, #255	@ 0xff
200005de:	f43f aedf 	beq.w	200003a0 <dcd_event_handler+0x7c>
200005e2:	4b0e      	ldr	r3, [pc, #56]	@ (2000061c <dcd_event_handler+0x2f8>)
200005e4:	eb03 0346 	add.w	r3, r3, r6, lsl #1
200005e8:	4423      	add	r3, r4
200005ea:	f893 204b 	ldrb.w	r2, [r3, #75]	@ 0x4b
200005ee:	f042 0205 	orr.w	r2, r2, #5
200005f2:	f883 204b 	strb.w	r2, [r3, #75]	@ 0x4b
200005f6:	e6ab      	b.n	20000350 <dcd_event_handler+0x2c>
200005f8:	f240 12af 	movw	r2, #431	@ 0x1af
200005fc:	4908      	ldr	r1, [pc, #32]	@ (20000620 <dcd_event_handler+0x2fc>)
200005fe:	4809      	ldr	r0, [pc, #36]	@ (20000624 <dcd_event_handler+0x300>)
20000600:	f000 f9d6 	bl	200009b0 <____wrap_printf_veneer>
20000604:	f04f 23e0 	mov.w	r3, #3758153728	@ 0xe000e000
20000608:	f8d3 3df0 	ldr.w	r3, [r3, #3568]	@ 0xdf0
2000060c:	f013 0f01 	tst.w	r3, #1
20000610:	f43f aec6 	beq.w	200003a0 <dcd_event_handler+0x7c>
20000614:	be00      	bkpt	0x0000
20000616:	e6c3      	b.n	200003a0 <dcd_event_handler+0x7c>
20000618:	1000864c 	.word	0x1000864c
2000061c:	2001a418 	.word	0x2001a418
20000620:	10008580 	.word	0x10008580
20000624:	10007f9c 	.word	0x10007f9c

20000628 <audiod_sof_isr>:
20000628:	4770      	bx	lr
	...

2000062c <__aeabi_uldivmod>:
2000062c:	b953      	cbnz	r3, 20000644 <__aeabi_uldivmod+0x18>
2000062e:	b94a      	cbnz	r2, 20000644 <__aeabi_uldivmod+0x18>
20000630:	2900      	cmp	r1, #0
20000632:	bf08      	it	eq
20000634:	2800      	cmpeq	r0, #0
20000636:	bf1c      	itt	ne
20000638:	f04f 31ff 	movne.w	r1, #4294967295	@ 0xffffffff
2000063c:	f04f 30ff 	movne.w	r0, #4294967295	@ 0xffffffff
20000640:	f000 b9ac 	b.w	2000099c <__aeabi_idiv0>
20000644:	f1ad 0c08 	sub.w	ip, sp, #8
20000648:	e96d ce04 	strd	ip, lr, [sp, #-16]!
2000064c:	f000 f806 	bl	2000065c <__udivmoddi4>
20000650:	f8dd e004 	ldr.w	lr, [sp, #4]
20000654:	e9dd 2302 	ldrd	r2, r3, [sp, #8]
20000658:	b004      	add	sp, #16
2000065a:	4770      	bx	lr

2000065c <__udivmoddi4>:
2000065c:	e92d 47f0 	stmdb	sp!, {r4, r5, r6, r7, r8, r9, sl, lr}
20000660:	4606      	mov	r6, r0
20000662:	b082      	sub	sp, #8
20000664:	4617      	mov	r7, r2
20000666:	4608      	mov	r0, r1
20000668:	9a0a      	ldr	r2, [sp, #40]	@ 0x28
2000066a:	46b4      	mov	ip, r6
2000066c:	460d      	mov	r5, r1
2000066e:	2b00      	cmp	r3, #0
20000670:	d14d      	bne.n	2000070e <__udivmoddi4+0xb2>
20000672:	428f      	cmp	r7, r1
20000674:	46be      	mov	lr, r7
20000676:	d965      	bls.n	20000744 <__udivmoddi4+0xe8>
20000678:	fab7 f187 	clz	r1, r7
2000067c:	b149      	cbz	r1, 20000692 <__udivmoddi4+0x36>
2000067e:	f1c1 0320 	rsb	r3, r1, #32
20000682:	408d      	lsls	r5, r1
20000684:	fa07 fe01 	lsl.w	lr, r7, r1
20000688:	fa06 fc01 	lsl.w	ip, r6, r1
2000068c:	fa26 f303 	lsr.w	r3, r6, r3
20000690:	431d      	orrs	r5, r3
20000692:	ea4f 461e 	mov.w	r6, lr, lsr #16
20000696:	fa1f f08e 	uxth.w	r0, lr
2000069a:	ea4f 431c 	mov.w	r3, ip, lsr #16
2000069e:	fbb5 f4f6 	udiv	r4, r5, r6
200006a2:	fb06 5514 	mls	r5, r6, r4, r5
200006a6:	ea43 4305 	orr.w	r3, r3, r5, lsl #16
200006aa:	fb04 f500 	mul.w	r5, r4, r0
200006ae:	429d      	cmp	r5, r3
200006b0:	d906      	bls.n	200006c0 <__udivmoddi4+0x64>
200006b2:	eb1e 0303 	adds.w	r3, lr, r3
200006b6:	d202      	bcs.n	200006be <__udivmoddi4+0x62>
200006b8:	429d      	cmp	r5, r3
200006ba:	f200 814c 	bhi.w	20000956 <__udivmoddi4+0x2fa>
200006be:	3c01      	subs	r4, #1
200006c0:	1b5b      	subs	r3, r3, r5
200006c2:	fa1f fc8c 	uxth.w	ip, ip
200006c6:	fbb3 f5f6 	udiv	r5, r3, r6
200006ca:	fb06 3315 	mls	r3, r6, r5, r3
200006ce:	fb05 f000 	mul.w	r0, r5, r0
200006d2:	ea4c 4c03 	orr.w	ip, ip, r3, lsl #16
200006d6:	4560      	cmp	r0, ip
200006d8:	d90a      	bls.n	200006f0 <__udivmoddi4+0x94>
200006da:	eb1e 0c0c 	adds.w	ip, lr, ip
200006de:	bf2c      	ite	cs
200006e0:	2301      	movcs	r3, #1
200006e2:	2300      	movcc	r3, #0
200006e4:	4560      	cmp	r0, ip
200006e6:	d902      	bls.n	200006ee <__udivmoddi4+0x92>
200006e8:	2b00      	cmp	r3, #0
200006ea:	f000 8137 	beq.w	2000095c <__udivmoddi4+0x300>
200006ee:	3d01      	subs	r5, #1
200006f0:	ebac 0c00 	sub.w	ip, ip, r0
200006f4:	ea45 4004 	orr.w	r0, r5, r4, lsl #16
200006f8:	2400      	movs	r4, #0
200006fa:	b122      	cbz	r2, 20000706 <__udivmoddi4+0xaa>
200006fc:	fa2c f301 	lsr.w	r3, ip, r1
20000700:	2100      	movs	r1, #0
20000702:	e9c2 3100 	strd	r3, r1, [r2]
20000706:	4621      	mov	r1, r4
20000708:	b002      	add	sp, #8
2000070a:	e8bd 87f0 	ldmia.w	sp!, {r4, r5, r6, r7, r8, r9, sl, pc}
2000070e:	428b      	cmp	r3, r1
20000710:	d908      	bls.n	20000724 <__udivmoddi4+0xc8>
20000712:	b10a      	cbz	r2, 20000718 <__udivmoddi4+0xbc>
20000714:	e9c2 6100 	strd	r6, r1, [r2]
20000718:	2400      	movs	r4, #0
2000071a:	4620      	mov	r0, r4
2000071c:	4621      	mov	r1, r4
2000071e:	b002      	add	sp, #8
20000720:	e8bd 87f0 	ldmia.w	sp!, {r4, r5, r6, r7, r8, r9, sl, pc}
20000724:	fab3 f483 	clz	r4, r3
20000728:	2c00      	cmp	r4, #0
2000072a:	d14d      	bne.n	200007c8 <__udivmoddi4+0x16c>
2000072c:	428b      	cmp	r3, r1
2000072e:	f0c0 8105 	bcc.w	2000093c <__udivmoddi4+0x2e0>
20000732:	42b7      	cmp	r7, r6
20000734:	f240 8102 	bls.w	2000093c <__udivmoddi4+0x2e0>
20000738:	4620      	mov	r0, r4
2000073a:	2a00      	cmp	r2, #0
2000073c:	d0e3      	beq.n	20000706 <__udivmoddi4+0xaa>
2000073e:	e9c2 c500 	strd	ip, r5, [r2]
20000742:	e7e0      	b.n	20000706 <__udivmoddi4+0xaa>
20000744:	2f00      	cmp	r7, #0
20000746:	f000 80a2 	beq.w	2000088e <__udivmoddi4+0x232>
2000074a:	4619      	mov	r1, r3
2000074c:	fab7 f387 	clz	r3, r7
20000750:	2b00      	cmp	r3, #0
20000752:	f040 80b4 	bne.w	200008be <__udivmoddi4+0x262>
20000756:	1bc3      	subs	r3, r0, r7
20000758:	fa1f f88e 	uxth.w	r8, lr
2000075c:	0c3f      	lsrs	r7, r7, #16
2000075e:	2401      	movs	r4, #1
20000760:	ea4f 401c 	mov.w	r0, ip, lsr #16
20000764:	fbb3 f5f7 	udiv	r5, r3, r7
20000768:	fb07 3315 	mls	r3, r7, r5, r3
2000076c:	ea40 4303 	orr.w	r3, r0, r3, lsl #16
20000770:	fb08 f005 	mul.w	r0, r8, r5
20000774:	4298      	cmp	r0, r3
20000776:	d90a      	bls.n	2000078e <__udivmoddi4+0x132>
20000778:	eb1e 0303 	adds.w	r3, lr, r3
2000077c:	bf2c      	ite	cs
2000077e:	2601      	movcs	r6, #1
20000780:	2600      	movcc	r6, #0
20000782:	4298      	cmp	r0, r3
20000784:	d902      	bls.n	2000078c <__udivmoddi4+0x130>
20000786:	2e00      	cmp	r6, #0
20000788:	f000 80e2 	beq.w	20000950 <__udivmoddi4+0x2f4>
2000078c:	3d01      	subs	r5, #1
2000078e:	1a1b      	subs	r3, r3, r0
20000790:	fa1f fc8c 	uxth.w	ip, ip
20000794:	fbb3 f0f7 	udiv	r0, r3, r7
20000798:	fb07 3310 	mls	r3, r7, r0, r3
2000079c:	ea4c 4c03 	orr.w	ip, ip, r3, lsl #16
200007a0:	fb08 f300 	mul.w	r3, r8, r0
200007a4:	4563      	cmp	r3, ip
200007a6:	d90a      	bls.n	200007be <__udivmoddi4+0x162>
200007a8:	eb1e 0c0c 	adds.w	ip, lr, ip
200007ac:	bf2c      	ite	cs
200007ae:	2601      	movcs	r6, #1
200007b0:	2600      	movcc	r6, #0
200007b2:	4563      	cmp	r3, ip
200007b4:	d902      	bls.n	200007bc <__udivmoddi4+0x160>
200007b6:	2e00      	cmp	r6, #0
200007b8:	f000 80c7 	beq.w	2000094a <__udivmoddi4+0x2ee>
200007bc:	3801      	subs	r0, #1
200007be:	ebac 0c03 	sub.w	ip, ip, r3
200007c2:	ea40 4005 	orr.w	r0, r0, r5, lsl #16
200007c6:	e798      	b.n	200006fa <__udivmoddi4+0x9e>
200007c8:	f1c4 0820 	rsb	r8, r4, #32
200007cc:	40a3      	lsls	r3, r4
200007ce:	fa06 fa04 	lsl.w	sl, r6, r4
200007d2:	40a1      	lsls	r1, r4
200007d4:	fa27 fc08 	lsr.w	ip, r7, r8
200007d8:	fa20 f008 	lsr.w	r0, r0, r8
200007dc:	fa07 f904 	lsl.w	r9, r7, r4
200007e0:	ea4c 0c03 	orr.w	ip, ip, r3
200007e4:	fa26 f308 	lsr.w	r3, r6, r8
200007e8:	ea4f 461c 	mov.w	r6, ip, lsr #16
200007ec:	430b      	orrs	r3, r1
200007ee:	fa1f fe8c 	uxth.w	lr, ip
200007f2:	0c19      	lsrs	r1, r3, #16
200007f4:	fbb0 f7f6 	udiv	r7, r0, r6
200007f8:	fb06 0017 	mls	r0, r6, r7, r0
200007fc:	ea41 4100 	orr.w	r1, r1, r0, lsl #16
20000800:	fb07 f00e 	mul.w	r0, r7, lr
20000804:	4288      	cmp	r0, r1
20000806:	d90a      	bls.n	2000081e <__udivmoddi4+0x1c2>
20000808:	eb1c 0101 	adds.w	r1, ip, r1
2000080c:	bf2c      	ite	cs
2000080e:	2501      	movcs	r5, #1
20000810:	2500      	movcc	r5, #0
20000812:	4288      	cmp	r0, r1
20000814:	d902      	bls.n	2000081c <__udivmoddi4+0x1c0>
20000816:	2d00      	cmp	r5, #0
20000818:	f000 80b2 	beq.w	20000980 <__udivmoddi4+0x324>
2000081c:	3f01      	subs	r7, #1
2000081e:	1a09      	subs	r1, r1, r0
20000820:	b29b      	uxth	r3, r3
20000822:	fbb1 f0f6 	udiv	r0, r1, r6
20000826:	fb06 1110 	mls	r1, r6, r0, r1
2000082a:	fb00 fe0e 	mul.w	lr, r0, lr
2000082e:	ea43 4301 	orr.w	r3, r3, r1, lsl #16
20000832:	459e      	cmp	lr, r3
20000834:	d90a      	bls.n	2000084c <__udivmoddi4+0x1f0>
20000836:	eb1c 0303 	adds.w	r3, ip, r3
2000083a:	bf2c      	ite	cs
2000083c:	2101      	movcs	r1, #1
2000083e:	2100      	movcc	r1, #0
20000840:	459e      	cmp	lr, r3
20000842:	d902      	bls.n	2000084a <__udivmoddi4+0x1ee>
20000844:	2900      	cmp	r1, #0
20000846:	f000 809e 	beq.w	20000986 <__udivmoddi4+0x32a>
2000084a:	3801      	subs	r0, #1
2000084c:	ea40 4007 	orr.w	r0, r0, r7, lsl #16
20000850:	eba3 030e 	sub.w	r3, r3, lr
20000854:	fba0 e109 	umull	lr, r1, r0, r9
20000858:	428b      	cmp	r3, r1
2000085a:	4676      	mov	r6, lr
2000085c:	460f      	mov	r7, r1
2000085e:	d302      	bcc.n	20000866 <__udivmoddi4+0x20a>
20000860:	d107      	bne.n	20000872 <__udivmoddi4+0x216>
20000862:	45f2      	cmp	sl, lr
20000864:	d205      	bcs.n	20000872 <__udivmoddi4+0x216>
20000866:	ebbe 0609 	subs.w	r6, lr, r9
2000086a:	eb61 010c 	sbc.w	r1, r1, ip
2000086e:	3801      	subs	r0, #1
20000870:	460f      	mov	r7, r1
20000872:	b152      	cbz	r2, 2000088a <__udivmoddi4+0x22e>
20000874:	ebba 0106 	subs.w	r1, sl, r6
20000878:	eb63 0307 	sbc.w	r3, r3, r7
2000087c:	fa03 f508 	lsl.w	r5, r3, r8
20000880:	40e1      	lsrs	r1, r4
20000882:	40e3      	lsrs	r3, r4
20000884:	430d      	orrs	r5, r1
20000886:	e9c2 5300 	strd	r5, r3, [r2]
2000088a:	2400      	movs	r4, #0
2000088c:	e73b      	b.n	20000706 <__udivmoddi4+0xaa>
2000088e:	0873      	lsrs	r3, r6, #1
20000890:	46b8      	mov	r8, r7
20000892:	0849      	lsrs	r1, r1, #1
20000894:	9701      	str	r7, [sp, #4]
20000896:	ea43 73c0 	orr.w	r3, r3, r0, lsl #31
2000089a:	ea4f 7cc6 	mov.w	ip, r6, lsl #31
2000089e:	0c1c      	lsrs	r4, r3, #16
200008a0:	b29b      	uxth	r3, r3
200008a2:	ea44 4401 	orr.w	r4, r4, r1, lsl #16
200008a6:	ea43 4304 	orr.w	r3, r3, r4, lsl #16
200008aa:	fbb4 f4f7 	udiv	r4, r4, r7
200008ae:	fbb1 f5f7 	udiv	r5, r1, r7
200008b2:	211f      	movs	r1, #31
200008b4:	9801      	ldr	r0, [sp, #4]
200008b6:	ea44 4405 	orr.w	r4, r4, r5, lsl #16
200008ba:	1a1b      	subs	r3, r3, r0
200008bc:	e750      	b.n	20000760 <__udivmoddi4+0x104>
200008be:	4619      	mov	r1, r3
200008c0:	fa07 fe03 	lsl.w	lr, r7, r3
200008c4:	f1c3 0320 	rsb	r3, r3, #32
200008c8:	fa00 f401 	lsl.w	r4, r0, r1
200008cc:	ea4f 471e 	mov.w	r7, lr, lsr #16
200008d0:	40d8      	lsrs	r0, r3
200008d2:	fa26 f303 	lsr.w	r3, r6, r3
200008d6:	fa1f f88e 	uxth.w	r8, lr
200008da:	fa06 fc01 	lsl.w	ip, r6, r1
200008de:	4323      	orrs	r3, r4
200008e0:	fbb0 f5f7 	udiv	r5, r0, r7
200008e4:	0c1c      	lsrs	r4, r3, #16
200008e6:	fb07 0015 	mls	r0, r7, r5, r0
200008ea:	ea44 4000 	orr.w	r0, r4, r0, lsl #16
200008ee:	fb05 f408 	mul.w	r4, r5, r8
200008f2:	4284      	cmp	r4, r0
200008f4:	d94a      	bls.n	2000098c <__udivmoddi4+0x330>
200008f6:	eb1e 0000 	adds.w	r0, lr, r0
200008fa:	bf2c      	ite	cs
200008fc:	2601      	movcs	r6, #1
200008fe:	2600      	movcc	r6, #0
20000900:	4284      	cmp	r4, r0
20000902:	d900      	bls.n	20000906 <__udivmoddi4+0x2aa>
20000904:	b38e      	cbz	r6, 2000096a <__udivmoddi4+0x30e>
20000906:	1b00      	subs	r0, r0, r4
20000908:	3d01      	subs	r5, #1
2000090a:	fbb0 f4f7 	udiv	r4, r0, r7
2000090e:	fb04 f608 	mul.w	r6, r4, r8
20000912:	46a1      	mov	r9, r4
20000914:	9601      	str	r6, [sp, #4]
20000916:	fb07 0019 	mls	r0, r7, r9, r0
2000091a:	b29b      	uxth	r3, r3
2000091c:	9e01      	ldr	r6, [sp, #4]
2000091e:	ea43 4300 	orr.w	r3, r3, r0, lsl #16
20000922:	42b3      	cmp	r3, r6
20000924:	d2c6      	bcs.n	200008b4 <__udivmoddi4+0x258>
20000926:	eb1e 0303 	adds.w	r3, lr, r3
2000092a:	bf2c      	ite	cs
2000092c:	2001      	movcs	r0, #1
2000092e:	2000      	movcc	r0, #0
20000930:	42b3      	cmp	r3, r6
20000932:	d200      	bcs.n	20000936 <__udivmoddi4+0x2da>
20000934:	b1a8      	cbz	r0, 20000962 <__udivmoddi4+0x306>
20000936:	f109 34ff 	add.w	r4, r9, #4294967295	@ 0xffffffff
2000093a:	e7bb      	b.n	200008b4 <__udivmoddi4+0x258>
2000093c:	ebb6 0c07 	subs.w	ip, r6, r7
20000940:	eb60 0303 	sbc.w	r3, r0, r3
20000944:	2001      	movs	r0, #1
20000946:	461d      	mov	r5, r3
20000948:	e6f7      	b.n	2000073a <__udivmoddi4+0xde>
2000094a:	44f4      	add	ip, lr
2000094c:	3802      	subs	r0, #2
2000094e:	e736      	b.n	200007be <__udivmoddi4+0x162>
20000950:	3d02      	subs	r5, #2
20000952:	4473      	add	r3, lr
20000954:	e71b      	b.n	2000078e <__udivmoddi4+0x132>
20000956:	3c02      	subs	r4, #2
20000958:	4473      	add	r3, lr
2000095a:	e6b1      	b.n	200006c0 <__udivmoddi4+0x64>
2000095c:	44f4      	add	ip, lr
2000095e:	3d02      	subs	r5, #2
20000960:	e6c6      	b.n	200006f0 <__udivmoddi4+0x94>
20000962:	f1a9 0402 	sub.w	r4, r9, #2
20000966:	4473      	add	r3, lr
20000968:	e7a4      	b.n	200008b4 <__udivmoddi4+0x258>
2000096a:	ebae 0404 	sub.w	r4, lr, r4
2000096e:	3d02      	subs	r5, #2
20000970:	4420      	add	r0, r4
20000972:	fbb0 f4f7 	udiv	r4, r0, r7
20000976:	fb04 f608 	mul.w	r6, r4, r8
2000097a:	46a1      	mov	r9, r4
2000097c:	9601      	str	r6, [sp, #4]
2000097e:	e7ca      	b.n	20000916 <__udivmoddi4+0x2ba>
20000980:	3f02      	subs	r7, #2
20000982:	4461      	add	r1, ip
20000984:	e74b      	b.n	2000081e <__udivmoddi4+0x1c2>
20000986:	3802      	subs	r0, #2
20000988:	4463      	add	r3, ip
2000098a:	e75f      	b.n	2000084c <__udivmoddi4+0x1f0>
2000098c:	1b00      	subs	r0, r0, r4
2000098e:	fbb0 f4f7 	udiv	r4, r0, r7
20000992:	fb04 f608 	mul.w	r6, r4, r8
20000996:	46a1      	mov	r9, r4
20000998:	9601      	str	r6, [sp, #4]
2000099a:	e7bc      	b.n	20000916 <__udivmoddi4+0x2ba>

2000099c <__aeabi_idiv0>:
2000099c:	4770      	bx	lr
2000099e:	bf00      	nop

200009a0 <__best_effort_wfe_or_timeout_veneer>:
200009a0:	f85f f000 	ldr.w	pc, [pc]	@ 200009a4 <__best_effort_wfe_or_timeout_veneer+0x4>
200009a4:	10001b3d 	.word	0x10001b3d

200009a8 <____assert_func_veneer>:
200009a8:	f85f f000 	ldr.w	pc, [pc]	@ 200009ac <____assert_func_veneer+0x4>
200009ac:	100043fd 	.word	0x100043fd

200009b0 <____wrap_printf_veneer>:
200009b0:	f85f f000 	ldr.w	pc, [pc]	@ 200009b4 <____wrap_printf_veneer+0x4>
200009b4:	10004691 	.word	0x10004691

200009b8 <__tu_fifo_write_n_access_mode_veneer>:
200009b8:	f85f f000 	ldr.w	pc, [pc]	@ 200009bc <__tu_fifo_write_n_access_mode_veneer+0x4>
200009bc:	100072ab 	.word	0x100072ab

200009c0 <__time_us_64_veneer>:
200009c0:	f85f f000 	ldr.w	pc, [pc]	@ 200009c4 <__time_us_64_veneer+0x4>
200009c4:	10001cf1 	.word	0x10001cf1

200009c8 <__tud_event_hook_cb_veneer>:
200009c8:	f85f f000 	ldr.w	pc, [pc]	@ 200009cc <__tud_event_hook_cb_veneer+0x4>
200009cc:	1000547d 	.word	0x1000547d

200009d0 <bitstream>:
200009d0:	ff0000ff 7e99aa7e 05010051 62200092     ....~..~Q..... b
200009e0:	0082b302 50017200 01010011 00000000     .....r.P........
	...
20000b70:	00000008 00000000 00000000 00000000     ................
	...
20000bc4:	30000000 00000000 00000000 00000000     ...0............
	...
20000c78:	00001400 00000000 00000000 00000000     ................
	...
20000cd0:	00100000 00000000 00000000 00000000     ................
	...
20000d78:	00800000 40000000 00000000 00000000     .......@........
	...
20000dd0:	0000020c 00000800 00000000 00000000     ................
	...
20000df4:	0c000000 00000000 00000000 00000000     ................
	...
20000e48:	07000000 00000080 00000000 00000000     ................
	...
20000e7c:	00010000 00000000 00000000 00000000     ................
	...
20000ed8:	00000040 00000000 00000000 00000000     @...............
	...
20000f28:	02000000 00000000 00000000 00000000     ................
	...
20000f58:	0020300c 00000000 00000000 00000000     .0 .............
	...
20000f88:	04000000 00000000 00000000 00000000     ................
20000f98:	04002000 00000000 00000000 00000000     . ..............
20000fa8:	00000000 c3000000 00000000 00000000     ................
	...
20000fd4:	00000008 00000000 00000000 00800304     ................
	...
20000fec:	01000000 00500840 00000000 00000000     ....@.P.........
	...
20001004:	20300c00 00000000 00000000 00000000     ..0 ............
	...
20001034:	00000200 40101c02 00000008 20000000     .......@....... 
20001044:	00000008 00000000 00000000 00000000     ................
	...
2000105c:	000000c3 00000000 00000000 00000000     ................
	...
2000108c:	2d000000 00000cc2 00000000 40000000     ...-...........@
	...
200010b0:	300c0000 00000020 00000000 00000000     ...0 ...........
	...
200010e0:	00040000 00000000 50000000 00000000     ...........P....
200010f0:	000000c0 00000000 00000000 000a0000     ................
	...
20001108:	0000c300 00000000 00000000 00000000     ................
	...
20001138:	00004000 00000000 00800000 00040000     .@..............
	...
2000115c:	0c000000 00002030 00000000 00000000     ....0 ..........
	...
20001198:	00001000 60010000 00000000 00000000     .......`........
	...
200011b4:	00c30000 00000000 00000000 00000000     ................
	...
200011ec:	08000000 00000000 00000000 00000000     ................
	...
2000120c:	0020300c 00000000 00000000 00000000     .0 .............
	...
2000123c:	00140000 00000000 00000000 00000000     ................
	...
20001260:	c3000000 00000000 00000000 00000000     ................
	...
200012a0:	3c000000 00000000 00000000 00000000     ...<............
	...
200012b8:	20300c00 00000000 00000000 00000000     ..0 ............
	...
200012ec:	0018012c 08000000 0000f805 00000000     ,...............
	...
20001310:	000000c3 00000000 00000000 00000000     ................
	...
20001340:	8c020000 000042d2 eff20000 00000040     .....B......@...
	...
20001364:	300c0000 00000020 00000000 00000000     ...0 ...........
	...
200013a0:	00296800 00000000 00000000 00000000     .h).............
	...
200013bc:	0000c300 00000000 00000000 00000000     ................
	...
200013f4:	54000000 00005001 00000000 00000000     ...T.P..........
	...
20001410:	0c000000 00002030 00000000 00000000     ....0 ..........
	...
20001440:	0c000000 00000000 00300000 00000000     ..........0.....
20001450:	0000c000 00000000 00000000 00000000     ................
	...
20001468:	00c30000 00000000 00000000 00000000     ................
	...
200014a0:	0b000000 00000000 00000000 00000000     ................
	...
200014c0:	0020300c 00000000 00000000 00000000     .0 .............
	...
200014f0:	02000000 0000501a 00000000 00000000     .....P..........
20001500:	08005e00 00000000 00000000 00000000     .^..............
20001510:	00000000 c3000000 00000000 00000000     ................
	...
20001548:	0a250000 00000402 00000000 20000000     ..%............ 
20001558:	00020000 00000000 00000000 00000000     ................
20001568:	00000000 20300c00 00000000 00000000     ......0 ........
	...
200015a0:	00000004 07500008 20009184 c1216002     ......P.... .`!.
200015b0:	0000002c 00000000 00000000 00000000     ,...............
200015c0:	00000000 000000c3 00000000 00000000     ................
	...
200015f4:	40020000 00000000 09020000 14000010     ...@............
20001604:	40214c01 00000000 00000000 00000000     .L!@............
20001614:	00000000 300c0000 00000020 00000000     .......0 .......
	...
20001658:	20020040 28002c81 00000000 00000000     @.. .,.(........
	...
20001670:	0000c300 00000000 00000000 00000000     ................
	...
200016ac:	000c0000 21490000 00000140 00000000     ......I!@.......
	...
200016c4:	0c000000 00002030 00000000 00000000     ....0 ..........
	...
200016f8:	00040000 00000000 00008001 00020000     ................
20001708:	0004853c 00000000 00000000 00000000     <...............
20001718:	00000000 00c30000 00000000 00000000     ................
	...
20001750:	00000002 0a000000 00000000 60011400     ...............`
20001760:	00004005 00000000 00000000 00000000     .@..............
20001770:	00000000 0020300c 00000000 00000000     .....0 .........
	...
200017ac:	6c031800 00000010 c4f00160 00000000     ...l....`.......
	...
200017c8:	c3000000 00000000 00000000 00000000     ................
	...
20001804:	08c10600 00000040 00400c08 00000000     ....@.....@.....
	...
20001820:	20300c00 00000000 00000000 00000000     ..0 ............
	...
20001850:	00a00000 00000068 00000100 00000000     ....h...........
20001860:	ea240002 00000000 00000000 00000000     ..$.............
	...
20001878:	000000c3 00000000 00000000 00000000     ................
	...
200018a8:	00000004 00000000 00000020 04000000     ........ .......
200018b8:	00e0fc01 00000000 00000000 00000000     ................
200018c8:	00000000 300c0000 00000020 00000000     .......0 .......
	...
20001900:	24e00016 00000001 00000000 37060000     ...$...........7
20001910:	0000f08a 00000000 00000000 00000000     ................
20001920:	00000000 0000c300 00000000 00000000     ................
	...
20001958:	0040e202 00000000 00000000 a5c00100     ..@.............
20001968:	00000010 00000000 00000000 00000000     ................
20001978:	0c000000 00002030 00000000 00000000     ....0 ..........
	...
200019b0:	00300000 49ed0758 6002c000 00000000     ..0.X..I...`....
	...
200019d0:	00c30000 00000000 00000000 00000000     ................
	...
20001a0c:	0050c836 00000600 00000000 00000000     6.P.............
	...
20001a28:	0020300c 00000000 00000000 00000000     .0 .............
	...
20001a7c:	c3000000 00000000 00000000 00000000     ................
	...
20001ad4:	20300c00 00000000 00000000 00000000     ..0 ............
	...
20001b2c:	000000c3 00000000 00000000 00000000     ................
	...
20001b80:	300c0000 00000020 00000000 00000000     ...0 ...........
	...
20001bd8:	0000c300 00000000 00000000 00000000     ................
	...
20001c2c:	0c000000 00002030 00000000 00000000     ....0 ..........
	...
20001c84:	00c30000 00000000 00000000 00000000     ................
	...
20001cdc:	0020300c 00000000 00000000 00000000     .0 .............
	...
20001d30:	c3000000 00000000 00000000 00000000     ................
	...
20001d88:	20300c00 00000000 00000000 00000000     ..0 ............
	...
20001de0:	000000c3 00000000 00000000 00000000     ................
	...
20001e34:	300c0000 00000020 00000000 00000000     ...0 ...........
	...
20001e80:	40010000 00000000 00000000 0000c300     ...@............
	...
20001ee0:	0c000000 00002030 00000000 00000000     ....0 ..........
	...
20001f38:	00c30000 00000000 00000000 00000000     ................
	...
20001f90:	0020300c 00000000 00000000 00000000     .0 .............
	...
20001fe4:	c3000000 00000000 00000000 00000000     ................
	...
2000203c:	20300c00 00000000 00000000 00000000     ..0 ............
	...
20002074:	00000008 00000000 00000000 00000000     ................
	...
20002094:	000000c3 00000000 00000000 00000000     ................
	...
200020cc:	00000f00 00000000 00000000 00000000     ................
	...
200020e8:	300c0000 00000020 00000000 00000000     ...0 ...........
	...
20002120:	00001100 000000e0 00000000 00000000     ................
	...
20002140:	0000c300 00000000 00000000 00000000     ................
	...
20002174:	03000000 00100028 00000000 00000000     ....(...........
	...
20002194:	0c000000 00002030 00000000 00000000     ....0 ..........
	...
200021cc:	80000000 01800100 00000000 00000000     ................
	...
200021ec:	00c30000 00000000 00000000 00000000     ................
	...
20002224:	00001000 40100108 00000000 00000000     .......@........
	...
20002240:	00000001 0420300c 00000000 00100000     .....0 .........
20002250:	00000000 00004000 01000000 00000000     .....@..........
20002260:	00040000 00000000 00001000 00040000     ................
20002270:	00000000 00001000 00000000 00000040     ............@...
20002280:	00010000 00000000 00000400 00000000     ................
20002290:	00000010 10000000 c3000000 00400000     ..............@.
200022a0:	00000000 00000001 04000000 00000000     ................
200022b0:	00100000 00000000 00004000 01000000     .........@......
200022c0:	00000000 00004000 01000000 00000000     .....@..........
200022d0:	00040000 00000000 00001000 00000000     ................
200022e0:	00000040 00010000 00000000 00000100     @...............
200022f0:	20300c00 00000004 10000000 00000000     ..0 ............
20002300:	00400000 00000000 00000001 04000000     ..@.............
20002310:	00000000 00100000 04000000 00000000     ................
20002320:	00100000 00000000 00004000 01000000     .........@......
20002330:	00000000 00040000 00000000 00001000     ................
20002340:	00000000 00000010 400000c3 00000000     ...........@....
20002350:	00000100 00000000 00000004 10000000     ................
20002360:	00000000 00400000 00000000 00000001     ......@.........
20002370:	00400000 00000000 00000001 04000000     ..@.............
20002380:	00000000 00100000 00000000 00004000     .............@..
20002390:	01000000 00000000 00010000 300c0000     ...............0
200023a0:	00000420 00000000 00000010 40000000      ..............@
200023b0:	00000000 00000100 00000000 00000004     ................
200023c0:	10000000 00000000 00000004 10000000     ................
200023d0:	00000000 00400000 00000000 00000001     ......@.........
200023e0:	04000000 00000000 00100000 00000000     ................
200023f0:	00001000 0000c300 00000040 00010000     ........@.......
20002400:	00000000 00000400 00000000 00000010     ................
20002410:	40000000 00000000 00000100 40000000     ...@...........@
20002420:	00000000 00000100 00000000 00000004     ................
20002430:	10000000 00000000 00400000 00000000     ..........@.....
20002440:	00000001 01000000 0c000000 00042030     ............0 ..
20002450:	00000000 00001000 00000000 00000040     ............@...
20002460:	00010000 00000000 00000400 00000000     ................
20002470:	00000010 00000400 00000000 00000010     ................
20002480:	40300000 00000000 00000100 00000000     ..0@............
20002490:	00000004 10000000 00000000 00100000     ................
200024a0:	00c30000 00004000 01000000 00000000     .....@..........
200024b0:	00040000 00000000 00001000 00000000     ................
200024c0:	00000040 00010000 00000000 00000040     @...........@...
200024d0:	00010000 00000000 00000400 00000000     ................
200024e0:	00000010 40000000 00000000 00000100     .......@........
	...
200024f8:	0020300c 00000000 00000000 00000000     .0 .............
	...
2000254c:	c3000000 00000000 00000000 00000000     ................
	...
200025a4:	20300c00 00000000 00000000 00000000     ..0 ............
	...
200025fc:	000000c3 00000000 00000000 00000000     ................
	...
20002650:	300c0000 00000020 00000000 00000000     ...0 ...........
	...
200026a8:	0000c300 00000000 00000000 00000000     ................
	...
200026fc:	0c000000 00002030 00000000 00000000     ....0 ..........
	...
20002754:	00c30000 00000000 00000000 00000000     ................
	...
200027a8:	00000001 0420300c 00000000 00100000     .....0 .........
200027b8:	00000000 00004000 01000000 00000000     .....@..........
200027c8:	00040000 00000000 00001000 00040000     ................
200027d8:	00000000 00001000 00000000 00000040     ............@...
200027e8:	00010000 00000000 00000400 00000000     ................
200027f8:	00000010 10000000 c3000000 00400000     ..............@.
20002808:	00000000 00000001 04000000 00000000     ................
20002818:	00100000 00000000 00004000 01000000     .........@......
20002828:	00000000 00004000 01000000 00000000     .....@..........
20002838:	00040000 00000000 00001000 00000000     ................
20002848:	00000040 00010000 00000000 00000100     @...............
20002858:	20300c00 00000004 10000000 00000000     ..0 ............
20002868:	00400000 00000000 00000001 04000000     ..@.............
20002878:	00000000 00100000 04000000 00000000     ................
20002888:	00100000 00000000 00004000 01000000     .........@......
20002898:	00000000 00040000 00000000 00001000     ................
200028a8:	00000000 00000010 400000c3 00000000     ...........@....
200028b8:	00000100 00000000 00000004 10000000     ................
200028c8:	00000000 00400000 00000000 00000001     ......@.........
200028d8:	00400000 00000000 00000001 04000000     ..@.............
200028e8:	00000000 00100000 00000000 00004000     .............@..
200028f8:	01000000 00000000 00010000 300c0000     ...............0
20002908:	00000420 00000000 00000010 40000000      ..............@
20002918:	00000000 00000100 00000000 00000004     ................
20002928:	10000000 00000000 00000004 10000000     ................
20002938:	00000000 00400000 00000000 00000001     ......@.........
20002948:	04000000 00000000 00100000 00000000     ................
20002958:	00001000 0000c300 00000040 00010000     ........@.......
20002968:	00000000 00000400 00000000 00000010     ................
20002978:	40000000 00000000 00000100 40000000     ...@...........@
20002988:	00000000 00000100 00000000 00000004     ................
20002998:	10000000 00000000 00400000 00000000     ..........@.....
200029a8:	00000001 01000000 0c000000 00042030     ............0 ..
200029b8:	00000000 00001000 00000000 00000040     ............@...
200029c8:	00010000 00000000 00000400 00000000     ................
200029d8:	00000010 00000400 00000000 00000010     ................
200029e8:	40000000 00000000 00000100 00000000     ...@............
200029f8:	00000004 10000000 00000000 00100000     ................
20002a08:	00c30000 00004000 01000000 00000000     .....@..........
20002a18:	00040000 00000000 00001000 00000000     ................
20002a28:	00000040 00010000 00000000 00000040     @...........@...
20002a38:	00010000 00000000 00000400 00000000     ................
20002a48:	00000010 40000000 00000000 00000100     .......@........
	...
20002a60:	0020300c 00000000 00000000 00000000     .0 .............
	...
20002ab4:	c3000000 00000000 00000000 00000000     ................
	...
20002b0c:	20300c00 00000000 00000000 00000000     ..0 ............
	...
20002b3c:	40010000 00000000 00000000 00000000     ...@............
	...
20002b64:	000000c3 00000000 00000000 00000000     ................
	...
20002bb8:	300c0000 00000020 00000000 00000000     ...0 ...........
	...
20002c10:	0000c300 00000000 00000000 00000000     ................
	...
20002c64:	0c000000 00002030 00000000 00000000     ....0 ..........
	...
20002cbc:	00c30000 00000000 00000000 00000000     ................
	...
20002d14:	0020300c 00000000 00000000 00000000     .0 .............
	...
20002d68:	c3000000 00000000 00000000 00000000     ................
	...
20002dc0:	20300c00 00000000 00000000 00000000     ..0 ............
	...
20002e18:	000000c3 00000000 00000000 00000000     ................
	...
20002e6c:	300c0000 00000020 00000000 00000000     ...0 ...........
	...
20002ec4:	0000c300 00000000 00000000 00000000     ................
	...
20002f18:	0c000000 00002030 00000000 00000000     ....0 ..........
	...
20002f50:	04000000 00000000 00000000 00000000     ................
	...
20002f70:	00c30000 00000000 00000000 00000000     ................
	...
20002fa8:	00200000 00000000 00000000 00000000     .. .............
	...
20002fc8:	0020300c 00000000 00000000 00000000     .0 .............
	...
2000301c:	c3000000 00000000 00000000 00000000     ................
	...
20003074:	20300c00 00000000 00000000 00000000     ..0 ............
	...
200030cc:	000000c3 00000000 00000000 00000000     ................
	...
20003120:	300c0000 00000020 00000000 00000000     ...0 ...........
	...
2000316c:	00a00000 00000000 00000000 0000c300     ................
	...
200031cc:	0c000000 00002030 00000000 00000000     ....0 ..........
	...
20003224:	00c30000 00000000 00000000 00000000     ................
	...
2000327c:	0020300c 00000000 00000000 00000000     .0 .............
	...
200032d0:	c3000000 00000000 00000000 00000000     ................
	...
20003328:	20300c00 00000000 00000000 00000000     ..0 ............
	...
20003360:	00008000 00000000 00000000 00000000     ................
	...
20003380:	000000c3 00000000 00000000 00000000     ................
	...
200033b4:	10000000 00000000 00000000 00000000     ................
	...
200033d4:	300c0000 00000020 00000000 00000000     ...0 ...........
	...
2000342c:	0000c300 00000000 00000000 00000000     ................
	...
20003480:	0c000000 00002030 00000000 00000000     ....0 ..........
	...
200034d8:	00c30000 00000000 00000000 00000000     ................
	...
20003530:	0020300c 00000000 00000000 00000000     .0 .............
	...
20003584:	c3000000 00000000 00000000 00000000     ................
	...
200035dc:	20300c00 00000000 00000000 00000000     ..0 ............
	...
20003634:	000000c3 00000000 00000000 00000000     ................
	...
20003688:	300c0000 00000020 00000000 00000000     ...0 ...........
	...
200036e0:	0000c300 00000000 00000000 00000000     ................
	...
20003734:	0c000000 00002030 00000000 00000000     ....0 ..........
	...
2000378c:	00c30000 00000000 00000000 00000000     ................
	...
200037e4:	0020300c 00000000 00000000 00000000     .0 .............
	...
20003838:	c3000000 00000000 00000000 00000000     ................
	...
20003890:	20300c00 00000000 00000000 00000000     ..0 ............
	...
200038c8:	00008000 00000000 00000000 00000000     ................
	...
200038e8:	000000c3 00000000 00000000 00000000     ................
	...
2000391c:	10000000 00000000 00000000 00000000     ................
	...
2000393c:	300c0000 00000020 00000000 00000000     ...0 ...........
	...
20003994:	0000c300 00000000 00000000 00000000     ................
	...
200039e8:	0c000000 00002030 00000000 00000000     ....0 ..........
	...
20003a40:	00c30000 00000000 00000000 00000000     ................
	...
20003a98:	0020300c 00000000 00000000 00000000     .0 .............
	...
20003aec:	c3000000 00000000 00000000 00000000     ................
	...
20003b44:	20300c00 00000000 00000000 00000000     ..0 ............
	...
20003b9c:	000000c3 00000000 00000000 00000000     ................
	...
20003bf0:	300c0000 00000020 00000000 00000000     ...0 ...........
	...
20003c48:	0000c300 00000000 00000000 00000000     ................
	...
20003c9c:	0c000000 00002030 00000000 00000000     ....0 ..........
	...
20003cf4:	00c30000 00000000 00000000 00000000     ................
	...
20003d4c:	0020300c 00000000 00000000 00000000     .0 .............
	...
20003da0:	c3000000 00000000 00000000 00000000     ................
	...
20003df8:	20300c00 00000000 00000000 00000000     ..0 ............
	...
20003e50:	000000c3 00000000 00000000 00000000     ................
	...
20003ea4:	300c0000 00000020 00000000 00000000     ...0 ...........
	...
20003efc:	0000c300 00000000 00000000 00000000     ................
	...
20003f50:	0c000000 00002030 00000000 00000000     ....0 ..........
	...
20003fa8:	00c30000 00000000 00000000 00000000     ................
	...
20004000:	0020300c 00000000 00000000 00000000     .0 .............
	...
20004054:	c3000000 00000000 00000000 00000000     ................
	...
200040ac:	20300c00 00000000 00000000 00000000     ..0 ............
	...
20004104:	000000c3 00000000 00000000 00000000     ................
	...
20004158:	300c0000 00000020 00000000 00000000     ...0 ...........
	...
200041b0:	0000c300 00000000 00000000 00000000     ................
	...
20004204:	0c000000 00002030 00000000 00000000     ....0 ..........
	...
2000425c:	00c30000 00000000 00000000 00000000     ................
	...
200042b4:	0020300c 00000000 00000000 00000000     .0 .............
	...
20004308:	c3000000 00000000 00000000 00000000     ................
	...
20004360:	20300c00 00000000 00000000 00000000     ..0 ............
	...
200043b8:	000000c3 00000000 00000000 00000000     ................
	...
200043ec:	01000000 00000080 00000000 00000000     ................
	...
2000440c:	300c0000 00000020 00000000 00000000     ...0 ...........
	...
20004464:	0000c300 00000000 00000000 00000000     ................
	...
200044b8:	0c000000 00002030 00000000 00000000     ....0 ..........
	...
20004510:	00c30000 00000000 00000000 00000000     ................
	...
20004540:	60000000 00000000 00000000 00000000     ...`............
	...
20004568:	0020300c 00000000 00000000 00000000     .0 .............
	...
200045bc:	c3000000 00000000 00000000 00000000     ................
	...
20004614:	20300c00 00000000 00000000 00000000     ..0 ............
	...
2000466c:	000000c3 00000000 00000000 00000000     ................
	...
200046c0:	300c0000 00000020 00000000 00000000     ...0 ...........
	...
20004718:	0000c300 00000000 00000000 00000000     ................
	...
2000476c:	0c000000 00002030 00000000 00000000     ....0 ..........
	...
200047c4:	00c30000 00000000 00000000 00000000     ................
	...
2000481c:	0020300c 00000000 00000000 00000000     .0 .............
	...
20004870:	c3000000 00000000 00000000 00000000     ................
	...
200048bc:	a0000000 00000000 00000000 20300c00     ..............0 
	...
20004920:	000000c3 00000000 00000000 00000000     ................
	...
20004974:	300c0000 00000020 00000000 00000000     ...0 ...........
	...
200049cc:	0000c300 00000000 00000000 00000000     ................
	...
20004a20:	0c000000 00002030 00000000 00000000     ....0 ..........
	...
20004a58:	80000000 00000000 00000000 00000000     ................
	...
20004a78:	00c30000 00000000 00000000 00000000     ................
	...
20004ab0:	00001000 00000000 00000000 00000000     ................
	...
20004ad0:	0020300c 00000000 00000000 00000000     .0 .............
	...
20004b24:	c3000000 00000000 00000000 00000000     ................
	...
20004b7c:	20300c00 00000000 00000000 00000000     ..0 ............
	...
20004bd4:	000000c3 00000000 00000000 00000000     ................
	...
20004c28:	300c0000 00000020 00000000 00000000     ...0 ...........
	...
20004c80:	0000c300 00000000 00000000 00000000     ................
	...
20004cd4:	0c000000 00002030 00000000 00000000     ....0 ..........
	...
20004d2c:	00c30000 00000000 00000000 00000000     ................
	...
20004d84:	0020300c 00000000 00000000 00000000     .0 .............
	...
20004dd8:	c3000000 00000000 00000000 00000000     ................
	...
20004e30:	20300c00 00000000 00000000 00000000     ..0 ............
	...
20004e68:	00000002 00000000 00000000 00000000     ................
	...
20004e88:	000000c3 00000000 00000000 00000000     ................
	...
20004edc:	300c0000 00000020 00000000 00000000     ...0 ...........
	...
20004f34:	0000c300 00000000 00000000 00000000     ................
	...
20004f88:	0c000000 00002030 00000000 00000000     ....0 ..........
	...
20004fe0:	00c30000 00000000 00000000 00000000     ................
	...
20005038:	0020300c 00000000 00000000 00000000     .0 .............
	...
2000508c:	c3000000 00000000 00000000 00000000     ................
	...
200050e4:	20300c00 00000000 00000000 00000000     ..0 ............
	...
2000513c:	000000c3 00000000 00000000 00000000     ................
	...
20005190:	300c0000 00000020 00000000 00000000     ...0 ...........
	...
200051e8:	0000c300 00000000 00000000 00000000     ................
	...
2000523c:	0c000000 00002030 00000000 00000000     ....0 ..........
	...
20005294:	00c30000 00000000 00000000 00000000     ................
	...
200052ec:	0020300c 00000000 00000000 00000000     .0 .............
	...
20005340:	c3000000 00000000 00000000 00000000     ................
	...
20005398:	20300c00 00000000 00000000 00000000     ..0 ............
	...
200053f0:	000000c3 00000000 00000000 00000000     ................
	...
20005444:	300c0000 00000020 00000000 00000000     ...0 ...........
	...
2000549c:	0000c300 00000000 00000000 00000000     ................
	...
200054f0:	0c000000 00002030 00000000 00000000     ....0 ..........
	...
20005548:	00c30000 00000000 00000000 00000000     ................
	...
200055a0:	0020300c 00000000 00000000 00000000     .0 .............
	...
200055f4:	c3000000 00000000 00000000 00000000     ................
	...
2000564c:	20300c00 00000000 00000000 00000000     ..0 ............
	...
200056a4:	000000c3 00000000 00000000 00000000     ................
	...
200056f8:	300c0000 00000020 00000000 00000000     ...0 ...........
	...
20005750:	0000c300 00000000 00000000 00000000     ................
	...
200057a4:	0c000000 00002030 00000000 00000000     ....0 ..........
	...
200057dc:	80020000 00000000 00000000 00000000     ................
	...
200057fc:	00c30000 00000000 00000000 00000000     ................
	...
20005850:	00000001 0420300c 00000000 00100000     .....0 .........
20005860:	00000000 00004000 01000000 00000000     .....@..........
20005870:	00040000 00000000 00001000 00040000     ................
20005880:	00000000 00001000 00000000 00000040     ............@...
20005890:	00010000 00000000 00000400 00000000     ................
200058a0:	00000010 10000000 c3000000 00400000     ..............@.
200058b0:	00000000 00000001 04000000 00000000     ................
200058c0:	00100000 00000000 00004000 01000000     .........@......
200058d0:	00000000 00004000 01000000 00000000     .....@..........
200058e0:	00040000 00000000 00001000 00000000     ................
200058f0:	00000040 00010000 00000000 00000100     @...............
20005900:	20300c00 00000004 10000000 00000000     ..0 ............
20005910:	00400000 00000000 00000001 04000000     ..@.............
20005920:	00000000 00100000 04000000 00000000     ................
20005930:	00100000 00000000 00004000 01000000     .........@......
20005940:	00000000 00040000 00000000 00001000     ................
20005950:	00000000 00000010 400000c3 00000000     ...........@....
20005960:	00000100 00000000 00000004 10000000     ................
20005970:	00000000 00400000 00000000 00000001     ......@.........
20005980:	00400000 00000000 00000001 04000000     ..@.............
20005990:	00000000 00100000 00000000 00004000     .............@..
200059a0:	01000000 00000000 00010000 300c0000     ...............0
200059b0:	00000420 00000000 00000010 40000000      ..............@
200059c0:	00000000 00000100 00000000 00000004     ................
200059d0:	10000000 00000000 00000004 10000000     ................
200059e0:	00000000 00400000 00000000 00000001     ......@.........
200059f0:	04000000 00000000 00100000 00000000     ................
20005a00:	00001000 0000c300 00000040 00010000     ........@.......
20005a10:	00000000 00000400 00000000 00000010     ................
20005a20:	40000000 00000000 00000100 40000000     ...@...........@
20005a30:	00000000 00000100 00000000 00000004     ................
20005a40:	10000000 00000000 00400000 00000000     ..........@.....
20005a50:	00000001 01000000 0c000000 00042030     ............0 ..
20005a60:	00000000 00001000 00000000 00000040     ............@...
20005a70:	00010000 00000000 00000400 00000000     ................
20005a80:	00000010 00000400 00000000 00000010     ................
20005a90:	40000000 00000000 00000100 00000000     ...@............
20005aa0:	00000004 10000000 00000000 00100000     ................
20005ab0:	00c30000 00004000 01000000 00000000     .....@..........
20005ac0:	00040000 00000000 00001000 00000000     ................
20005ad0:	00000040 00010000 00000000 00000040     @...........@...
20005ae0:	40010000 00000000 00000400 00000000     ...@............
20005af0:	00000010 40000000 00000000 00000100     .......@........
	...
20005b08:	0020300c 00000000 00000000 00000000     .0 .............
	...
20005b5c:	c3000000 00000000 00000000 00000000     ................
	...
20005bb4:	20300c00 00000000 00000000 00000000     ..0 ............
	...
20005bec:	00008000 00000000 00000000 00000000     ................
	...
20005c0c:	000000c3 00000000 00000000 00000000     ................
	...
20005c40:	10000000 00000000 00000000 00000000     ................
	...
20005c60:	300c0000 00000020 00000000 00000000     ...0 ...........
	...
20005cb8:	0000c300 00000000 00000000 00000000     ................
	...
20005d04:	00006000 00000000 0c000000 00002030     .`..........0 ..
	...
20005d64:	00c30000 00000000 00000000 00000000     ................
	...
20005db8:	00000001 0420300c 00000000 00100000     .....0 .........
20005dc8:	00000000 00004000 01000000 00000000     .....@..........
20005dd8:	00040000 00000000 00001000 00040000     ................
20005de8:	00000000 00001000 00000000 00000040     ............@...
20005df8:	00010000 00000000 00000400 00000000     ................
20005e08:	00000010 10000000 c3000000 00400000     ..............@.
20005e18:	00000000 00000001 04000000 00000000     ................
20005e28:	00100000 00000000 00004000 01000000     .........@......
20005e38:	00000000 00004000 01000000 00000000     .....@..........
20005e48:	00040000 00000000 00001000 00000000     ................
20005e58:	00000040 00010000 00000000 00000100     @...............
20005e68:	20300c00 00000004 10000000 00000000     ..0 ............
20005e78:	00400000 00000000 00000001 04000000     ..@.............
20005e88:	00000000 00100000 04000000 00000000     ................
20005e98:	00100000 00000000 00004000 01000000     .........@......
20005ea8:	00000000 00040000 00000000 00001000     ................
20005eb8:	00000000 00000010 400000c3 00000000     ...........@....
20005ec8:	00000100 00000000 00000004 10000000     ................
20005ed8:	00000000 00400000 00000000 00000001     ......@.........
20005ee8:	00400000 00000000 00000001 04000000     ..@.............
20005ef8:	00000000 00100000 00000000 00004000     .............@..
20005f08:	01000000 00000000 00010000 300c0000     ...............0
20005f18:	00000420 00000000 00000010 40000000      ..............@
20005f28:	00000000 00000100 00000000 00000004     ................
20005f38:	10000000 00000000 00000004 10000000     ................
20005f48:	00000000 00400000 00000000 00000001     ......@.........
20005f58:	04000000 00000000 00100000 00000000     ................
20005f68:	00001000 0000c300 00000040 00010000     ........@.......
20005f78:	00000000 00000400 00000000 00000010     ................
20005f88:	40000000 00000000 00000100 40000000     ...@...........@
20005f98:	00000000 00000100 00000000 00000004     ................
20005fa8:	10000000 00000000 00400000 00000000     ..........@.....
20005fb8:	00000001 01000000 0c000000 00042030     ............0 ..
20005fc8:	00000000 00001000 00000000 00000040     ............@...
20005fd8:	00010000 00000000 00000400 00000000     ................
20005fe8:	00000010 00000400 00000000 00000010     ................
20005ff8:	40000000 00000000 00000100 00000000     ...@............
20006008:	00000004 10000000 00000000 00100000     ................
20006018:	00c30000 00004000 01000000 00000000     .....@..........
20006028:	00040000 00000000 00001000 00000000     ................
20006038:	00000040 00010000 00000000 00000040     @...........@...
20006048:	00010000 00000000 00000400 00000000     ................
20006058:	00000010 40000000 00000000 00000100     .......@........
	...
20006070:	0020300c 00000000 00000000 00000000     .0 .............
	...
200060c4:	c3000000 00000000 00000000 00000000     ................
	...
2000611c:	20300c00 00000000 00000000 00000000     ..0 ............
	...
20006174:	000000c3 00000000 00000000 00000000     ................
	...
200061c8:	300c0000 00000020 00000000 00000000     ...0 ...........
	...
20006220:	0000c300 00000000 00000000 00000000     ................
	...
20006274:	0c000000 00002030 00000000 00000000     ....0 ..........
	...
200062cc:	00c30000 00000000 00000000 00000000     ................
	...
20006324:	0020300c 00000000 00000000 00000000     .0 .............
	...
20006378:	c3000000 00000000 00000000 00000000     ................
	...
200063d0:	20300c00 00000000 00000000 00000000     ..0 ............
	...
20006408:	00000002 00000000 00000000 00000000     ................
	...
20006428:	000000c3 00000000 00000000 00000000     ................
	...
2000647c:	300c0000 00000020 00000000 00000000     ...0 ...........
	...
200064d4:	0000c300 00000000 00000000 00000000     ................
	...
20006528:	0c000000 00002030 00000000 00000000     ....0 ..........
	...
20006580:	00c30000 00000000 00000000 00000000     ................
	...
200065d8:	0020300c 00000000 00000000 00000000     .0 .............
	...
2000662c:	c3000000 00000000 00000000 00000000     ................
	...
20006684:	20300c00 00000000 00000000 00000000     ..0 ............
	...
200066dc:	000000c3 00000000 00000000 00000000     ................
	...
20006730:	300c0000 00000020 00000000 00000000     ...0 ...........
	...
20006788:	0000c300 00000000 00000000 00000000     ................
	...
200067dc:	0c000000 00002030 00000000 00000000     ....0 ..........
	...
20006834:	00c30000 00000000 00000000 00000000     ................
	...
2000688c:	0020300c 00000000 00000000 00000000     .0 .............
	...
200068e0:	c3000000 00000000 00000000 00000000     ................
	...
20006938:	20300c00 00000000 00000000 00000000     ..0 ............
	...
20006990:	000000c3 00000000 00000000 00000000     ................
	...
200069e4:	300c0000 00000020 00000000 00000000     ...0 ...........
	...
20006a3c:	0000c300 00000000 00000000 00000000     ................
	...
20006a90:	0c000000 00002030 00000000 00000000     ....0 ..........
	...
20006ae8:	00c30000 00000000 00000000 00000000     ................
	...
20006b40:	0020300c 00000000 00000000 00000000     .0 .............
	...
20006b70:	04000000 00000000 00000000 00000000     ................
	...
20006b94:	c3000000 00000000 00000000 00000000     ................
	...
20006bc8:	00400300 00000000 00000000 00000000     ..@.............
	...
20006bec:	20300c00 00000000 00000000 00000000     ..0 ............
	...
20006c1c:	00000200 00000000 00380008 00000000     ..........8.....
	...
20006c38:	00000002 00000000 00000000 000000c3     ................
	...
20006c7c:	00008000 00000000 00000000 00000000     ................
	...
20006c98:	300c0000 00000020 00000000 00000000     ...0 ...........
	...
20006cc8:	00040000 101c0400 01001040 000000c0     ........@.......
	...
20006ce4:	00020400 00000000 00000000 0000c300     ................
	...
20006d20:	02004000 03040000 00000000 00000000     .@..............
	...
20006d44:	0c000000 00002030 00000000 00000000     ....0 ..........
	...
20006d80:	01000800 00000001 00000000 00000000     ................
	...
20006d9c:	00c30000 00000000 00000000 00000000     ................
	...
20006dd8:	10100210 00000000 00000000 00000000     ................
	...
20006df4:	0020300c 00000000 00000000 00000000     .0 .............
	...
20006e48:	c3000000 00000000 00000000 00000000     ................
	...
20006ea0:	20300c00 00000000 00000000 00000000     ..0 ............
	...
20006ed0:	04000000 00000060 00000000 00000000     ....`...........
20006ee0:	00000000 00280000 00000000 02000000     ......(.........
20006ef0:	00400000 00000000 000000c3 00000000     ..@.............
	...
20006f3c:	00000001 00000000 001c0000 00000084     ................
20006f4c:	300c0000 00000020 00000000 00000000     ...0 ...........
	...
20006f80:	101c0000 00000040 00000000 00000000     ....@...........
	...
20006fa4:	0000c300 00000000 00000000 00000000     ................
	...
20006fd8:	00040001 00000000 00000000 00000000     ................
	...
20006ff8:	0c000000 00002030 00000000 00000000     ....0 ..........
	...
20007028:	0c000000 00000000 00304002 00000000     .........@0.....
	...
20007044:	000c0000 00000020 00000000 00c30000     .... ...........
	...
20007084:	04b00000 00000000 00000000 00000000     ................
	...
2000709c:	40000000 00000000 00000000 0020300c     ...@.........0 .
	...
200070d4:	20400018 6c160000 00000000 00000000     ..@ ...l........
	...
200070ec:	01000000 005030d3 61042000 00008033     .....0P.. .a3...
200070fc:	c3000000 00000000 00000000 00000000     ................
	...
2000712c:	0008002c 00800200 00000000 00000000     ,...............
	...
20007144:	e6d10000 01000401 c29c40c3 00000000     .........@......
20007154:	20300c00 00000000 00000000 00000000     ..0 ............
	...
2000717c:	80000000 8c561900 360002f0 00000028     ......V....6(...
2000718c:	00000008 00000000 00000000 00800000     ................
2000719c:	00000001 3c140000 00803349 00000000     .......<I3......
200071ac:	000000c3 00000000 00000000 00000000     ................
	...
200071d8:	00314380 00400100 00000000 00000000     .C1...@.........
	...
200071f0:	80f00000 00000000 8c800300 000000c2     ................
20007200:	300c0000 00000020 00000000 00000000     ...0 ...........
	...
2000722c:	52810100 000cf00c 00000000 80003000     ...R.........0..
	...
20007244:	01030000 a8fa0100 20000010 8033683c     ........... <h3.
20007254:	00000000 0000c300 00000000 00000000     ................
	...
20007284:	31838000 0204c000 03000080 00000f00     ...1............
	...
200072a0:	0005fee1 c0c70300 0000c2bc 0c000000     ................
200072b0:	00002030 00000000 00000000 00000000     0 ..............
	...
200072d8:	08000000 00f00c02 01280000 00004002     ..........(..@..
	...
200072f4:	160e8003 00005068 33680114 00000080     ....hP....h3....
20007304:	00c30000 00000000 00000000 00000000     ................
	...
20007330:	27000100 e0000031 04908006 00000010     ...'1...........
	...
2000734c:	05b80d00 00000000 00c2bc00 00000000     ................
2000735c:	0020300c 00000000 00000000 00000000     .0 .............
	...
20007388:	b0448200 01000000 40400060 00008000     ..D.....`.@@....
	...
200073a0:	18000000 0010e8d7 49010001 0000a033     ...........I3...
200073b0:	c3000000 00000000 00000000 00000000     ................
	...
200073dc:	0b000100 00008530 00020000 07000044     ....0.......D...
	...
200073f8:	e2090000 08000041 c0ac0000 00000000     ....A...........
20007408:	20300c00 00000000 00000000 00000000     ..0 ............
	...
20007434:	44828109 000000b0 40000060 03000040     ...D....`..@@...
20007444:	0a010506 00000000 00000000 50f01f00     ...............P
20007454:	05000040 00803369 00000000 000000c3     @...i3..........
	...
20007488:	10000000 008530af 34000000 00008600     .....0.....4....
20007498:	a0030000 000e0050 00000000 0d000001     ....P...........
200074a8:	0000017d 9c400300 000000c2 300c0000     }.....@........0
200074b8:	00000020 00000000 00000000 00000000      ...............
	...
200074e0:	82000000 0000b044 405d2200 01008001     ....D...."]@....
200074f0:	000000c0 00000000 00000000 e9720f20     ............ .r.
20007500:	00000010 80336800 00000000 0000c300     .....h3.........
	...
20007538:	85240b00 00000000 8400b03d 00100000     ..$.....=.......
	...
20007550:	00100000 0001e189 00004000 0000c29c     .........@......
20007560:	0c000000 00002030 00000000 00000000     ....0 ..........
	...
2000758c:	01000003 0cb04482 59700000 00300040     .....D....pY@.0.
2000759c:	05060000 00000080 03000000 9e180800     ................
200075ac:	000050a0 33e90000 00000080 00c30000     .P.....3........
	...
200075e4:	24af0000 00000085 00802600 000f0000     ...$.....&......
200075f4:	10909053 00000000 00000000 416d9f10     S.............mA
20007604:	02000000 08c0fcc2 00000000 0020300c     .............0 .
	...
2000763c:	b0048200 61360000 00400060 00100000     ......6a`.@.....
2000764c:	00000000 540a6c06 18080000 008057b7     .....l.T.....W..
2000765c:	e8010000 00008033 c3000000 00000000     ....3...........
	...
20007690:	09000000 00108530 00004001 00000044     ....0....@..D...
200076a0:	0000000f 23400000 004000c0 20091000     ......@#..@.... 
200076b0:	00000074 c09c8203 00000040 20300c00     t.......@.....0 
	...
200076e4:	80000000 0c021900 000002f0 00000000     ................
200076f4:	a8500008 20000100 ea0f0000 08800004     ..P.... ........
20007704:	00000001 00000000 008033e9 00000000     .........3......
20007714:	000000c3 00000000 00000000 00000000     ................
	...
20007740:	00313390 00000000 00000000 02b00000     .31.............
20007750:	00000010 40a03000 f0700000 00000000     .....0.@..p.....
20007760:	acc20300 000000c0 300c0000 00000020     ...........0 ...
	...
20007794:	72000000 000cf00c 907a2900 18001000     ...r.....)z.....
200077a4:	00688101 80670040 01011418 97ba0108     ..h.@.g.........
200077b4:	80000080 8033e800 00000000 0000c300     ......3.........
	...
200077ec:	31830000 0000c000 0100c901 08000000     ...1............
200077fc:	800c8016 42cf4300 50000240 00b870e9     .....C.B@..P.p..
2000780c:	00000000 0010c0fc 0c000000 00002030     ............0 ..
	...
20007840:	01080000 00b00482 5f001400 00000000     ..........._....
	...
20007858:	0004ea21 00000800 00004020 33690400     !....... @....i3
20007868:	00000081 00c30000 00000000 00000000     ................
	...
20007898:	349d1000 01000085 00f88542 00000000     ...4....B.......
200078a8:	00000000 d0000000 00004050 08350510     ........P@....5.
200078b8:	c3010000 00c0dc42 00000000 0020300c     ....B........0 .
	...
200078ec:	09000000 f00c5a98 02200e00 00400000     .....Z.... ...@.
200078fc:	78000010 0900003c 140820e0 880d0000     ...x<.... ......
2000790c:	00805070 c8012e40 00408033 c3000000     pP..@...3.@.....
	...
20007944:	00100000 08003103 00144000 00200084     .....1...@.... .
20007954:	c0030000 03000000 004042ce 35005100     .........B@..Q.5
20007964:	02000008 c0ccc2c3 00000000 20300c00     ..............0 
	...
2000797c:	08000000 00000000 00000000 00000000     ................
	...
2000799c:	4c028101 000000f0 00000028 90000000     ...L....(.......
200079ac:	00000000 a000e000 030000f0 00c19380     ................
200079bc:	25240000 408033e8 00000000 000000c3     ..$%.3.@........
	...
200079f4:	00313380 c0060000 00000000 00000900     .31.............
20007a04:	00000000 000f003c 97080000 00049068     ....<.......h...
20007a14:	ec40e300 000000c0 300c0000 00000020     ..@........0 ...
	...
20007a48:	82010000 4000b044 00003080 00000040     ....D..@.0..@...
20007a58:	003c6000 84e70000 1000a005 04020a00     .`<.............
20007a68:	20000018 80336925 00000000 0000c300     ... %i3.........
	...
20007aa0:	85348900 00000000 00840034 00000000     ..4.....4.......
20007ab0:	0000c003 5a200002 11080000 00014000     ...... Z.....@..
20007ac0:	c2c38500 0080c0cc 0c000000 00002030     ............0 ..
	...
20007af4:	00000003 0cf04c02 e1640000 00300081     .....L....d...0.
20007b04:	10ae0380 0200c000 03f08000 00000800     ................
20007b14:	00008016 33c8000e 00000080 00c30000     .......3........
	...
20007b4c:	27000000 00000031 00d06606 00050000     ...'1....f......
20007b5c:	1000610b 10400000 0000000f 940205b0     .a....@.........
20007b6c:	22000020 10c0cc42 00720000 010111b0      .."B.....r.....
20007b7c:	00000001 00000000 00000000 00000000     ................
	...
20007bcc:	00080000 00000000 00000000 00000000     ................
	...
20007c24:	00009000 00000000 00000000 00000000     ................
	...
20007c54:	00008000 00000000 00000000 00000000     ................
	...
20007ca8:	78000000 00000000 00000000 00000000     ...x............
	...
20007da8:	00000020 00000000 00000000 00000000      ...............
	...
20007dfc:	001c0000 00000000 00000000 00000000     ................
	...
20007e54:	10000000 00000000 00400000 00000000     ..........@.....
	...
20007f04:	00000040 00010000 00000000 00000000     @...............
	...
20007f30:	00c00000 00000000 00000000 00000000     ................
	...
20007f54:	00020000 00080000 00000800 00003c00     .............<..
	...
20007f88:	0000000c 00000000 00000000 00000000     ................
	...
20007fb4:	00800700 00000000 00000000 00000000     ................
	...
20008000:	01000000 00000000 00040000 00000000     ................
	...
2000805c:	00004000 01000000 00000000 00000000     .@..............
	...
200080b0:	00000002 08000000 00000000 00000000     ................
	...
200080e8:	00300c00 00000000 00000000 00000000     ..0.............
	...
20008140:	000002c3 00000000 00000000 00000000     ................
	...
20008194:	300c0000 00000000 00000000 00000000     ...0............
	...
200081e4:	005a2000 00000000 0002c300 00000000     . Z.............
	...
20008238:	04000000 0000a005 0c000000 00000030     ............0...
	...
20008268:	00008000 00000000 00000000 00000000     ................
	...
20008298:	02c30000 00000000 00000000 00000000     ................
	...
200082bc:	10000000 00000000 00000000 00000000     ................
	...
200082f0:	0000300c 00000000 00000000 00000000     .0..............
	...
20008344:	c3000000 00000002 00000000 00000000     ................
	...
2000839c:	00300c00 00000000 00000000 00000000     ..0.............
	...
200083f4:	000002c3 00000000 00000000 00000000     ................
	...
20008448:	300c0000 00000000 00000000 00000000     ...0............
	...
200084a0:	0002c300 00000000 00000000 00000000     ................
	...
200084f4:	0c000000 00000030 00000000 00000000     ....0...........
	...
2000854c:	02c30000 00000000 00000000 00000000     ................
	...
200085a4:	0000300c 00000000 00000000 00000000     .0..............
	...
200085f0:	00400000 00000000 c3000000 00000002     ..@.............
	...
20008648:	00008007 00000000 00300c00 00000000     ..........0.....
	...
20008674:	80000000 00000000 00000000 00000000     ................
	...
200086a8:	000002c3 00000000 00000000 00000000     ................
	...
200086cc:	00001400 00000000 00000000 00000000     ................
	...
200086fc:	300c0000 00000000 00000000 00000000     ...0............
	...
20008754:	0002c300 00000000 00000000 00000000     ................
	...
200087a8:	0c000000 00000030 00000000 00000000     ....0...........
	...
20008800:	02c30000 00000000 00000000 00000000     ................
	...
20008838:	00800200 00000000 00000000 00000000     ................
	...
20008858:	0000300c 00000000 00000000 00000000     .0..............
	...
200088ac:	c3000000 00000002 00000000 00000000     ................
	...
20008904:	00300c00 00000000 00000000 00000000     ..0.............
	...
20008944:	00000014 00000000 00000000 00000000     ................
	...
2000895c:	000002c3 00000000 00000000 00000000     ................
	...
200089b0:	300c0000 00000000 00000000 00000000     ...0............
	...
20008a08:	0002c300 00000000 00000000 00000000     ................
	...
20008a5c:	0c000000 00000030 00000000 00000000     ....0...........
	...
20008a7c:	00800300 00000000 00000000 00000000     ................
	...
20008ab4:	02c30000 00000000 00000000 00000000     ................
	...
20008b0c:	0000300c 00000000 00000000 00000000     .0..............
	...
20008b60:	c3000000 00000002 00000000 00000000     ................
	...
20008bb8:	00300c00 00000000 00000000 00000000     ..0.............
	...
20008bec:	40424823 00000000 00000000 00000000     #HB@............
	...
20008c04:	01000000 0000a040 00000000 000002c3     ....@...........
	...
20008c40:	6f0600c0 0003048a 00000000 00000000     ...o............
20008c50:	00000000 00000030 c0000000 a0070008     ....0...........
20008c60:	00000000 300c0000 00000000 00000000     .......0........
	...
20008c98:	e0db0004 00000040 00000000 00000000     ....@...........
	...
20008cb0:	00010000 4042cb00 00000080 0002c300     ......B@........
	...
20008cf0:	0004b83d 00000000 00000000 00000000     =...............
	...
20008d08:	20000800 00001408 0c000000 00000030     ... ........0...
	...
20008d44:	00002c00 00000000 01ea0100 00000020     .,.......... ...
20008d54:	00000000 02005100 0040102c 00000014     .....Q..,.@.....
20008d64:	00000000 02c30000 00000000 00000000     ................
	...
20008d98:	02000000 00000000 00000000 0010e91a     ................
	...
20008db0:	c1760500 00020001 00000000 00000000     ..v.............
20008dc0:	0000300c 00000000 00000000 00000000     .0..............
	...
20008de8:	20000000 00000000 00020000 00000000     ... ............
	...
20008e14:	c3000000 00000002 00000000 00000000     ................
	...
20008e48:	00006000 00000000 00000000 00000000     .`..............
	...
20008e6c:	00300c00 00000000 00000000 00000000     ..0.............
	...
20008ea0:	40406c3b 00700000 00000000 00000000     ;l@@..p.........
20008eb0:	05200000 00000010 00000000 00000000     .. .............
20008ec0:	00000000 000002c3 00000000 00000000     ................
	...
20008ef4:	ff020000 008054c8 00000008 00000000     .....T..........
20008f04:	00000000 c0010000 00000000 00006001     .............`..
20008f14:	00000000 300c0000 00000000 00000000     .......0........
	...
20008f5c:	00010000 00008000 1c000000 00000040     ............@...
20008f6c:	00000000 0002c300 00000000 00000000     ................
	...
20008fa0:	4001c000 03000000 000a0000 00000000     ...@............
20008fb0:	00000000 78001000 00000000 00070000     .......x........
20008fc0:	00000000 0c000000 00000030 00000000     ........0.......
	...
20008ff8:	4f031400 00004002 0000f000 00000000     ...O.@..........
20009008:	00000000 06000000 000080b0 0000002c     ............,...
20009018:	00000000 02c30000 00000000 00000000     ................
	...
2000904c:	00200000 14da3500 01008000 00000000     .. ..5..........
2000905c:	00000000 00080000 08ef0350 00222080     ........P.... ".
	...
20009074:	0000300c 00000000 00000000 00000000     .0..............
	...
200090a4:	00020000 00000000 00000000 00000000     ................
200090b4:	00000000 0f000000 00000000 00000000     ................
200090c4:	00000000 c3000000 00000002 00000000     ................
	...
200090fc:	0000e000 05000000 00000080 00000000     ................
2000910c:	00000000 00100000 00000000 00000000     ................
2000911c:	00000100 00300c00 00000004 10000000     ......0.........
2000912c:	00000000 00400000 00000000 00000001     ......@.........
2000913c:	04000000 00000000 00100000 04000000     ................
2000914c:	00000000 00100000 40411800 0d004000     ..........A@.@..
2000915c:	0100012c c4040000 00048024 0000000a     ,.......$.......
2000916c:	03401000 005808c0 00000010 400002c3     ..@...X........@
2000917c:	00000000 00000100 00000000 00000004     ................
2000918c:	10000000 00000000 00400000 00000000     ..........@.....
2000919c:	00000001 00403000 00000000 170000c1     .....0@.........
200091ac:	040314d4 70700000 00100cd0 40810100     ......pp.......@
200091bc:	b0194030 c1000000 00000000 00010004     0@..............
200091cc:	300c0000 00000400 00000000 00000010     ...0............
200091dc:	40000000 00000000 00000100 00000000     ...@............
200091ec:	00000004 10000000 00000000 00000004     ................
200091fc:	30000000 a56a0200 00420000 00000000     ...0..j...B.....
2000920c:	00000005 04000000 00000007 00100000     ................
2000921c:	1018cc22 00001000 0002c300 00000040     "...........@...
2000922c:	00010000 00000000 00000400 00000000     ................
2000923c:	00000010 40000000 00000000 00000100     .......@........
2000924c:	40000000 00000000 00000500 00b0a404     ...@............
2000925c:	00800104 10000000 00000004 58400000     ..............@X
2000926c:	00000000 4c000001 0100c003 0c000000     .......L........
2000927c:	00040030 00000000 00001000 00000000     0...............
2000928c:	00000040 00010000 00000000 00000400     @...............
2000929c:	00000000 00000010 00000400 00005e3b     ............;^..
200092ac:	00200010 40000000 00000000 00000100     .. ....@........
200092bc:	00000000 db090004 10004029 00000014     ........)@......
200092cc:	00100000 02c30000 00004000 01000000     .........@......
200092dc:	00000000 00040000 00000000 00001000     ................
200092ec:	00000000 00000040 00010000 00000000     ....@...........
200092fc:	30031840 000100b4 00004000 00000400     @..0.....@......
2000930c:	00000000 00000410 40000000 9084bb10     ...........@....
2000931c:	00000100 00000000 00000001 0400300c     .............0..
2000932c:	00000000 00100000 00000000 00004000     .............@..
2000933c:	01000000 00000000 00040000 00000000     ................
2000934c:	00001000 01040000 00000008 03001000     ................
2000935c:	0040904a 00001040 00010000 00000000     J.@.@...........
2000936c:	00000400 2000895b c9280630 1080008f     ....[.. 0.(.....
2000937c:	c3000000 00400002 00000000 00000001     ......@.........
2000938c:	04000000 00000000 00100000 00000000     ................
2000939c:	00004000 01000000 00000000 80104000     .@...........@..
200093ac:	03000000 96010000 08040004 00000000     ................
200093bc:	00001000 00000000 e8070040 02050010     ........@.......
200093cc:	f0d46060 00000000 00300c00 00000000     ``........0.....
	...
20009404:	02000000 00785900 fdf00000 0000492c     .....Yx.....,I..
20009414:	00000000 01000000 c200060c 000c0000     ................
	...
2000942c:	000002c3 00000000 00000000 00000000     ................
	...
2000945c:	04e00000 00007088 08830108 00000050     .....p......P...
2000946c:	00000000 f0010000 00000c6c 00000602     ........l.......
2000947c:	00000000 300c0000 00000000 00000000     .......0........
	...
200094a8:	02000000 37000000 01088065 0000286e     .......7e...n(..
200094b8:	08002000 0015c095 00000000 00000000     . ..............
200094c8:	d0930000 00002c84 00004003 00000000     .....,...@......
200094d8:	0002c300 00000000 00000000 00000000     ................
	...
20009500:	00300000 2c310300 e6eac000 03000040     ..0...1,....@...
20009510:	5a800700 000410a8 00000000 50003000     ...Z.........0.P
20009520:	a1040688 36020040 000000c5 0c000000     ....@..6........
20009530:	00000030 00000000 00000000 00000000     0...............
	...
20009558:	000b0000 00500803 4803000c 00004082     ......P....H.@..
20009568:	c0270500 00000000 00000000 7b8a0020     ..'......... ..{
20009578:	0010d671 424f2e00 00000000 02c30000     q.....OB........
	...
200095ac:	08000000 64018000 01200085 14b401e0     .......d.. .....
200095bc:	1e008000 0200de92 00000000 00080000     ................
200095cc:	9d7f0118 02002001 001008a0 00000000     ..... ..........
200095dc:	0000300c 00000000 00000000 00000000     .0..............
	...
20009604:	0f000000 00000000 746e0100 00000000     ..........nt....
20009614:	a901f000 00000068 04001c20 09000008     ....h... .......
20009624:	2000c6d2 4c020000 000020d0 c3000000     ... ...L. ......
20009634:	00000002 00000000 00000000 00000000     ................
	...
20009664:	0040e70a 48000000 009e1e00 00060000     ..@....H........
20009674:	0040a540 04100000 00000090 00de2000     @.@.......... ..
20009684:	00000100 00300c00 00000004 10000000     ......0.........
20009694:	00000000 00400000 00000000 00000001     ......@.........
200096a4:	04000000 00000000 00100000 04000000     ................
200096b4:	00000000 00100000 40825a03 00104000     .........Z.@.@..
200096c4:	01860d20 050c0000 00040804 80029080      ...............
200096d4:	3e141000 00000050 00000010 400002c3     ...>P..........@
200096e4:	00000000 00000100 00000000 00000004     ................
200096f4:	10000000 00000000 00400000 00000000     ..........@.....
20009704:	00000001 00400000 00000000 200000c1     ......@........ 
20009714:	040314c4 00038001 04100cd0 40a00e00     ...............@
20009724:	a3394030 c1006879 a0260002 000100a0     0@9.yh....&.....
20009734:	300c0000 00000400 00000000 00000010     ...0............
20009744:	40000000 00000000 00000100 00000000     ...@............
20009754:	00000004 10000000 00000000 d2008104     ................
20009764:	1000008f f04b2524 00600000 203c4000     ....$%K...`..@< 
20009774:	14e00101 0500e0e2 02f48a80 40510080     ..............Q@
20009784:	00426827 00001000 0002c300 00000040     'hB.........@...
20009794:	00010000 00000000 00000400 00000000     ................
200097a4:	00000010 40000000 00000000 00000100     .......@........
200097b4:	40000000 d02e0900 00020100 00d0d27c     ...@........|...
200097c4:	0300000c 1000c003 5e4f020e 19400000     ..........O^..@.
200097d4:	801468b8 5603a80b 01000010 0c000000     .h.....V........
200097e4:	00040030 00000000 00001000 00000000     0...............
200097f4:	00000040 00010000 00000000 00000400     @...............
20009804:	00000000 00000010 00000400 00000000     ................
20009814:	4a030010 40004081 056f0700 00000100     ...J.@.@..o.....
20009824:	0004cc01 56000004 1000c00f 185e2700     .......V.....'^.
20009834:	00108048 02c30000 00004000 01000000     H........@......
20009844:	00000000 00040000 00000000 00001000     ................
20009854:	00000000 00000040 00010000 00000000     ....@...........
20009864:	00000040 00010000 24040000 00000400     @..........$....
20009874:	00102092 0a001614 400040c0 68a48711     . .......@.@...h
20009884:	00000100 0044fa16 00000001 0400300c     ......D......0..
20009894:	00000000 00100000 00000000 00004000     .............@..
200098a4:	01000000 00000000 00040000 00000000     ................
200098b4:	00001000 00040000 00f35600 24261000     .........V....&$
200098c4:	00405000 aad75040 08030001 040a0000     .P@.@P..........
200098d4:	0a050400 1000c816 5d2c4250 1000005e     ........PB,]^...
200098e4:	c3000000 00400002 00000000 00000001     ......@.........
200098f4:	04000000 00000000 00100000 00000000     ................
20009904:	00004000 01000000 00000000 09004000     .@...........@..
20009914:	0100a82e a5566002 080c0004 50e1d709     .....`V........P
20009924:	00165040 0040a06c 71998040 69030040     @P..l.@.@..q@..i
20009934:	d0f11640 00000000 00300c00 00000000     @.........0.....
	...
20009960:	80000000 00000000 00000000 14000000     ................
20009970:	40822a28 0d010000 004001f9 c8022000     (*.@......@.. ..
20009980:	30000014 00000009 28240000 0000207f     ...0......$(. ..
20009990:	00000000 000002c3 00000000 00000000     ................
	...
200099b8:	00000400 10000000 00000080 cce30200     ................
200099c8:	000024c8 e9368a05 06000010 40816039     .$....6.....9`.@
200099d8:	10000600 00000000 b5074702 00000000     .........G......
200099e8:	300c0000 00000000 00000000 00000000     ...0............
	...
20009a14:	000a0500 01080000 555c233c 00000000     ........<#\U....
20009a24:	000000e0 24c40102 00080405 a8f78005     .......$........
20009a34:	24803010 1181ca22 00000000 0002c300     .0.$"...........
	...
20009a70:	00cac000 03c0ec6c 00010000 00040000     ....l...........
20009a80:	a00c700e 10003040 0041bfe3 c06203c4     .p..@0....A...b.
20009a90:	00842204 0c000000 00000030 00000000     ."......0.......
	...
20009ac8:	00200000 00000000 00000000 00000000     .. .............
20009ad8:	0004050c 00800300 00704e3d 5a403a14     ........=Np..:@Z
20009ae8:	00000000 02c30000 00000000 00000000     ................
	...
20009b1c:	00200000 00004000 00008000 02000000     .. ..@..........
20009b2c:	0a000e00 000840a0 d43ba5b8 02002081     .....@....;.. ..
20009b3c:	00000084 00000000 0000300c 00000000     .........0......
	...
20009b70:	0000900f 0240a100 004090c9 00b05800     ......@...@..X..
20009b80:	01000000 10881c62 88000000 30d8407f     ....b........@.0
20009b90:	00402400 00001005 c3000000 00000002     .$@.............
	...
20009bc4:	17500000 04806801 b60000e8 07000004     ..P..h..........
20009bd4:	00000000 020e0000 000001ea 62ab3800     .............8.b
20009be4:	8200200d 50a00c66 00000000 00300c00     . ..f..P......0.
	...
20009c24:	00000030 03000000 0081816f 921e4201     0.......o....B..
20009c34:	000000e0 40815f00 34040000 004000cb     ....._.@...4..@.
20009c44:	00000000 000002c3 00000000 00000000     ................
	...
20009c70:	70003000 00000000 400200c0 00030000     .0.p.......@....
20009c80:	a0160001 24001c10 005e7b06 05000230     .......$.{^.0...
20009c90:	c0001070 125c0002 00000044 300c0000     p.....\.D......0
	...
20009cc8:	00000028 00000000 c1ff2a00 00010040     (........*..@...
20009cd8:	00000000 8c030000 0800a005 015b1a0b     ..............[.
20009ce8:	06802056 4100f901 00000000 0002c300     V .....A........
	...
20009d1c:	04010000 00008001 03000000 100498f5     ................
20009d2c:	001e2000 06000000 00403114 80000100     . .......1@.....
20009d3c:	04156287 1f40c100 000404d8 0c000000     .b....@.........
20009d4c:	00000030 00000000 00000000 00000000     0...............
	...
20009d7c:	00300000 00000000 0da70b00 60000082     ..0............`
20009d8c:	0040f235 908e0d00 00000033 25de3600     5.@.....3....6.%
20009d9c:	00000000 02c30000 00000000 00000000     ................
	...
20009dd4:	00004000 1a000000 0090b097 ef782600     .@...........&x.
20009de4:	00000004 cc200850 06000000 0000a047     ....P. .....G...
20009df4:	00000000 0000300c 00000000 00000000     .....0..........
	...
20009e28:	2c00a000 00000000 adcb0900 05002160     ...,........`!..
20009e38:	f0a31740 9e030000 0000f303 e9410006     @.............A.
20009e48:	00004042 c3000000 00000002 00000000     B@..............
	...
20009e7c:	04000000 00400600 01000000 04c9361d     ......@......6..
20009e8c:	63800060 00001a6e 20b0d018 140000ce     `..cn...... ....
20009e9c:	04001662 00000000 00300c00 00000000     b.........0.....
	...
20009ed0:	2b040000 360000c8 40207f01 00780000     ...+...6.. @..x.
20009ee0:	00000000 052c2208 07000804 00330b00     .....",.......3.
20009ef0:	62800000 0040204b 00000000 000002c3     ...bK @.........
	...
20009f28:	20bceae7 1e600000 000014fa 00008e03     ... ..`.........
20009f38:	5c000000 40a00e02 07800000 0000ce24     ...\...@....$...
20009f48:	905c0704 00000044 300c0000 00000000     ..\.D......0....
	...
20009f78:	03000000 0a000000 00505848 80ff2234     ........HXP.4"..
20009f88:	70000040 000928ed c1e70bc4 2000f000     @..p.(......... 
20009f98:	730b0053 80620c00 00cc0040 00000000     S..s..b.@.......
20009fa8:	0002c300 00000000 00000000 00000000     ................
	...
20009fd0:	00300000 85a00100 0000c081 0314fc64     ..0.........d...
20009fe0:	d3000000 00045068 0f0c683e 90043108     ....hP..>h...1..
20009ff0:	00ce20e3 1e020048 00003883 0c000000     . ..H....8......
2000a000:	00000030 00000000 00000000 00000000     0...............
	...
2000a02c:	10940492 18400000 0000007a 00000000     ......@.z.......
2000a03c:	02000000 80708e4c 020f2010 000000b3     ....L.p.. ......
2000a04c:	cc1d2c34 00000000 02c30000 00000000     4,..............
	...
2000a07c:	08000000 20e80000 00208187 a0c79602     ....... .. .....
2000a08c:	00008080 02000000 017a1e01 050a00db     ..........z.....
2000a09c:	cea4f358 00002000 0038d301 00000000     X.... ....8.....
2000a0ac:	0000300c 00000000 00000000 00000000     .0..............
	...
2000a0d4:	51000000 9d04d208 42000010 0040c1ef     ...Q.......B..@.
2000a0e4:	2f9f5080 83000009 f08c1fc0 00800000     .P./............
2000a0f4:	00017302 20204081 00000200 c3000000     .s...@  ........
2000a104:	00000002 00000000 00000000 00000000     ................
	...
2000a12c:	18980200 00818720 b8ade200 88110004     .... ...........
2000a13c:	10e0320f 7b200000 00004ac8 24030000     .2.... {.J.....$
2000a14c:	000400ce 08005e06 00000000 00300c00     .....^........0.
	...
2000a184:	14580000 0000101a 68006024 f0f00000     ..X.....$`.h....
2000a194:	00018102 94bc0300 0b000024 00f30200     ........$.......
2000a1a4:	000c0000 0000adcf 00000000 000002c3     ................
	...
2000a1d8:	01003000 8117a08f 540000c0 0003540a     .0.........T.T..
2000a1e8:	28370008 042e0c10 40810000 07d80000     ..7(.......@....
2000a1f8:	c000cea4 c10d6603 000000d0 300c0000     .....f.........0
	...
2000a230:	120d0000 00309844 00c04102 00014040     ....D.0..A..@@..
2000a240:	0005b2e0 42c61500 0000040a f3030027     .......B....'...
2000a250:	3c000008 00000028 00000000 0002c300     ...<(...........
	...
2000a288:	87249801 66000081 00560a04 780c0000     ..$....f..V....x
2000a298:	04105060 a0ce2120 91390240 00cea0e7     `P.. !..@.9.....
2000a2a8:	00000a00 00000000 0c000000 00000030     ............0...
	...
2000a2dc:	00010000 00980453 00002400 00000000     ....S....$......
2000a2ec:	60a490f0 43c00000 0040c7bc 03100500     ...`...C..@.....
2000a2fc:	000000b3 0aec0114 00008040 02c30000     ........@.......
	...
2000a334:	24089800 02000087 00000000 01000000     ...$............
2000a344:	00004638 5d061600 0000007a ce20c5b9     8F.....]z..... .
2000a354:	60010000 0056b82c 00000000 0000300c     ...`,.V......0..
	...
2000a38c:	98041300 39000000 80600040 33e07000     .......9@.`..p.3
2000a39c:	00000001 14d80200 09400100 00007302     ..........@..s..
2000a3ac:	4e231600 00c04050 c3000000 00000002     ..#NP@..........
	...
2000a3e0:	08000000 00008724 0a440000 08100454     ....$.....D.T...
2000a3f0:	10f00701 01000010 004081c1 a4010002     ..........@.....
2000a400:	010000ce 06fd3d40 00000000 00300c00     ....@=........0.
	...
2000a438:	f00b000f 00000018 4042c803 00000000     ..........B@....
2000a448:	00028142 05fdc703 80000004 0033038a     B.............3.
2000a458:	01260000 00490afa 00000000 000002c3     ..&...I.........
	...
2000a490:	000f20a7 20000000 00801608 a83e1e00     . ..... ......>.
2000a4a0:	34000010 40a00a38 13103800 0001cea4     ...48..@.8......
2000a4b0:	b826e203 00008056 300c0000 00000000     ..&.V......0....
	...
2000a4e0:	03000000 1a180000 00049044 00c00340     ........D...@...
2000a4f0:	00003040 02017380 3500c000 1000e0a2     @0...s.....5....
2000a500:	b30b0000 2c061000 001adc40 00000000     .......,@.......
2000a510:	0002c300 00000000 00000000 00000000     ................
	...
2000a538:	00100000 1322bd18 6301c080 83560a84     ......"....c..V.
2000a548:	03010002 460410f0 5e5b6a00 58800200     .......F.j[^...X
2000a558:	00ce2001 076636c0 0000f093 0c000000     . ...6f.........
2000a568:	00000030 00000000 00000000 00000000     0...............
	...
2000a590:	080f0000 00900456 08000000 00404081     ....V........@@.
2000a5a0:	81820001 00000001 0014f802 0b8e0000     ................
2000a5b0:	08100073 056a2594 00000000 02c30000     s....%j.........
	...
2000a5e4:	08000000 6a1d0000 00200013 16080e00     .......j.. .....
2000a5f4:	18008000 02102837 40000600 84004081     ....7(.....@.@..
2000a604:	ce24b379 66122800 0040a0bf 00000000     y.$..(.f..@.....
2000a614:	0000300c 00000000 00000000 00000000     .0..............
	...
2000a640:	00c00289 00420180 00000000 4000001d     ......B........@
2000a650:	0904003c 40e2bcc6 00200000 0001b30a     <......@.. .....
2000a660:	e8000000 0000001d c3000000 00000002     ................
	...
2000a694:	10180000 00000204 000040e8 00000000     .........@......
2000a6a4:	c2830200 2c1e0000 0020047b a4a10100     .......,{. .....
2000a6b4:	a00020ce e0b52507 00000000 00300c00     . ...%........0.
	...
2000a6ec:	3c000005 00000000 00077b03 00000000     ...<.....{......
2000a6fc:	00006881 0001440b 0d000005 00f30280     .h...D..........
2000a70c:	3a940040 00001d68 00000000 000002c3     @..:h...........
	...
2000a740:	80003000 00c22300 050000c0 00033090     .0...#.......0..
2000a750:	16581800 40000c80 60101820 87380000     ..X....@ ..`..8.
2000a760:	c000cea0 f5574017 000000e0 300c0000     .....@W........0
	...
2000a798:	5a100100 00009044 08400000 08020040     ...ZD.....@.@...
2000a7a8:	00f02000 3c06080a 2200c00c f30b00d0     . .....<..."....
2000a7b8:	3c210008 00056c02 00000000 0002c300     ..!<.l..........
	...
2000a7f0:	1326c599 00180400 00040020 00004700     ..&..... ....G..
2000a800:	4000004f 3308720e 00020001 00cea4a5     O..@.r.3........
2000a810:	2fc62300 000040a0 0c000000 00000030     .#./.@......0...
	...
2000a844:	00010000 00904413 08280000 0800003c     .....D....(.<...
2000a854:	3c400000 06000000 00c0fcc0 03002b10     ..@<.........+..
2000a864:	000000b3 50203c16 00008041 02c30000     .....< PA.......
	...
2000a89c:	a2a58100 00008013 c0030000 00000000     ................
2000a8ac:	00c08302 08280000 81028033 cea483d8     ......(.3.......
2000a8bc:	e6020000 0004e51c 00000000 0000300c     .............0..
	...
2000a8f4:	90045b0a 2c000000 00002429 00000800     .[.....,)$......
2000a904:	000a0115 00051620 00000004 0000f303     .... ...........
2000a914:	4020140c 000000a5 c3000000 00000002     .. @............
	...
2000a948:	b3010000 000013a6 12560000 07080040     ..........V.@...
2000a958:	50013200 03144400 008005c8 a0850030     .2.P.D......0...
2000a968:	a20400ce 00004e60 00000000 00300c00     ....`N........0.
	...
2000a9a0:	441a0000 80000090 005a6b23 83310000     ...D....#kZ...1.
2000a9b0:	00054928 c1062408 0b000020 00730b1a     (I...$.. .....s.
2000a9c0:	28040000 000050df 00000000 000002c3     ...(.P..........
	...
2000a9f4:	18000000 00132205 46001000 00002014     .....".....F. ..
2000aa04:	48020b08 1e010070 a084c873 81810000     ...Hp...s.......
2000aa14:	0000cea0 d21e0202 00000000 300c0000     ...............0
	...
2000aa48:	03000000 52890000 80049044 385a2a00     .......RD....*Z8
2000aa58:	51280000 81493c07 16000840 010020e1     ..(Q.<I.@.... ..
2000aa68:	f30a0c07 242a0000 00b8ed2c 00000000     ......*$,.......
2000aa78:	0002c300 00000000 00000000 00000000     ................
	...
2000aaa0:	00300000 13a28771 6000c001 0140a300     ..0.q......`..@.
2000aab0:	020a0800 01047048 84e80200 50004080     ....Hp.......@.P
2000aac0:	00cea413 96e614c0 0000a0b7 0c000000     ................
2000aad0:	00000030 00000000 00000000 00000000     0...............
	...
2000aaf8:	08000000 00904412 603f0c00 000000ff     .....D....?`....
2000ab08:	492803d0 23000080 00c09c02 03090010     ..(I...#........
2000ab18:	00000033 2ee93d1c 00000000 02c30000     3....=..........
	...
2000ab4c:	08000000 22170000 02200013 500a2600     .......".. ..&.P
2000ab5c:	00008000 02780802 e8041e00 38028833     ......x.....3..8
2000ab6c:	ce241100 60012000 00e0a574 00000000     ..$.. .`t.......
2000ab7c:	0000300c 00000000 00000000 00000000     .0..............
	...
2000aba4:	00020000 91445388 32020040 0000a5c0     .....SD.@..2....
2000abb4:	81070000 00089041 20b15407 008b1040     ....A....T. @...
2000abc4:	0000b302 6c400400 00000005 c3000000     ......@l........
2000abd4:	00000002 00000000 00000000 00000000     ................
	...
2000abfc:	f7710000 00001322 05604021 000300a0     ..q."...!@`.....
2000ac0c:	70015a00 7f000000 00a084e9 00058000     .Z.p............
2000ac1c:	800080ce 40f03402 00000000 00300c00     .....4.@......0.
	...
2000ac54:	84fb0005 00000092 000f1020 05080000     ........ .......
2000ac64:	00014928 a174c700 0b108020 0068fb80     (I....t. .....h.
2000ac74:	7b76a100 804842ca 00000000 000002c3     ..v{.BH.........
	...
2000aca8:	99003000 0013a687 010000c0 0303f0c0     .0..............
2000acb8:	08820005 2e000070 8084493c 03980032     ....p...<I..2...
2000acc8:	c400806c dc4542c8 00000026 300c0000     l....BE.&......0
	...
2000ad00:	1a0e0000 00209044 5a200000 38000000     ....D. ... Z...8
2000ad10:	81418109 4ec2000c 00042091 c9020c03     ..A....N. ......
2000ad20:	46046010 70055c2d 00000080 0002c300     .`.F-\.p........
	...
2000ad58:	1326fd00 02000000 00a0051e 9a000900     ..&.............
2000ad68:	81007001 84c97a20 91800280 049104f5     .p.. z..........
2000ad78:	57401c00 000054b8 0c000000 00000030     ..@W.T......0...
	...
2000adac:	00010000 10904453 00300c00 3000005a     ....SD....0.Z..0
2000adbc:	49380500 40000080 00c2ac00 761f2010     ..8I...@..... .v
2000adcc:	0e00c0cf 2ece0116 00000000 02c30000     ................
	...
2000ae04:	a20f8000 02000013 a0054e00 00000000     .........N......
2000ae14:	40700882 e871008c 01028033 683cd359     ..p@..q.3...Y.<h
2000ae24:	c0e10000 00e0e537 00000000 0000300c     ....7........0..
	...
2000ae58:	01000000 90041b0a 02020000 00005a69     ............iZ..
2000ae68:	38090000 00008049 c2ac8007 08070000     ...8I...........
2000ae78:	0010f81e 403a402e 000001cc c3000000     .....@:@........
2000ae88:	00000002 00000000 00000000 00000000     ................
	...
2000aeb0:	ad580000 04011326 95174018 00280020     ..X.&....@.. .(.
2000aec0:	70488200 25000000 008033c8 b2990000     ..Hp...%.3......
2000aed0:	75008001 30830ce0 00000000 00300c00     ...u...0......0.
	...
2000af08:	445a000b 00000090 005a703b a5f00200     ..ZD....;pZ.....
2000af18:	00814101 fc02c001 0b0000c0 d2801608     .A..............
2000af28:	2c3c2000 4000cc2c 00000000 000002c3     . <,,..@........
	...
2000af5c:	80000000 8013220d 26000000 0000528f     .....".....&.R..
2000af6c:	01da811d 20000070 88334901 83990000     ....p.. .I3.....
2000af7c:	04810d62 830c4000 00000038 300c0000     b....@..8......0
	...
2000afb0:	03000000 120f0000 000c9044 08400302     ........D.....@.
2000afc0:	50004041 05410109 82e70f00 2004c0dc     A@.P..A........ 
2000afd0:	6b531c01 008b0040 00cc2d38 00000000     ..Sk@...8-......
2000afe0:	0002c300 00000000 00000000 00000000     ................
	...
2000b008:	00300000 13229b01 4749c080 01040000     ..0..."...IG....
2000b018:	9a008810 01007001 33e8205e 59003080     .....p..^ .3.0.Y
2000b028:	0074ecb7 1e4054c4 00003a83 0c000000     ..t..T@..:......
2000b038:	00000030 00000000 00000000 00000000     0...............
	...
2000b060:	080b0000 109004fa 102c0000 00010050     ..........,.P...
2000b070:	492ce508 03000080 00c0ec82 da0a2900     ..,I.........)..
2000b080:	006050a0 cc2c0080 00000020 02c30000     .P`...,. .......
	...
2000b0b4:	08000000 22138000 01200013 00851440     .......".. .@...
2000b0c4:	1b05a000 00704882 c9010000 01088033     .....Hp.....3...
2000b0d4:	0933c101 00042080 0038931e 00000000     ..3.. ....8.....
2000b0e4:	0000300c 00000000 00000000 00000000     .0..............
	...
2000b10c:	01000000 90103208 20008010 00000f00     .....2..... ....
2000b11c:	38090028 01001149 c0fc02c0 8b000240     (..8I.......@...
2000b12c:	00008c73 2e301406 000005cc c3000000     s.....0.........
2000b13c:	00000002 00000000 00000000 00000000     ................
	...
2000b164:	f7990000 00009380 c0400000 000100f0     ..........@.....
2000b174:	70088200 01800000 808033c9 f00d5000     ...p.....3...P..
2000b184:	160a0040 38835400 00000000 00300c00     @....T.8......0.
	...
2000b1bc:	40d20001 00000000 005a0000 05000000     ...@......Z.....
2000b1cc:	00814181 fc826200 200000c0 50e00b08     .A...b..... ...P
2000b1dc:	64240010 0000cc2b 00000000 000002c3     ..$d+...........
	...
2000b210:	00003000 0008e005 044000c0 0003a005     .0........@.....
2000b220:	019a0000 1c000070 80334901 03000470     ....p....I3.p...
2000b230:	00000586 939c4300 00001038 300c0000     .....C..8......0
	...
2000b268:	5e000000 00000000 00000000 70020000     ...^...........p
2000b278:	0141810d c0c3010a 0000c0bc 495a9900     ..A...........ZI
2000b288:	00400040 00cc2d00 00000000 0002c300     @.@..-..........
	...
2000b2c0:	10e00500 00000000 00000000 52004800     .............H.R
2000b2d0:	44007001 33e90134 19004080 0000309d     .p.D4..3.@...0..
2000b2e0:	1e420008 00103883 0c000000 00000030     ..B..8......0...
	...
2000b320:	00004104 49240500 40000080 00c0ec00     .A....$I...@....
2000b330:	030c1900 004010f0 cc0b241c 00004000     ......@..$...@..
2000b340:	02c30000 00000000 00000000 00000000     ................
	...
2000b374:	04001400 00000018 40704882 e8010000     .........Hp@....
2000b384:	00008033 01671080 e2030000 00388304     3.....g.......8.
2000b394:	00000000 0000300c 00000000 00000000     .....0..........
	...
2000b3c8:	02400000 0000006e 280d7000 00008049     ..@.n....p.(I...
2000b3d8:	c0cc0000 00000010 0010c002 0d38000c     ..............8.
2000b3e8:	004000cc c3000000 00000002 00000000     ..@.............
	...
2000b418:	80010000 00000000 1c360000 08000430     ..........6.0...
2000b428:	70480200 28000200 00803349 00003800     ..Hp...(I3...8..
2000b438:	20000409 38934e40 00000000 00300c00     ... @N.8......0.
	...
2000b470:	49730a00 14002010 00841a28 95b90000     ..sI. ..(.......
2000b480:	0080492c 9c020000 000000c0 10f00380     ,I..............
2000b490:	24400110 0001cc0d 00000000 000002c3     ..@$............
	...
2000b4c4:	50000000 00610008 1e000000 001040b8     ...P..a......@..
2000b4d4:	48829909 00000070 80336838 00700000     ...Hp...8h3...p.
2000b4e4:	00000177 931c0008 00000038 300c0000     w.......8......0
	...
2000b51c:	000a0000 00040000 00000000 00000000     ................
2000b52c:	804920ad 82020400 0000c08c b0070a00     . I.............
2000b53c:	00404010 00cc0f38 00000000 0002c300     .@@.8...........
	...
2000b574:	00000018 42004000 01000000 020e0000     .....@.B........
2000b584:	00007848 33c97100 00001080 00017ba0     Hx...q.3.....{..
2000b594:	1e00040c 00083893 0c000000 00000030     .....8......0...
	...
2000b5c8:	00050000 00500170 00340000 00000000     ....p.P...4.....
2000b5d8:	4181a550 43010080 00c2bc80 0b002f00     P..A...C...../..
2000b5e8:	051050e0 cc0c0000 00000000 02c30000     .P..............
	...
2000b61c:	08000000 21ad0000 00200041 00004000     .......!A. ..@..
2000b62c:	1a008000 007801db c8010000 05088033     ......x.....3...
2000b63c:	05060780 03080000 0038838e 00000000     ..........8.....
2000b64c:	0000300c 00000000 00000000 00000000     .0..............
	...
2000b674:	01000000 11330200 281c0000 02000000     ......3....(....
2000b684:	00000000 01000800 c28c0240 0a000000     ........@.......
2000b694:	4010280c 2e001c00 000004cc c3000000     .(.@............
2000b6a4:	00000002 00000000 00000000 00000000     ................
	...
2000b6cc:	a0800000 0000cf20 00000002 00010000     .... ...........
2000b6dc:	20007000 28140200 008033c0 ba170000     .p. ...(.3......
2000b6ec:	20000081 38930600 72000000 02115001     ... ...8...r.P..
2000b6fc:	00000101 00000000 00000000 00000000     ................
	...
2000b71c:	40000000 00000000 00000000 00000000     ...@............
	...
2000b7cc:	00000080 00000000 00000000 00000000     ................
	...
2000b7fc:	c0020000 00000000 00000000 00000000     ................
	...
2000b81c:	00080000 00000000 00000000 00000000     ................
	...
2000b874:	00001000 00004000 00000000 00000000     .....@..........
	...
2000b8c8:	02000000 00000000 00000000 00000000     ................
	...
2000b924:	00000020 00000000 00000000 00000028      ...........(...
	...
2000b978:	40000000 00000000 00000000 40000000     ...@...........@
	...
2000b9d0:	00000010 00000000 00000000 00000000     ................
	...
2000b9e8:	00000208 20000000 00000000 20800000     ....... ....... 
	...
2000ba88:	00000040 00000000 00000000 00000000     @...............
2000ba98:	00000000 000c0008 00000000 00000000     ................
	...
2000bab0:	0000000c 00000000 00000000 00000000     ................
	...
2000badc:	00080000 00000000 00000000 00000000     ................
2000baec:	00000000 80000000 00011000 00000000     ................
	...
2000bb04:	80000000 00000000 00000000 00000000     ................
	...
2000bb98:	00020000 00008000 02000000 01000000     ................
2000bba8:	00080000 00000000 00000000 00000000     ................
	...
2000bbec:	02000000 00000002 08000000 00000000     ................
2000bbfc:	00200000 00000000 00000000 00000000     .. .............
	...
2000bc50:	00000001 00000000 00000000 00000000     ................
2000bc60:	00000000 30100000 000000c0 00000000     .......0........
	...
2000bc80:	01400000 000000e8 0050f002 00000000     ..@.......P.....
	...
2000bcbc:	000c0300 00000000 00000000 00000000     ................
	...
2000bcd4:	01000000 10100000 af000000 00000000     ................
	...
2000bd10:	10000000 0000c030 00000000 00000000     ....0...........
	...
2000bd2c:	f3000000 00000806 00000010 40000000     ...............@
	...
2000bd68:	0c030000 00000000 00000000 00000000     ................
	...
2000bd84:	e0cc0800 00000010 00000000 00000000     ................
	...
2000bdc0:	00c03010 00000000 00000000 00000000     .0..............
	...
2000bddc:	000004b3 00000000 00040000 00000030     ............0...
	...
2000be14:	03000000 0000000c 00000000 00000000     ................
	...
2000be30:	ce080000 00000040 00000000 00020002     ....@...........
	...
2000be54:	30000000 00000000 00000000 00000000     ...0............
	...
2000be6c:	c0301000 00000000 00000000 00000000     ..0.............
	...
2000bec4:	00000c03 00000000 00000000 00000000     ................
	...
2000bf18:	30100000 000000c0 00000000 00000000     ...0............
	...
2000bf38:	00001800 00000000 00000000 00000000     ................
	...
2000bf70:	000c0300 00000000 00000000 00000000     ................
	...
2000bf94:	00400000 00000000 00000000 00000000     ..@.............
	...
2000bfc4:	10000000 0000c030 00000000 00000000     ....0...........
	...
2000bfe0:	04000000 00001004 00000000 00000000     ................
	...
2000c01c:	0c030000 00000000 00000000 00000000     ................
	...
2000c038:	ef804000 00000000 00000000 00000000     .@..............
	...
2000c074:	00c03010 00000000 00000000 00000000     .0..............
	...
2000c090:	00001ebc 00000000 00000000 00000000     ................
	...
2000c0c8:	03000000 0000000c 00000000 00000000     ................
	...
2000c0e4:	c00b0000 00000020 00000000 00000000     .... ...........
	...
2000c120:	c0301000 00000000 00000000 00000000     ..0.............
	...
2000c13c:	08000000 000c0000 00000000 00003000     .............0..
2000c14c:	00000000 01000000 00000000 00000000     ................
	...
2000c178:	00000c03 00000000 00000000 00000000     ................
	...
2000c194:	00100000 00000000 00000000 00000000     ................
2000c1a4:	00000000 00200000 00000000 00000000     ...... .........
	...
2000c1c4:	00000800 00000000 30100000 000000c0     ...........0....
	...
2000c224:	000c0300 00000000 00000000 00000000     ................
	...
2000c278:	10000000 0000c030 00000000 00000000     ....0...........
	...
2000c2d0:	0c030000 00000000 00000000 00000000     ................
	...
2000c328:	00c03010 00000000 00000000 00000000     .0..............
	...
2000c37c:	03000000 0000000c 00000000 00000000     ................
	...
2000c3d4:	c0301000 00000000 00000000 00000000     ..0.............
	...
2000c42c:	00000c03 00000000 00000000 00000000     ................
	...
2000c480:	30100000 000000c0 00000000 00000000     ...0............
	...
2000c4d8:	000c0300 00000000 00000000 00000000     ................
	...
2000c52c:	10000000 0000c030 00000000 00000000     ....0...........
	...
2000c584:	0c030000 00000000 00000000 00000000     ................
	...
2000c5dc:	00c03010 00000000 00000000 00000000     .0..............
	...
2000c630:	03000000 0000000c 00000000 00000000     ................
	...
2000c688:	c0301000 00000000 00000000 00000000     ..0.............
	...
2000c6e0:	00000c03 00000000 00000000 00000000     ................
	...
2000c734:	30100000 000000c0 00000000 00000000     ...0............
	...
2000c78c:	000c0300 00000000 00000000 00000000     ................
	...
2000c7c4:	00140000 00000000 00000000 00000000     ................
	...
2000c7e0:	10000000 0000c030 00000000 00000000     ....0...........
	...
2000c838:	0c030000 00000000 00000000 00000000     ................
	...
2000c890:	00c03010 00000000 00000000 00000000     .0..............
	...
2000c8e4:	03000000 0000000c 00000000 00000000     ................
	...
2000c93c:	c0301000 00000000 00000000 00000000     ..0.............
	...
2000c994:	00000c03 00000000 00000000 00000000     ................
	...
2000c9e8:	30100000 000000c0 00000000 00000000     ...0............
	...
2000ca40:	000c0300 00000000 00000000 00000000     ................
	...
2000ca94:	10000000 0000c030 00000000 00000000     ....0...........
	...
2000caec:	0c030000 00000000 00000000 00000000     ................
	...
2000cb44:	00c03010 00000000 00000000 00000000     .0..............
	...
2000cb98:	03000000 0000000c 00000000 00000000     ................
	...
2000cbf0:	c0301000 00000000 00000000 00000000     ..0.............
	...
2000cc48:	00000c03 00000000 00000000 00000000     ................
	...
2000cc9c:	30100000 000000c0 00000000 00000000     ...0............
	...
2000ccf4:	000c0300 00000000 00000000 00000000     ................
	...
2000cd48:	10000000 0000c030 00000000 00000000     ....0...........
	...
2000cda0:	0c030000 00000000 00000000 00000000     ................
	...
2000cdf8:	00c03010 00000000 00000000 00000000     .0..............
	...
2000ce4c:	03000000 0000000c 00000000 00000000     ................
	...
2000cea4:	c0301000 00000000 00000000 00000000     ..0.............
	...
2000cefc:	00000c03 00000000 00000000 00000000     ................
	...
2000cf50:	30100000 020000c0 00000000 00080000     ...0............
2000cf60:	00000000 00002000 00000000 00000080     ..... ..........
2000cf70:	00020000 00000000 00000800 00020000     ................
2000cf80:	00000000 00000800 00000000 00000020     ............ ...
2000cf90:	80000000 00000000 00000200 00000000     ................
2000cfa0:	00000008 20000000 000c0300 00200000     ....... ...... .
2000cfb0:	00000000 00008000 02000000 00000000     ................
2000cfc0:	00080000 00000000 00002000 00000000     ......... ......
2000cfd0:	00000080 00002000 00000000 00000080     ..... ..........
2000cfe0:	00020000 00000000 00000800 00000000     ................
2000cff0:	00000020 80000000 00000000 10000200      ...............
2000d000:	0000c030 00000002 08000000 00000000     0...............
2000d010:	00200000 00000000 00008000 02000000     .. .............
2000d020:	00000000 00080000 02000000 00000000     ................
2000d030:	00080000 00000000 00002000 00000000     ......... ......
2000d040:	00000080 00020000 00000000 00000800     ................
2000d050:	00000000 0c030020 20000000 00000000     .... ...... ....
2000d060:	00800000 00000000 00000002 08000000     ................
2000d070:	00000000 00200000 00000000 00008000     ...... .........
2000d080:	00200000 00000000 00008000 02000000     .. .............
2000d090:	00000000 00080000 00000000 00002000     ............. ..
2000d0a0:	00000000 00000080 40030000 00c03010     ...........@.0..
2000d0b0:	00000200 00000000 00000008 20000000     ............... 
2000d0c0:	00000000 00800000 00000000 00000002     ................
2000d0d0:	08000000 00000000 00000002 08000000     ................
2000d0e0:	00000000 00200000 00000000 00008000     ...... .........
2000d0f0:	02000000 00000000 00080000 00000000     ................
2000d100:	03002000 0000000c 00000020 80000000     . ...... .......
2000d110:	00000000 00000200 00000000 00000008     ................
2000d120:	20000000 00000000 00800000 20000000     ... ........... 
2000d130:	00000000 00800000 00000000 00000002     ................
2000d140:	08000000 00000000 00200000 00000000     .......... .....
2000d150:	00008000 02000000 c0301000 00020000     ..........0.....
2000d160:	00000000 00000800 00000000 00000020     ............ ...
2000d170:	80000000 00000000 00000200 00000000     ................
2000d180:	00000008 00000200 00000000 00000008     ................
2000d190:	20010000 00000000 00800000 00000000     ... ............
2000d1a0:	00000002 08000000 00000000 00200000     .............. .
2000d1b0:	00000c03 00002000 00000000 00000080     ..... ..........
2000d1c0:	00020000 00000000 00000800 00000000     ................
2000d1d0:	00000020 80000000 00000000 00000020      ........... ...
2000d1e0:	80000000 00000000 00000200 00000000     ................
2000d1f0:	00000008 20000000 00000000 00800000     ....... ........
2000d200:	00000000 30100002 000000c0 00000000     .......0........
	...
2000d25c:	000c0300 00000000 00000000 00000000     ................
	...
2000d2b0:	10000000 0000c030 00000000 00000000     ....0...........
	...
2000d308:	0c030000 00000000 00000000 00000000     ................
	...
2000d360:	00c03010 00000000 00000000 00000000     .0..............
	...
2000d3b4:	03000000 0000000c 00000000 00000000     ................
	...
2000d40c:	c0301000 00000000 00000000 00000000     ..0.............
	...
2000d464:	00000c03 00000000 00000000 00000000     ................
	...
2000d4b8:	30100000 020000c0 00000000 00080000     ...0............
2000d4c8:	00000000 00002000 00000000 00000080     ..... ..........
2000d4d8:	00020000 00000000 00000800 00020000     ................
2000d4e8:	00000000 00000800 00000000 00000020     ............ ...
2000d4f8:	80000000 00000000 00000200 00000000     ................
2000d508:	00000008 20000000 000c0300 00200000     ....... ...... .
2000d518:	00000000 00008000 02000000 00000000     ................
2000d528:	00080000 00000000 00002000 00000000     ......... ......
2000d538:	00000080 00002000 00000000 00000080     ..... ..........
2000d548:	00020000 00000000 00000800 00000000     ................
2000d558:	00000020 80000000 00000000 10000200      ...............
2000d568:	0000c030 00000002 08000000 00000000     0...............
2000d578:	00200000 00000000 00008000 02000000     .. .............
2000d588:	00000000 00080000 02000000 00000000     ................
2000d598:	00080000 00000000 00002000 00000000     ......... ......
2000d5a8:	00000080 00020000 00000000 00000800     ................
2000d5b8:	00000000 0c030020 20000000 00000000     .... ...... ....
2000d5c8:	00800000 00000000 00000002 08000000     ................
2000d5d8:	00000000 00200000 00000000 00008000     ...... .........
2000d5e8:	00200000 00000000 00008000 02000000     .. .............
2000d5f8:	00000000 00080000 00000000 00002000     ............. ..
2000d608:	00000000 00000080 00020000 00c03010     .............0..
2000d618:	00000200 00000000 00000008 20000000     ............... 
2000d628:	00000000 00800000 00000000 00000002     ................
2000d638:	08000000 00000000 00000002 08000000     ................
2000d648:	00000000 00200000 00000000 00008000     ...... .........
2000d658:	02000000 00000000 00080000 00000000     ................
2000d668:	03002000 0000000c 00000020 80000000     . ...... .......
2000d678:	00000000 00000200 00000000 00000008     ................
2000d688:	20000000 00000000 00800000 20000000     ... ........... 
2000d698:	00000000 00800000 00000000 00000002     ................
2000d6a8:	08000000 00000000 00200000 00000000     .......... .....
2000d6b8:	00008000 02000000 c0301000 00020000     ..........0.....
2000d6c8:	00000000 00000800 00000000 00000020     ............ ...
2000d6d8:	80000000 00000000 00000200 00000000     ................
2000d6e8:	00000008 00000200 00000000 00000008     ................
2000d6f8:	20000000 00000000 00800000 00000000     ... ............
2000d708:	00000002 08000000 00000000 00200000     .............. .
2000d718:	00000c03 00002000 00000000 00000080     ..... ..........
2000d728:	00020000 00000000 00000800 00000000     ................
2000d738:	00000020 80000000 00000000 00000020      ........... ...
2000d748:	80000000 00000000 00000200 00000000     ................
2000d758:	00000008 20000000 00000000 00800000     ....... ........
2000d768:	00000000 30100002 000000c0 00000000     .......0........
	...
2000d7c4:	000c0300 00000000 00000000 00000000     ................
	...
2000d818:	10000000 0000c030 00000000 00000000     ....0...........
	...
2000d870:	0c030000 00000000 00000000 00000000     ................
	...
2000d8c8:	00c03010 00000000 00000000 00000000     .0..............
	...
2000d91c:	03000000 0000000c 00000000 00000000     ................
	...
2000d974:	c0301000 00000000 00000000 00000000     ..0.............
	...
2000d9cc:	00000c03 00000000 00000000 00000000     ................
	...
2000da20:	30100000 000000c0 00000000 00000000     ...0............
	...
2000da78:	000c0300 00000000 00000000 00000000     ................
	...
2000dacc:	10000000 0000c030 00000000 00000000     ....0...........
	...
2000db24:	0c030000 00000000 00000000 00000000     ................
	...
2000db7c:	00c03010 00000000 00000000 00000000     .0..............
	...
2000dbd0:	03000000 0000000c 00000000 00000000     ................
	...
2000dc28:	c0301000 00000000 00000000 00000000     ..0.............
	...
2000dc80:	00000c03 00000000 00000000 00000000     ................
	...
2000dcd4:	30100000 000000c0 00000000 00000000     ...0............
	...
2000dd2c:	000c0300 00000000 00000000 00000000     ................
	...
2000dd80:	10000000 0000c030 00000000 00000000     ....0...........
	...
2000ddd8:	0c030000 00000000 00000000 00000000     ................
	...
2000de30:	00c03010 00000000 00000000 00000000     .0..............
	...
2000de84:	03000000 0000000c 00000000 00000000     ................
	...
2000dedc:	c0301000 00000000 00000000 00000000     ..0.............
	...
2000df34:	00000c03 00000000 00000000 00000000     ................
	...
2000df88:	30100000 000000c0 00000000 00000000     ...0............
	...
2000dfe0:	000c0300 00000000 00000000 00000000     ................
	...
2000e034:	10000000 0000c030 00000000 00000000     ....0...........
	...
2000e08c:	0c030000 00000000 00000000 00000000     ................
	...
2000e0e4:	00c03010 00000000 00000000 00000000     .0..............
	...
2000e138:	03000000 0000000c 00000000 00000000     ................
	...
2000e174:	00000008 00000000 00000000 00000000     ................
	...
2000e190:	c0301000 00000000 00000000 00000000     ..0.............
	...
2000e1e8:	00000c03 00000000 00000000 00000000     ................
	...
2000e23c:	30100000 000000c0 00000000 00000000     ...0............
	...
2000e294:	000c0300 00000000 00000000 00000000     ................
	...
2000e2e8:	10000000 0000c030 00000000 00000000     ....0...........
	...
2000e340:	0c030000 00000000 00000000 00000000     ................
	...
2000e398:	00c03010 00000000 00000000 00000000     .0..............
	...
2000e3ec:	03000000 0000000c 00000000 00000000     ................
	...
2000e444:	c0301000 00000000 00000000 00000000     ..0.............
	...
2000e49c:	00000c03 00000000 00000000 00000000     ................
	...
2000e4f0:	30100000 000000c0 00000000 00000000     ...0............
	...
2000e548:	000c0300 00000000 00000000 00000000     ................
	...
2000e59c:	10000000 0000c030 00000000 00000000     ....0...........
	...
2000e5f4:	0c030000 00000000 00000000 00000000     ................
	...
2000e64c:	00c03010 00000000 00000000 00000000     .0..............
	...
2000e6a0:	03000000 0000000c 00000000 00000000     ................
	...
2000e6f8:	c0301000 00000000 00000000 00000000     ..0.............
	...
2000e750:	00000c03 00000000 00000000 00000000     ................
	...
2000e7a4:	30100000 000000c0 00000000 00000000     ...0............
	...
2000e7fc:	000c0300 00000000 00000000 00000000     ................
	...
2000e850:	10000000 0000c030 00000000 00000000     ....0...........
	...
2000e8a8:	0c030000 00000000 00000000 00000000     ................
	...
2000e900:	00c03010 00000000 00000000 00000000     .0..............
	...
2000e954:	03000000 0000000c 00000000 00000000     ................
	...
2000e9ac:	c0301000 00000000 00000000 00000000     ..0.............
	...
2000ea04:	00000c03 00000000 00000000 00000000     ................
	...
2000ea58:	30100000 000000c0 00000000 00000000     ...0............
	...
2000eab0:	000c0300 00000000 00000000 00000000     ................
	...
2000eb04:	10000000 0000c030 00000000 00000000     ....0...........
	...
2000eb5c:	0c030000 00000000 00000000 00000000     ................
	...
2000ebb4:	00c03010 00000000 00000000 00000000     .0..............
	...
2000ec08:	03000000 0000000c 00000000 00000000     ................
	...
2000ec60:	c0301000 00000000 00000000 00000000     ..0.............
	...
2000ecb8:	00000c03 00000000 00000000 00000000     ................
	...
2000ed0c:	30100000 000000c0 00000000 00000000     ...0............
	...
2000ed64:	000c0300 00000000 00000000 00000000     ................
	...
2000edb8:	10000000 0000c030 00000000 00000000     ....0...........
	...
2000ee10:	0c030000 00000000 00000000 00000000     ................
	...
2000ee68:	00c03010 00000000 00000000 00000000     .0..............
	...
2000eebc:	03000000 0000000c 00000000 00000000     ................
	...
2000ef14:	c0301000 00000000 00000000 00000000     ..0.............
	...
2000ef6c:	00000c03 00000000 00000000 00000000     ................
	...
2000efc0:	30100000 000000c0 00000000 00000000     ...0............
	...
2000f018:	000c0300 00000000 00000000 00000000     ................
	...
2000f06c:	10000000 0000c030 00000000 00000000     ....0...........
	...
2000f0c4:	0c030000 00000000 00000000 00000000     ................
	...
2000f11c:	00c03010 00000000 00000000 00000000     .0..............
	...
2000f170:	03000000 0000000c 00000000 00000000     ................
	...
2000f1c8:	c0301000 00000000 00000000 00000000     ..0.............
	...
2000f220:	00000c03 00000000 00000000 00000000     ................
	...
2000f274:	30100000 000000c0 00000000 00000000     ...0............
	...
2000f2cc:	000c0300 00000000 00000000 00000000     ................
	...
2000f320:	10000000 0000c030 00000000 00000000     ....0...........
	...
2000f378:	0c030000 00000000 00000000 00000000     ................
	...
2000f3d0:	00c03010 00000000 00000000 00000000     .0..............
	...
2000f424:	03000000 0000000c 00000000 00000000     ................
	...
2000f47c:	c0301000 00000000 00000000 00000000     ..0.............
	...
2000f4d4:	00000c03 00000000 00000000 00000000     ................
	...
2000f528:	30100000 000000c0 00000000 00000000     ...0............
	...
2000f580:	000c0300 00000000 00000000 00000000     ................
	...
2000f5d4:	10000000 0000c030 00000000 00000000     ....0...........
	...
2000f62c:	0c030000 00000000 00000000 00000000     ................
	...
2000f684:	00c03010 00000000 00000000 00000000     .0..............
	...
2000f6d8:	03000000 0000000c 00000000 00000000     ................
	...
2000f714:	00000018 00000000 00000000 00000000     ................
	...
2000f730:	c0301000 00000000 00000000 00000000     ..0.............
	...
2000f788:	00000c03 00000000 00000000 00000000     ................
	...
2000f7dc:	30100000 000000c0 00000000 00000000     ...0............
	...
2000f834:	000c0300 00000000 00000000 00000000     ................
	...
2000f888:	10000000 0000c030 00000000 00000000     ....0...........
	...
2000f8e0:	0c030000 00000000 00000000 00000000     ................
	...
2000f938:	00c03010 00000000 00000000 00000000     .0..............
	...
2000f98c:	03000000 0000000c 00000000 00000000     ................
	...
2000f9e4:	c0301000 00000000 00000000 00000000     ..0.............
	...
2000fa3c:	00000c03 00000000 00000000 00000000     ................
	...
2000fa90:	30100000 000000c0 00000000 00000000     ...0............
	...
2000fae8:	000c0300 00000000 00000000 00000000     ................
	...
2000fb3c:	10000000 0000c030 00000000 00000000     ....0...........
	...
2000fb94:	0c030000 00000000 00000000 00000000     ................
	...
2000fbec:	00c03010 00000000 00000000 00000000     .0..............
	...
2000fc40:	03000000 0000000c 00000000 00000000     ................
	...
2000fc98:	c0301000 00000000 00000000 00000000     ..0.............
	...
2000fcf0:	00000c03 00000000 00000000 00000000     ................
	...
2000fd44:	30100000 000000c0 00000000 00000000     ...0............
	...
2000fd9c:	000c0300 00000000 00000000 00000000     ................
	...
2000fdf0:	10000000 0000c030 00000000 00000000     ....0...........
	...
2000fe48:	0c030000 00000000 00000000 00000000     ................
	...
2000fea0:	00c03010 00000000 00000000 00000000     .0..............
	...
2000fef4:	03000000 0000000c 00000000 00000000     ................
	...
2000ff4c:	c0301000 00000000 00000000 00000000     ..0.............
	...
2000ffa4:	00000c03 00000000 00000000 00000000     ................
	...
2000fff8:	30100000 000000c0 00000000 00000000     ...0............
	...
20010050:	000c0300 00000000 00000000 00000000     ................
	...
200100a4:	10000000 0000c030 00000000 00000000     ....0...........
	...
200100fc:	0c030000 00000000 00000000 00000000     ................
	...
20010154:	00c03010 00000000 00000000 00000000     .0..............
	...
200101a8:	03000000 0000000c 00000000 00000000     ................
	...
20010200:	c0301000 00000000 00000000 00000000     ..0.............
	...
20010258:	00000c03 00000000 00000000 00000000     ................
	...
20010564:	02000000 00000000 00080000 00000000     ................
20010574:	00002000 00000000 00000080 00020000     . ..............
20010584:	00000000 00000800 00020000 00000000     ................
20010594:	00000800 00000000 00000020 80000000     ........ .......
200105a4:	00000000 00000200 00000000 00000008     ................
200105b4:	20000000 00000000 00200000 00000000     ... ...... .....
200105c4:	00008000 02000000 00000000 00080000     ................
200105d4:	00000000 00002000 00000000 00000080     ..... ..........
200105e4:	00002000 00000000 00000080 00020000     . ..............
200105f4:	00000000 00000800 00000000 00000020     ............ ...
20010604:	80000000 00000000 00000200 00000000     ................
20010614:	00000002 08000000 00000000 00200000     .............. .
20010624:	00000000 00008000 02000000 00000000     ................
20010634:	00080000 02000000 00000000 00080000     ................
20010644:	00000000 00002000 00000000 00000080     ..... ..........
20010654:	00020000 00000000 00000800 00000000     ................
20010664:	00000020 20000000 00000000 00800000      ...... ........
20010674:	00000000 00000002 08000000 00000000     ................
20010684:	00200000 00000000 00008000 00200000     .. ........... .
20010694:	00000000 00008000 02000000 00000000     ................
200106a4:	00080000 00000000 00002000 00000000     ......... ......
200106b4:	00000080 00020000 00000000 00000200     ................
200106c4:	00000000 00000008 20000000 00000000     ........... ....
200106d4:	00800000 00000000 00000002 08000000     ................
200106e4:	00000000 00000002 08000000 00000000     ................
200106f4:	00200000 00000000 00008000 02000000     .. .............
20010704:	00000000 00080000 00000000 00002000     ............. ..
20010714:	00000000 00000020 80000000 00000000     .... ...........
20010724:	00000200 00000000 00000008 20000000     ............... 
20010734:	00000000 00800000 20000000 00000000     ........... ....
20010744:	00800000 00000000 00000002 08000000     ................
20010754:	00000000 00200000 00000000 00008000     ...... .........
20010764:	02000000 00000000 00020000 00000000     ................
20010774:	00000800 00000000 00000020 80000000     ........ .......
20010784:	00000000 00000200 00000000 00000008     ................
20010794:	00000200 00000000 00000008 20000000     ............... 
200107a4:	00000000 00800000 00000000 00000002     ................
200107b4:	08000000 00000000 00200000 00000000     .......... .....
200107c4:	00002000 00000000 00000080 00020000     . ..............
200107d4:	00000000 00000800 00000000 00000020     ............ ...
200107e4:	80000000 00000000 00000020 80000000     ........ .......
200107f4:	00000000 00000200 00000000 00000008     ................
20010804:	20000000 00000000 00800000 00000000     ... ............
20010814:	30100002 000000c0 00000000 00000000     ...0............
	...
2001084c:	02000000 00000000 00000000 00000000     ................
	...
2001086c:	000c0300 00000000 00000000 00000000     ................
	...
200108a4:	00400000 00000000 00000000 00000000     ..@.............
	...
200108c0:	10000000 0000c030 00000000 00000000     ....0...........
	...
20010918:	0c030000 00000000 00000000 00000000     ................
	...
20010970:	00c03010 00000000 00000000 00000000     .0..............
	...
200109c4:	03000000 0000000c 00000000 00000000     ................
	...
20010a1c:	c0301000 00000000 00000000 00000000     ..0.............
	...
20010a74:	00000c03 00000000 00000000 00000000     ................
	...
20010ac8:	30100000 020000c0 00000000 00080000     ...0............
20010ad8:	00000000 00002000 00000000 00000080     ..... ..........
20010ae8:	00020000 00000000 00000800 00020000     ................
20010af8:	00000000 00000800 00000000 00000020     ............ ...
20010b08:	80000000 00000000 00000200 00000000     ................
20010b18:	00000008 20000000 000c0300 00200000     ....... ...... .
20010b28:	00000000 00008000 02000000 00000000     ................
20010b38:	00080000 00000000 00002000 00000000     ......... ......
20010b48:	00000080 00002000 00000000 00000080     ..... ..........
20010b58:	00020000 00000000 00000800 00000000     ................
20010b68:	00000020 80000000 00000000 10000200      ...............
20010b78:	0000c030 00000002 08000000 00000000     0...............
20010b88:	00200000 00000000 00008000 02000000     .. .............
20010b98:	00000000 00080000 02000000 00000000     ................
20010ba8:	00080000 00000000 00002000 00000000     ......... ......
20010bb8:	00000080 00020000 00000000 00000800     ................
20010bc8:	00000000 0c030020 20000000 00000000     .... ...... ....
20010bd8:	00800000 00000000 00000002 08000000     ................
20010be8:	00000000 00200000 00000000 00008000     ...... .........
20010bf8:	00200000 00000000 00008000 02000000     .. .............
20010c08:	00000000 00080000 00000000 00002000     ............. ..
20010c18:	00000000 00000080 00020000 00c03010     .............0..
20010c28:	00000200 00000000 00000008 20000000     ............... 
20010c38:	00000000 00800000 00000000 00000002     ................
20010c48:	08000000 00000000 00000002 08000000     ................
20010c58:	00000000 00200000 00000000 00008000     ...... .........
20010c68:	02000000 00000000 00080000 00000000     ................
20010c78:	03002000 0000000c 00000020 80000000     . ...... .......
20010c88:	00000000 00000200 00000000 00000008     ................
20010c98:	20000000 00000000 00800000 20000000     ... ........... 
20010ca8:	00000000 00800000 00000000 00000002     ................
20010cb8:	08000000 00000000 00200000 00000000     .......... .....
20010cc8:	00008000 02000000 c0301000 00020000     ..........0.....
20010cd8:	00000000 00000800 00000000 00000020     ............ ...
20010ce8:	80000000 00000000 00000200 00000000     ................
20010cf8:	00000008 00000200 00000000 00000008     ................
20010d08:	20000000 00000000 00800000 00000000     ... ............
20010d18:	00000002 08000000 00000000 00200000     .............. .
20010d28:	00000c03 00002000 00000000 00000080     ..... ..........
20010d38:	00020000 00000000 00000800 00000000     ................
20010d48:	00000020 80000000 00000000 00000020      ........... ...
20010d58:	80000000 00000000 00000200 00000000     ................
20010d68:	00000008 20000000 00000000 00800000     ....... ........
20010d78:	00000000 30100002 000000c0 00000000     .......0........
	...
20010dd4:	000c0300 00000000 00000000 00000000     ................
	...
20010e28:	10000000 0000c030 00000000 00000000     ....0...........
	...
20010e80:	0c030000 00000000 00000000 00000000     ................
	...
20010ed8:	00c03010 00000000 00000000 00000000     .0..............
	...
20010f2c:	03000000 0000000c 00000000 00000000     ................
	...
20010f84:	c0301000 00000000 00000000 00000000     ..0.............
	...
20010fdc:	00000c03 00000000 00000000 00000000     ................
	...
20011030:	30100000 000000c0 00000000 00000000     ...0............
	...
20011088:	000c0300 00000000 00000000 00000000     ................
	...
200110dc:	10000000 0000c030 00000000 00000000     ....0...........
	...
20011134:	0c030000 00000000 00000000 00000000     ................
	...
2001118c:	00c03010 00000000 00000000 00000000     .0..............
	...
200111e0:	03000000 0000000c 00000000 00000000     ................
	...
20011238:	c0301000 00000000 00000000 00000000     ..0.............
	...
20011290:	00000c03 00000000 00000000 00000000     ................
	...
200112e4:	30100000 000000c0 00000000 00000000     ...0............
	...
2001133c:	000c0300 00000000 00000000 00000000     ................
	...
20011390:	10000000 0000c030 00000000 00000000     ....0...........
	...
200113e8:	0c030000 00000000 00000000 00000000     ................
	...
20011440:	00c03010 00000000 00000000 00000000     .0..............
	...
20011494:	03000000 0000000c 00000000 00000000     ................
	...
200114ec:	c0301000 00000000 00000000 00000000     ..0.............
	...
20011544:	00000c03 00000000 00000000 00000000     ................
	...
20011598:	30100000 000000c0 00000000 00000000     ...0............
	...
200115f0:	000c0300 00000000 00000000 00000000     ................
	...
20011644:	10000000 0000c030 00000000 00000000     ....0...........
	...
2001169c:	0c030000 00000000 00000000 00000000     ................
	...
200116f4:	00c03010 00000000 00000000 00000000     .0..............
	...
20011748:	03000000 0000000c 00000000 00000000     ................
	...
200117a0:	c0301000 00000000 00000000 00000000     ..0.............
	...
200117f8:	00000c03 00000000 00000000 00000000     ................
	...
2001184c:	30100000 000000c0 00000000 00000000     ...0............
	...
200118a4:	000c0300 00000000 00000000 00000000     ................
	...
200118f8:	10000000 0000c030 00000000 00000000     ....0...........
	...
20011940:	000c0000 00000000 00000000 00000000     ................
20011950:	0c030001 00000000 00000000 00000000     ................
	...
200119a8:	00c03010 00000000 00000000 00000000     .0..............
	...
200119f8:	01000000 03c000e0 0000000c 00000000     ................
	...
20011a50:	001b0000 c0301000 00000000 00000000     ......0.........
	...
20011aac:	00000c03 00000000 00000000 00000000     ................
	...
20011b00:	30100000 000000c0 00000000 00000000     ...0............
	...
20011b50:	151a0000 00e0004c 000c0300 00000000     ....L...........
	...
20011ba8:	a03c8200 10000010 0000c030 00000000     ..<.....0.......
	...
20011c04:	0c030000 00000000 00000000 00000000     ................
	...
20011c5c:	00c03010 00000000 00000000 00000000     .0..............
	...
20011cac:	10000000 03000000 0000000c 00000000     ................
	...
20011d08:	c0301000 00000000 00000000 00000000     ..0.............
	...
20011d5c:	c0000000 00000c03 00000000 00000000     ................
	...
20011db4:	30100000 000000c0 00000000 00000000     ...0............
	...
20011df8:	e17ea800 02000080 7c60fa0b 92040000     ..~.......`|....
20011e08:	0000000c 000c0300 00000000 00000000     ................
	...
20011e4c:	3a020000 0000eb82 a1a02000 00204225     ...:..... ..%B .
20011e5c:	c0dd3900 10000000 0000c030 00000000     .9......0.......
	...
20011ea8:	10001a00 c6b2fc00 07403074 00705e30     ........t0@.0^p.
20011eb8:	0c030000 00000000 00000000 00000000     ................
	...
20011f00:	05000000 80c2b181 d40c0000 00000000     ................
20011f10:	00c03010 00000000 00000000 00000000     .0..............
	...
20011f50:	14010000 0080d7a6 1aa0000c 30822ae0     .............*.0
20011f60:	004e3207 03000010 0000000c 00000000     .2N.............
	...
20011fa8:	dbcd0300 00000008 4630500a 0c0010c0     .........P0F....
20011fb8:	000e00dc c0301000 00000000 00000000     ......0.........
	...
20012000:	99af5580 43028000 00707696 5e320700     .U.....C.vp...2^
20012010:	00000080 00000c03 00000000 00000000     ................
	...
20012054:	6b290800 04a070ee e5172800 01000040     ..)k.p...(..@...
20012064:	0007f40c 30100000 000000c0 00000000     .......0........
	...
200120ac:	07000000 0202009e 00e0fa0b 32070006     ...............2
200120bc:	00a0585c 000c0300 00000000 00000000     \X..............
	...
20012104:	00090000 a9a00000 20c0c36d 00dc0c00     ........m.. ....
20012114:	1000000e 0000c030 00000000 00000000     ....0...........
	...
20012158:	373f0000 000000f0 c09b4302 07000024     ..?7.....C..$...
20012168:	a0015e32 0c030000 00000000 00000000     2^..............
	...
200121b0:	f06a9302 a4200000 8007ac27 dc0c0100     ..j... .'.......
200121c0:	00000000 00c03010 00000000 00000000     .....0..........
	...
200121fc:	00000200 00000000 3f000000 0000982c     ...........?,...
2001220c:	77740000 00006440 784c3207 03000010     ..tw@d...2Lx....
2001221c:	0000000c 00000000 00000000 00000000     ................
	...
20012254:	00000040 00000000 5e630100 0000e070     @.........c^p...
20012264:	c22b530b 0c000080 000a00dc c0301000     .S+...........0.
	...
200122b4:	1c080000 fc000c1c 0000405a 4e320730     ........Z@..0.2N
200122c4:	00009001 00000c03 00000000 00000000     ................
	...
2001230c:	00001100 308f0500 00004002 1a00e50c     .......0.@......
2001231c:	30100000 000000c0 00000000 00000000     ...0............
	...
20012360:	e066a100 00000000 007c9038 30070000     ..f.....8.|....0
20012370:	00147058 000c0300 00000000 00000000     Xp..............
	...
200123b4:	08000000 0000fe10 4f030000 000040b0     ...........O.@..
200123c4:	00fc0c08 1000200f 0000c030 00000000     ..... ..0.......
	...
2001240c:	5d800000 100080c1 ce762502 07400060     ...].....%v.`.@.
2001241c:	e0385a32 0c030000 00000000 00000000     2Z8.............
	...
20012464:	00ce0f19 a2010000 c0633d4b fd0c0200     ........K=c.....
20012474:	00008000 00c03010 00000000 00000000     .....0..........
	...
200124c0:	fa7a000c 304004c0 00483207 030000e0     ..z...@0.2H.....
200124d0:	0000000c 00000000 00000000 00000000     ................
	...
20012518:	022c4107 0c020080 000000fd c0301000     .A,...........0.
	...
20012568:	00080000 08000040 00205e97 5e320700     ....@....^ ...2^
20012578:	000000f0 00000c03 00000000 00000000     ................
	...
200125c0:	00085000 a4c10000 20000004 000fe40c     .P......... ....
200125d0:	30100000 000000c0 00000000 00000000     ...0............
	...
20012618:	82000000 60468081 30070200 0000005a     ......F`...0Z...
20012628:	000c0300 00000000 00000000 00000000     ................
	...
20012670:	25240800 00000438 00d50c00 10000000     ..$%8...........
20012680:	0000c030 00000000 00000000 00000000     0...............
	...
200126c8:	6e380a00 07020004 e0f94e32 0c030000     ..8n....2N......
	...
2001271c:	000000e0 40c3b550 cc0c0000 00001007     ....P..@........
2001272c:	00c03010 00000000 00000000 00000000     .0..............
	...
20012770:	001d0800 83240000 02003a4e 715e3207     ......$.N:...2^q
20012780:	030000e0 0000000c 00000000 00000000     ................
	...
200127c8:	00008030 2024a105 0c000000 1c8000ec     0.....$ ........
200127d8:	c0301000 00000000 00000000 00000000     ..0.............
	...
2001281c:	00e06e89 05000c00 0071c673 48320730     .n......s.q.0.2H
2001282c:	0000c039 00000c03 00000000 00000000     9...............
	...
20012870:	43080000 0000004f 75500a00 040088c7     ...CO.....Pu....
20012880:	9f07ec0c 00000000 11b00072 00010103     ........r.......
	...
20012968:	00008000 00000000 00000000 00000000     ................
	...
200129b8:	08000000 00000000 00000000 00000000     ................
	...
20012a3c:	00004000 00000000 00000000 00000000     .@..............
	...
20012a68:	00200000 00000000 00000000 00000000     .. .............
	...
20012a90:	30000000 00000000 00000000 00000000     ...0............
	...
20012ac0:	00004020 00000000 00000000 00000000      @..............
	...
20012b14:	07000000 00000000 00000000 00000000     ................
	...
20012b6c:	00001080 00020000 00000000 00000000     ................
	...
20012c18:	00002000 00000000 00f00080 00000000     . ..............
	...
20012c40:	00000400 00000000 00000000 00000000     ................
	...
20012c6c:	01000000 04000000 00080000 00100000     ................
	...
20012c98:	000000c0 00000000 00000000 00000000     ................
	...
20012d20:	00000008 20000000 00000000 00000000     ....... ........
	...
20012d74:	00000020 80000000 00000000 00000000      ...............
	...
20012dcc:	00000400 00000000 00000010 00000000     ................
	...
20012df8:	0000c030 00000000 00000000 00000000     0...............
	...
20012e4c:	0c030100 00000000 00000000 00000000     ................
	...
20012ea0:	0c000000 00c03000 00000000 00000000     .....0..........
	...
20012ef8:	03010080 0000000c 00000000 00000000     ................
	...
20012f4c:	00010000 c0300000 00000000 00000000     ......0.........
	...
20012f98:	00004000 00000000 00000000 01000000     .@..............
20012fa8:	00000c03 00000000 00000000 00000000     ................
	...
20012fec:	08000000 00000000 00000000 00000000     ................
20012ffc:	30000000 000000c0 00000000 00000000     ...0............
	...
20013054:	000c0301 00000000 00000000 00000000     ................
	...
200130ac:	0000c030 00000000 00000000 00000000     0...............
	...
200130d4:	01000000 00000040 00000000 00000000     ....@...........
	...
20013100:	0c030100 00000000 00000000 00000000     ................
	...
2001312c:	00080000 00000000 00000000 00000000     ................
	...
20013158:	00c03000 00000000 00000000 00000000     .0..............
	...
200131a0:	00000080 00000000 00000000 03010000     ................
200131b0:	0000000c 00000000 00000000 00000000     ................
	...
20013204:	c0300000 00000000 00000000 00000000     ..0.............
	...
20013258:	01000000 00000c03 00000000 00000000     ................
	...
200132b0:	30001000 000000c0 00000000 00000000     ...0............
	...
20013300:	cc880000 00000000 000c0301 00000000     ................
	...
20013358:	e004b304 00000000 0000c030 00000000     ........0.......
	...
200133ac:	08000400 020040ce 0c030100 00000000     .....@..........
	...
200133f4:	30000000 00000000 00000000 00000000     ...0............
20013404:	24f30003 0c000000 00c03000 00000000     ...$.....0......
	...
20013448:	00404122 00000000 00000000 00000000     "A@.............
20013458:	00000002 0010cc08 03010000 0000000c     ................
	...
2001349c:	24060000 00008c86 00000000 00000000     ...$............
200134ac:	40000000 f3000000 0018a005 c0300000     ...@..........0.
	...
20013508:	c0cc0800 01008000 00000c03 00000000     ................
	...
20013560:	190024f3 30000000 000000c0 00000000     .$.....0........
	...
200135b4:	cc080000 000010c0 000c0301 00000000     ................
	...
2001360c:	0824f300 00000000 0000c030 00000000     ..$.....0.......
	...
20013644:	00100000 00000000 00000000 00400100     ..............@.
20013654:	00000000 00000900 0008f003 08000000     ................
20013664:	001040ce 0c030100 00000000 00000000     .@..............
	...
200136b0:	6f000010 00000005 04f30000 00000008     ...o............
200136c0:	00c03000 00000000 00000000 00000000     .0..............
	...
20013700:	20000300 00000064 00000000 30000000     ... d..........0
20013710:	50c0ce08 03010000 0000000c 00000000     ...P............
	...
20013758:	1a061230 00000000 60000000 f3000300     0..........`....
20013768:	00000004 c0300000 00000000 00000000     ......0.........
	...
200137ac:	00008002 00090000 00000000 00000000     ................
200137bc:	20cc0800 01000000 00000c03 00000000     ... ............
	...
20013804:	00007000 00008000 00000000 00070000     .p..............
20013814:	80e104f3 30001000 000000c0 00000000     .......0........
	...
20013868:	00000100 00005010 000c0301 00000000     .....P..........
	...
200138c0:	a1004000 00000080 0000c030 00000000     .@......0.......
	...
20013910:	00021002 00000000 00007801 0c030100     .........x......
	...
2001395c:	30000000 01000000 20000080 00000400     ...0....... ....
2001396c:	74000003 0c008091 00c03000 00000000     ...t.....0......
	...
200139b0:	00a42d00 00000000 00000500 00000000     .-..............
200139c0:	00000000 107c0008 03010000 0000000c     ......|.........
	...
20013a04:	01000100 000000b0 00000000 00000080     ................
20013a14:	00000000 80000000 0000a847 c0300000     ........G.....0.
	...
20013a60:	00000002 0af0ac10 00008000 00000000     ................
20013a70:	00000000 01000010 00000c03 00000000     ................
	...
20013ab4:	04000000 00000000 1410001c 00000000     ................
20013ac4:	00000000 00080000 30000000 000000c0     ...........0....
	...
20013b08:	33330000 00000000 00000000 00000000     ..33............
20013b18:	00000000 0a090400 00c0004d 000c0301     ........M.......
	...
20013b60:	0690cc02 00000000 00580000 00000000     ..........X.....
20013b70:	00000000 1060a001 00000001 0000c030     ......`.....0...
	...
20013bb4:	33000000 0000003b 00000000 00000900     ...3;...........
20013bc4:	00000000 01000000 b0d05009 0c030100     .........P......
	...
20013c0c:	10cc0300 00000014 00000000 00000010     ................
20013c1c:	04000000 81100000 000000a5 00c03000     .............0..
	...
20013c64:	00003933 00000000 00000000 00000000     39..............
20013c74:	30000000 0820c00b 030100a0 0000000c     ...0.. .........
	...
20013cb8:	cc130000 00000010 00000000 00000000     ................
20013cc8:	60010000 bc000200 0000051c c0300000     ...`..........0.
	...
20013d14:	00008002 00000000 00000000 00000000     ................
20013d24:	00000000 010000f9 00000c03 00000000     ................
	...
20013d64:	01000000 00000600 00007000 00000000     .........p......
20013d74:	00000000 00048002 0a0d0000 30001000     ...............0
20013d84:	000000c0 00000000 00000000 00000000     ................
	...
20013dbc:	00000400 00004000 e0800201 00000010     .....@..........
	...
20013dd4:	0080d12f 000c0301 00000000 00000000     /...............
	...
20013e14:	20020001 00000028 80016901 00000000     ... (....i......
20013e24:	00000000 905c0100 0000000b 0000c030     ......\.....0...
20013e34:	00000002 08000000 00000000 00200000     .............. .
20013e44:	00000000 00008000 02000000 00000000     ................
20013e54:	00080000 02000000 00000080 00080000     ................
20013e64:	00000000 00002000 00000031 00000080     ..... ..1.......
20013e74:	00020a00 3c000000 01000800 00d0e92b     .......<....+...
20013e84:	0c030120 20000000 00000000 00800000      ...... ........
20013e94:	00000000 00000002 08000000 00000000     ................
20013ea4:	00200000 00000000 00008000 00200000     .. ........... .
20013eb4:	00000000 00008000 02000000 38030000     ...............8
20013ec4:	30086000 00000000 00c02010 00000000     .`.0..... ......
20013ed4:	6d200083 0c0200a0 00c03000 00000200     .. m.....0......
20013ee4:	00000000 00000008 20000000 00000000     ........... ....
20013ef4:	00800000 00000000 00000002 08000000     ................
20013f04:	00000000 00000002 08000000 00000000     ................
20013f14:	00200000 00000000 84008000 0e08c000     .. .............
20013f24:	00000000 00080000 90000000 0301e000     ................
20013f34:	0000000c 00000020 80000000 00000000     .... ...........
20013f44:	00000200 00000000 00000008 20000000     ............... 
20013f54:	00000000 00800000 20000000 00000000     ........... ....
20013f64:	00800000 00000000 00000002 08000000     ................
20013f74:	01000800 0020b001 00000000 00008000     ...... .........
20013f84:	02000800 c0300000 00020000 00000000     ......0.........
20013f94:	00000800 00000000 00000020 80000000     ........ .......
20013fa4:	00000000 00000200 00000000 00000008     ................
20013fb4:	00000200 00000000 00000008 20000000     ............... 
20013fc4:	202d0c00 00800002 08e01c10 42000002     ..- ...........B
20013fd4:	0800c0d3 00000000 01200000 00000c03     .......... .....
20013fe4:	00002000 00000000 00000080 00020000     . ..............
20013ff4:	00000000 00000800 00000000 00000020     ............ ...
20014004:	80000000 00000000 00000020 80000000     ........ .......
20014014:	00000000 00000200 04003ec3 15020008     .........>......
20014024:	201000db 04100800 00800000 1a000000     ... ............
20014034:	30000002 020000c0 00000000 00080000     ...0............
20014044:	00000000 00002000 00000000 00000080     ..... ..........
20014054:	00020000 00000000 00000800 00020000     ................
20014064:	00000000 00000800 00000000 30330120     ............ .30
20014074:	80000230 00048000 00000200 3c240000     0.............$<
20014084:	28100008 20011030 000c0301 00200000     ...(0.. ...... .
20014094:	00000000 00008000 02000000 00000000     ................
200140a4:	00080000 00000000 00002000 00000000     ......... ......
200140b4:	00000080 00002000 00000000 00000080     ..... ..........
200140c4:	00020000 4602cc02 0900087c 00000000     .......F|.......
200140d4:	00000020 80000002 e8960200 00000200      ...............
200140e4:	0000c030 00000000 00000000 00000000     0...............
	...
2001411c:	0f000000 0000240d 1d0a0000 00001085     .....$..........
2001412c:	04000000 00000000 00500000 0c030100     ..........P.....
	...
20014174:	36e00000 00006880 01d89300 00000080     ...6.h..........
20014184:	00e00000 00000000 00001c08 00c03000     .............0..
	...
200141cc:	626f592b 80000080 000a0502 00000004     +Yob............
200141dc:	30020014 00108008 03810800 0000000c     ...0............
	...
20014220:	20060000 000014d3 40211800 80000000     ... ......!@....
20014230:	40020000 80005200 01008501 c0300048     ...@.R......H.0.
	...
20014278:	21503a10 00008042 00a10084 70100100     .:P!B..........p
20014288:	000242f6 e00c3000 0100b400 00000c03     .B...0..........
	...
200142cc:	02000000 0006005a 00087000 01008000     ....Z....p......
200142dc:	250b03c0 80040040 8001f400 300010a0     ...%@..........0
200142ec:	000000c0 00000000 00000000 00000000     ................
	...
20014324:	07080000 000040a5 00028000 0200000a     .....@..........
20014334:	0054df84 d4030800 00009828 000c0301     ..T.....(.......
	...
2001437c:	169b4200 08000060 90016021 1d220000     .B..`...!`....".
2001438c:	000000fa 17843e00 00000080 0000c030     .....>......0...
2001439c:	00000002 08000000 00000000 00200000     .............. .
200143ac:	00000000 00008000 02000000 00000000     ................
200143bc:	00080000 02000000 00000000 00080000     ................
200143cc:	00000000 0f002000 00002801 00000080     ..... ...(......
200143dc:	00020800 02773c00 00000840 00910000     .....<w.@.......
200143ec:	0c030120 20000000 00000000 00800000      ...... ........
200143fc:	00000000 00000002 08000000 00000000     ................
2001440c:	00200000 00000000 00008000 00200000     .. ........... .
2001441c:	00000000 00008000 02000000 3ed0000c     ...............>
2001442c:	30080006 00000000 0dc02010 00c679b0     ...0..... ...y..
2001443c:	00000083 00021c08 00c03000 00000200     .........0......
2001444c:	00000000 00000008 20000000 00000000     ........... ....
2001445c:	00800000 00000000 00000002 08000000     ................
2001446c:	00000000 00000002 08000000 00000000     ................
2001447c:	00200000 44250308 84008000 0200a000     .. ...%D........
2001448c:	00000080 000a3802 08008000 030120f0     .....8....... ..
2001449c:	0000000c 00000020 80000000 00000000     .... ...........
200144ac:	00000200 00000000 00000008 20000000     ............... 
200144bc:	00000000 00800000 20000000 00000000     ........... ....
200144cc:	00800000 00000000 40000002 086020d8     ...........@. `.
200144dc:	01000800 00240000 c0010000 8001d040     ......$.....@...
200144ec:	0200e700 c0300000 00020000 00000000     ......0.........
200144fc:	00000800 00000000 00000020 80000000     ........ .......
2001450c:	00000000 00000200 00000000 00000008     ................
2001451c:	00000200 00000000 00000008 20000000     ............... 
2001452c:	00092000 00800003 00000280 ee000002     . ..............
2001453c:	0840803f 00000000 01200000 00000c03     ?.@....... .....
2001454c:	00002000 00000000 00000080 00020000     . ..............
2001455c:	00000000 00000800 00000000 00000020     ............ ...
2001456c:	80000000 00000000 00000020 80000000     ........ .......
2001457c:	00000000 02000200 04000040 21080008     ........@......!
2001458c:	20000040 79e70a00 008000e6 00000000     @.. ...y........
2001459c:	30000002 020000c0 00000000 00080000     ...0............
200145ac:	00000000 00002000 00000000 00000080     ..... ..........
200145bc:	00020000 00000000 00000800 00020000     ................
200145cc:	00000000 00000800 00000000 00200020     ............ . .
200145dc:	80000080 00018800 02004200 409cba08     .........B.....@
200145ec:	90000038 2080014c 000c0301 00200000     8...L.. ...... .
200145fc:	00000000 00008000 02000000 00000000     ................
2001460c:	00080000 00000000 00002000 00000000     ......... ......
2001461c:	00000080 00002000 00000000 00000080     ..... ..........
2001462c:	00020000 06300802 08000860 0a000a00     ......0.`.......
2001463c:	63200020 808003f6 80060800 00000208      . c............
2001464c:	0000c030 00000000 00000000 00000000     0...............
	...
20014684:	22000000 80620100 00880000 00010005     ..."..b.........
20014694:	803f1900 02000000 0000dc03 0c030100     ..?.............
	...
200146dc:	03000200 00006894 00180008 0d0008a0     .....h..........
200146ec:	00067817 3e000000 000000e0 00c03000     .x.....>.....0..
	...
2001472c:	40010800 40000000 02201508 80000180     ...@...@.. .....
2001473c:	0c0a0500 7f000204 10000040 00094000     ........@....@..
2001474c:	038100a0 0000000c 00000000 00000000     ................
	...
20014784:	0e000090 0a000800 00684032 40210820     ........2@h. .!@
20014794:	80000050 00a0eb20 80000300 000e1000     P... ...........
200147a4:	c0300008 00000000 00000000 00000000     ..0.............
	...
200147e0:	00002200 0000c002 0a001c80 00000000     ."..............
	...
200147f8:	010000f1 00000c03 00000000 00000000     ................
	...
20014834:	021c0000 00800600 02097000 01000000     .........p......
20014844:	000000c0 00040000 1c080000 30001000     ...............0
20014854:	000000c0 00000000 00000000 00000000     ................
	...
2001488c:	0f0c00c0 000044ed 00018800 00004000     .....D.......@..
2001489c:	00000000 01030000 00807040 000c0301     ........@p......
	...
200148e4:	d6db4000 08000028 08001a00 00000000     .@..(...........
200148f4:	00006000 00143000 0000180b 0000c030     .`...0......0...
	...
20014938:	20000000 0040020f c0032000 00000000     ... ..@.. ......
20014948:	24700000 6b02003c 0000c803 0c030100     ..p$<..k........
	...
20014990:	0040020c 30000020 00403c04 24c00000     ..@. ..0.<@....$
200149a0:	40000000 56b00000 0c0000b0 00c03000     ...@...V.....0..
	...
200149e4:	00000090 43e24301 92000040 0000a924     .....C.C@...$...
200149f4:	00000080 00003c3c d8ee3b02 0301d400     ....<<...;......
20014a04:	0000000c 00000000 00000000 00000000     ................
	...
20014a38:	00080000 24000000 00042013 49840c00     .......$. .....I
20014a48:	001400b8 c0030000 2a000000 000ec70f     ...........*....
20014a58:	c0300000 00000000 00000000 00000000     ..0.............
	...
20014a94:	3c002100 00000000 0b902492 00000000     .!.<.....$......
20014aa4:	00000000 c9900004 01008019 00000c03     ................
	...
20014ae8:	02000000 00400000 840c0000 0000105d     ......@.....]...
	...
20014b00:	8e172006 30000000 000000c0 00000000     . .....0........
	...
20014b40:	b5000000 00404375 ad349200 00000c09     ....uC@...4.....
20014b50:	0180dea0 02610004 000010ed 000c0301     ......a.........
	...
20014b98:	26720100 0c000004 10005b86 4d020000     ..r&.....[.....M
20014ba8:	202000b8 00362081 00000000 0000c030     ..  . 6.....0...
	...
20014bec:	21000000 00002000 34920000 00000d90     ...!. .....4....
20014bfc:	96031000 28000000 88784f62 0c030100     .......(bOx.....
	...
20014c44:	00000200 00000040 584d840c 200000f0     ....@.....MX... 
20014c54:	00400500 00890500 00119b0f 00c03000     ..@..........0..
	...
20014c94:	10800800 40080000 00b05908 92000100     .......@.Y......
20014ca4:	0080a535 0420008c 30704000 006b3028     5..... ..@p0(0k.
20014cb4:	03010000 0000000c 00000000 00000000     ................
	...
20014cec:	00e00080 40004801 00281492 5d840c20     .....H.@..(. ..]
20014cfc:	c004a0f9 03780020 83040380 009c837d     .... .x.....}...
20014d0c:	c030000c 00000000 00000000 00000000     ..0.............
	...
20014d48:	25002100 00000040 80903c92 00000000     .!.%@....<......
20014d58:	00020090 6ad00100 0100f000 00000c03     .......j........
	...
20014d9c:	021c0000 60460000 840c7000 01c0394b     ......F`.p..K9..
20014dac:	00002400 00040000 8bd7b71e 30001040     .$..........@..0
20014dbc:	000000c0 00000000 00000000 00000000     ................
	...
20014df0:	04000000 0d200000 00400300 ab2c9208     ...... ...@...,.
20014e00:	00001c00 00000000 76230800 000800ed     ..........#v....
20014e10:	000c0301 00000000 00000000 00000000     ................
	...
20014e48:	00800000 04004002 0c000064 e0d85984     .....@..d....Y..
20014e58:	00000000 0006c001 05b63b85 00004000     .........;...@..
20014e68:	0000c030 00000000 00000000 00000000     0...............
	...
20014ea0:	20000000 00000005 05920000 004000cf     ... ..........@.
20014eb0:	c4fb0800 10000120 80001080 0c030104     .... ...........
	...
20014ef8:	0040020c 30000000 9058840c 00c00000     ..@....0..X.....
20014f08:	28e6aec7 01800003 000018c0 00c03000     ...(.........0..
	...
20014f48:	c00d0800 00000000 03000022 920000c0     ........".......
20014f58:	001ee134 18750000 00700004 704efe00     4.....u...p...Np
20014f68:	03010000 0000000c 00000000 00000000     ................
	...
20014f9c:	01000000 1c00d480 00020000 00000007     ................
20014fac:	4e860c00 0000f001 00785507 06000000     ...N.....Ux.....
20014fbc:	00009895 c0300000 00000000 00000000     ......0.........
	...
20014ffc:	24002100 00000040 00c72d92 48000000     .!.$@....-.....H
2001500c:	0100b4d2 4d0a210e 0100e818 00000c03     .....!.M........
	...
20015050:	02000000 60040000 840c0000 0000805c     .......`....\...
20015060:	80450800 01001006 81b70009 30000000     ..E............0
20015070:	000000c0 00000000 00000000 00000000     ................
	...
200150a8:	00212000 0007c023 c12d9200 0000001d     . !.#.....-.....
200150b8:	00000a00 80100000 00007910 000c0301     .........y......
	...
20015100:	40000002 0c000000 f0114e84 05050000     ...@.....N......
20015110:	100200f4 c1008000 0000141c 0000c030     ............0...
	...
20015154:	20000000 00000001 25920000 000000f0     ... .......%....
20015164:	14542402 00000020 b008e815 0c030140     .$T. .......@...
	...
200151ac:	80400200 00000006 505f860c 22000000     ..@......._P..."
200151bc:	c0437948 26010000 00000087 00c03000     HyC....&.....0..
	...
20015200:	40c0a400 02280021 92000180 000de314     ...@!.(.........
20015210:	ff400208 10003d7c 014cd702 038100b8     ..@.|=....L.....
20015220:	0000000c 00000000 00000000 00000000     ................
	...
20015254:	01000000 00020c80 006c0000 4a840c20     ..........l. ..J
20015264:	8000d0d9 03242f28 2e0003a8 4418b036     ....(/$.....6..D
20015274:	c030000c 00000000 00000000 00000000     ..0.............
	...
200152b0:	80002000 00008002 8ff33592 a0020000     . .......5......
200152c0:	002c000c c0000000 01000010 00000c03     ..,.............
	...
20015304:	02100000 6c005808 840c7000 0100b84b     .....X.l.p..K...
20015314:	f8052a00 80040000 1c080090 30001000     .*.............0
20015324:	000000c0 00000000 00000000 00000000     ................
	...
2001535c:	2b010000 000000b4 ef859000 02000000     ...+............
2001536c:	3e80ff02 28000005 08a05120 000c0301     ...>...( Q......
	...
200153b4:	d63b4000 0c000000 a0b90892 1f240000     .@;...........$.
200153c4:	00104025 a19c0200 00400109 0000c030     %@........@.0...
	...
20015408:	01000000 0000a00d ac920000 00000ea1     ................
20015418:	c0be9600 69040038 f4086868 0c030100     ....8..ihh......
	...
20015460:	18200000 30000000 d8db1e09 09c00010     .. ....0........
20015470:	00006871 76800003 0c000187 00c03000     qh.....v.....0..
	...
200154b8:	42423508 15001008 0800d0ee d7000080     .5BB............
200154c8:	000001c4 f0496301 0301c0d1 0000000c     .....cI.........
	...
2001550c:	83000000 0220a0f3 deca0300 0004c059     ...... .....Y...
2001551c:	e72b0d02 000000a8 001be817 c0300000     ..+...........0.
	...
20015564:	a8000f00 00000020 80d71f12 03000000     .... ...........
20015574:	30003cb0 c8f10300 0110ea10 00000c03     .<.0............
	...
200155bc:	00945350 4a000000 00e0d0ec 00370000     PS.....J......7.
200155cc:	00000006 19b80e16 30008000 000000c0     ...........0....
	...
2001560c:	04000000 00000000 00004000 0f5c2000     .........@... \.
2001561c:	00000008 001e0000 91000400 0884005e     ............^...
2001562c:	000c0301 00000000 00000000 00000000     ................
	...
20015664:	00a00000 20000000 02000000 10b81c04     ....... ........
20015674:	00000000 1000e002 e0200021 0040a101     ........!. ...@.
20015684:	0000c030 00000000 00000000 00000000     0...............
	...
200156c0:	80023825 d7b98000 00000890 420b5000     %8...........P.B
200156d0:	00000028 80006c61 0c030100 00000000     (...al..........
	...
20015714:	d8010000 00006400 01eebf0a 00000090     .....d..........
20015724:	00403807 1e080000 800009d1 00c03000     .8@..........0..
	...
2001576c:	c3410022 812001c0 0000b09d 78040004     ".A... ........x
2001577c:	0a503824 014d940a 030100b0 0000000c     $8P...M.........
	...
200157c0:	00020000 00001e07 fe080820 c0000058     ........ ...X...
200157d0:	00aa4100 80801300 001c9766 c030000c     .A......f.....0.
	...
2001581c:	20000040 00a08196 01820000 0000805f     @.. ........_...
2001582c:	00000000 0108c001 00000c03 00000000     ................
	...
20015870:	00200000 00187000 0100000b 751b2a01     .. ..p.......*.u
20015880:	000400c0 0b000000 30005000 000000c0     .........P.0....
	...
200158c4:	00210800 10000034 d02e3300 00000000     ..!.4....3......
200158d4:	0054fb52 61300c02 40a9d15e 000c0301     R.T...0a^..@....
	...
2001591c:	00000002 02000278 0050de3a 07020000     ....x...:.P.....
2001592c:	10000074 e0a01081 0000100f 0000c030     t...........0...
	...
20015970:	0e000000 0000600d 87848000 000008c7     .....`..........
20015980:	3e000000 03001001 fa00c8f1 0c030108     ...>............
	...
200159c8:	da300000 30000080 d8df0608 00c00010     ..0....0........
200159d8:	00c60100 06160103 00400187 00c03000     ..........@..0..
	...
20015a20:	006c5005 00001000 008f0000 00000000     .Pl.............
20015a30:	00000100 0068d011 0301c090 0000000c     ......h.........
	...
20015a74:	f5000000 02008056 00000000 00041078     ....V.......x...
20015a84:	00000000 1e000020 800fc0b4 c0300000     .... .........0.
	...
20015acc:	30002000 00000042 1deb8302 8f000000     . .0B...........
20015adc:	0201c03f cd110200 0108f000 00000c03     ?...............
	...
20015b20:	82000000 0420370a 80020000 00f081ee     .....7 .........
20015b30:	b45f0a00 81000007 81876408 30000015     .._......d.....0
20015b40:	000000c0 00000000 00000000 00000000     ................
	...
20015b78:	550a0000 102002e8 d7010000 02000000     ...U.. .........
20015b88:	382c0210 cc000050 080409c0 000c0301     ..,8P...........
	...
20015bd0:	405e2100 00005265 0000df3d 00200000     .!^@eR..=..... .
20015be0:	0040e003 a7257380 0000a118 0000c030     ..@..s%.....0...
	...
20015c28:	c0c70300 5f020000 000000f0 40530502     ......._......S@
20015c38:	00020200 d20040cd 0c030100 00000000     .....@..........
	...
20015c80:	00003800 00dd1100 6a000000 0000b047     .8.........jG...
20015c90:	25730040 000001c0 00c03000 00000000     @.s%.....0......
	...
20015cd4:	23000000 06005188 0000052c bb9a0004     ...#.Q..,.......
20015ce4:	12002cc0 58d0cf00 03014005 0000000c     .,.....X.@......
	...
20015d2c:	507c1c00 0e620030 c0000a80 00f42709     ..|P0.b......'..
20015d3c:	73000300 2000c725 c0300080 00000000     ...s%.. ..0.....
	...
20015d80:	e3090100 800000e0 00b0cda0 00000000     ................
20015d90:	54000000 40ce0002 0100b000 00000c03     ...T...@........
	...
20015dd8:	001c9604 02094000 018001fe 00000000     .....@..........
20015de8:	00240000 0ee72473 30000000 000000c0     ..$.s$.....0....
	...
20015e2c:	5b020000 000040a9 d03c8920 02010000     ...[.@.. .<.....
20015e3c:	2c000f0a cfa00070 08940040 000c0301     ...,p...@.......
	...
20015e84:	a09ea500 08000078 0800fc17 03ea2000     ....x........ ..
20015e94:	00000078 80057300 0040a10a 0000c030     x....s....@.0...
	...
20015ee0:	00088000 00000000 00000000 00000000     ................
20015ef0:	e039d0cf 0c030100 00000000 00000000     ..9.............
	...
20015f38:	000a0008 00000000 00000000 25738000     ..............s%
20015f48:	00a088cf 00c03000 00000000 00000000     .....0..........
	...
20015f94:	1ca40001 0200000c 00c0cf00 0301c8f9     ................
20015fa4:	0000000c 00000000 00000000 00000000     ................
	...
20015fec:	c0334f0a 73000000 0101c025 c0300000     .O3....s%.....0.
	...
20016040:	10000200 00008202 c0ce0000 0100e079     ............y...
20016050:	00000c03 00000000 00000000 00000000     ................
	...
20016094:	00001000 05002000 200000c0 1dc12573     ..... ..... s%..
200160a4:	30000000 000000c0 00000000 00000000     ...0............
	...
200160e8:	0b000000 08000000 0002580c cd000002     .........X......
200160f8:	080400d0 000c0301 00000000 00000000     ................
	...
20016140:	00800000 cb000000 5000c281 80257320     ...........P s%.
20016150:	0040a000 0000c030 00000000 00000000     ..@.0...........
	...
20016194:	14002000 02000000 00031000 00000034     . ..........4...
200161a4:	0009d0cd 0c030100 00000000 00000000     ................
	...
200161ec:	00000009 20000008 c0070000 25738050     ....... ....P.s%
200161fc:	00009ca3 00c03000 00000000 00000000     .....0..........
	...
20016240:	08200000 000d0001 04200009 30000000     .. ....... ....0
20016250:	0050cd00 0301c001 0000000c 00000000     ..P.............
	...
20016298:	1c000800 c000d071 00700020 73000300     ....q... .p....s
200162a8:	00008024 c0300000 00000000 00000000     $.....0.........
	...
200162ec:	01000000 00000200 00000040 00280000     ........@.....(.
200162fc:	d0cd0000 0100e070 00000c03 00000000     ....p...........
	...
20016344:	21080000 01080040 00000000 00040000     ...!@...........
20016354:	0f870573 30000000 000000c0 00000000     s......0........
	...
200163a4:	01000000 cca00000 00040040 000c0301     ........@.......
	...
200163fc:	00200000 87257300 0080a080 80007200     .. ..s%......r..
2001640c:	00820011 9f006200 00000301 00000000     .....b..........
	...
20016e18:	62800082 03019f00 00000000 00000000     ...b............
	...
20017820:	01110000 62000082 03014f00 00000000     .......b.O......
	...
20017d2c:	00820000 4f006280 00000301 00000000     .....b.O........
	...
20018238:	00820211 9f006200 00000301 00000000     .....b..........
	...
20018c44:	62800082 03019f00 00000000 00000000     ...b............
	...
2001964c:	03110000 62000082 03014f00 00000000     .......b.O......
	...
20019b58:	00820000 4f006280 00000301 00000000     .....b.O........
	...
2001a064:	01ec8b22                                 ".....

2001a06a <striped_spin_lock_num>:
2001a06a:	                                         ..

2001a06c <default_alarm_pool>:
	...
2001a080:	2001a100                                ... 

2001a084 <irq_handler_chain_slots>:
2001a084:	00000000 	.word	0x00000000
2001a088:	00010000 	.word	0x00010000
	...
2001a094:	00020000 	.word	0x00020000
	...
2001a0a0:	00030000 	.word	0x00030000
	...
2001a0ac:	00ff0000 	.word	0x00ff0000
2001a0b0:	00000000 	.word	0x00000000

2001a0b4 <irq_handler_chain_first_slot>:
2001a0b4:	b501      	push	{r0, lr}
2001a0b6:	6848      	ldr	r0, [r1, #4]
2001a0b8:	3101      	adds	r1, #1
2001a0ba:	468e      	mov	lr, r1
2001a0bc:	4700      	bx	r0

2001a0be <irq_handler_chain_remove_tail>:
2001a0be:	4670      	mov	r0, lr
2001a0c0:	3809      	subs	r0, #9
2001a0c2:	4901      	ldr	r1, [pc, #4]	@ (2001a0c8 <irq_handler_chain_remove_tail+0xa>)
2001a0c4:	4788      	blx	r1
2001a0c6:	bd01      	pop	{r0, pc}
2001a0c8:	100020e5 	.word	0x100020e5

2001a0cc <_usbd_qdef>:
2001a0cc:	0000000c 2001a48c 000000c0 00000000     ....... ........
	...

2001a0ec <_usbd_rhport>:
2001a0ec:	000000ff                                ....

2001a0f0 <malloc_mutex>:
	...

2001a0f8 <print_mutex>:
	...
